context,map,outer_group,candidate,training_base_weight,median_effective_weight,minimum_effective_weight,maximum_effective_weight,nonzero_wells,test_wells
repeated:v1:0,v1,0,visible_fixed_0p10,0.05,0.1,0.1,0.1,159,159
repeated:v1:1,v1,1,visible_fixed_0p10,0.05,0.1,0.1,0.1,156,156
repeated:v1:2,v1,2,visible_fixed_0p10,0.05,0.1,0.1,0.1,154,154
repeated:v1:3,v1,3,visible_fixed_0p10,0.05,0.1,0.1,0.1,151,151
repeated:v1:4,v1,4,visible_fixed_0p10,0.05,0.1,0.1,0.1,153,153
repeated:v2:0,v2,0,visible_fixed_0p10,0.05,0.1,0.1,0.1,151,151
repeated:v2:1,v2,1,visible_fixed_0p10,0.05,0.1,0.1,0.1,154,154
repeated:v2:2,v2,2,visible_fixed_0p10,0.05,0.1,0.1,0.1,160,160
repeated:v2:3,v2,3,visible_fixed_0p10,0.1,0.1,0.1,0.1,156,156
repeated:v2:4,v2,4,visible_fixed_0p10,0.05,0.1,0.1,0.1,152,152
repeated:v3:0,v3,0,visible_fixed_0p10,0.05,0.1,0.1,0.1,148,148
repeated:v3:1,v3,1,visible_fixed_0p10,0,0.1,0.1,0.1,153,153
repeated:v3:2,v3,2,visible_fixed_0p10,0.05,0.1,0.1,0.1,155,155
repeated:v3:3,v3,3,visible_fixed_0p10,0.05,0.1,0.1,0.1,158,158
repeated:v3:4,v3,4,visible_fixed_0p10,0,0.1,0.1,0.1,159,159
repeated:v4:0,v4,0,visible_fixed_0p10,0.05,0.1,0.1,0.1,154,154
repeated:v4:1,v4,1,visible_fixed_0p10,0.05,0.1,0.1,0.1,156,156
repeated:v4:2,v4,2,visible_fixed_0p10,0.1,0.1,0.1,0.1,153,153
repeated:v4:3,v4,3,visible_fixed_0p10,0.05,0.1,0.1,0.1,152,152
repeated:v4:4,v4,4,visible_fixed_0p10,0.05,0.1,0.1,0.1,158,158
repeated:v5:0,v5,0,visible_fixed_0p10,0.05,0.1,0.1,0.1,153,153
repeated:v5:1,v5,1,visible_fixed_0p10,0.05,0.1,0.1,0.1,157,157
repeated:v5:2,v5,2,visible_fixed_0p10,0.05,0.1,0.1,0.1,159,159
repeated:v5:3,v5,3,visible_fixed_0p10,0,0.1,0.1,0.1,151,151
repeated:v5:4,v5,4,visible_fixed_0p10,0.1,0.1,0.1,0.1,153,153
repeated:v1:0,v1,0,crossfit_conservative,0.05,0.05,0.05,0.05,159,159
repeated:v1:1,v1,1,crossfit_conservative,0.05,0.05,0.05,0.05,156,156
repeated:v1:2,v1,2,crossfit_conservative,0.05,0.05,0.05,0.05,154,154
repeated:v1:3,v1,3,crossfit_conservative,0.05,0.05,0.05,0.05,151,151
repeated:v1:4,v1,4,crossfit_conservative,0.05,0.05,0.05,0.05,153,153
repeated:v2:0,v2,0,crossfit_conservative,0.05,0.05,0.05,0.05,151,151
repeated:v2:1,v2,1,crossfit_conservative,0.05,0.05,0.05,0.05,154,154
repeated:v2:2,v2,2,crossfit_conservative,0.05,0.05,0.05,0.05,160,160
repeated:v2:3,v2,3,crossfit_conservative,0.1,0.1,0.1,0.1,156,156
repeated:v2:4,v2,4,crossfit_conservative,0.05,0.05,0.05,0.05,152,152
repeated:v3:0,v3,0,crossfit_conservative,0.05,0.05,0.05,0.05,148,148
repeated:v3:1,v3,1,crossfit_conservative,0,0,0,0,0,153
repeated:v3:2,v3,2,crossfit_conservative,0.05,0.05,0.05,0.05,155,155
repeated:v3:3,v3,3,crossfit_conservative,0.05,0.05,0.05,0.05,158,158
repeated:v3:4,v3,4,crossfit_conservative,0,0,0,0,0,159
repeated:v4:0,v4,0,crossfit_conservative,0.05,0.05,0.05,0.05,154,154
repeated:v4:1,v4,1,crossfit_conservative,0.05,0.05,0.05,0.05,156,156
repeated:v4:2,v4,2,crossfit_conservative,0.1,0.1,0.1,0.1,153,153
repeated:v4:3,v4,3,crossfit_conservative,0.05,0.05,0.05,0.05,152,152
repeated:v4:4,v4,4,crossfit_conservative,0.05,0.05,0.05,0.05,158,158
repeated:v5:0,v5,0,crossfit_conservative,0.05,0.05,0.05,0.05,153,153
repeated:v5:1,v5,1,crossfit_conservative,0.05,0.05,0.05,0.05,157,157
repeated:v5:2,v5,2,crossfit_conservative,0.05,0.05,0.05,0.05,159,159
repeated:v5:3,v5,3,crossfit_conservative,0,0,0,0,0,151
repeated:v5:4,v5,4,crossfit_conservative,0.1,0.1,0.1,0.1,153,153
repeated:v1:0,v1,0,crossfit_reliability_shrink,0.05,0.025795269168,0.00687194127243,0.043984502447,159,159
repeated:v1:1,v1,1,crossfit_reliability_shrink,0.05,0.025101461039,0.00284090909091,0.040036525974,156,156
repeated:v1:2,v1,2,crossfit_reliability_shrink,0.05,0.0253438511327,0.00147653721683,0.0435477346278,154,154
repeated:v1:3,v1,3,crossfit_reliability_shrink,0.05,0.0257447665056,0.00656199677939,0.0441425120773,151,151
repeated:v1:4,v1,4,crossfit_reliability_shrink,0.05,0.0257471728595,0.00399838449111,0.0423263327948,153,153
repeated:v2:0,v2,0,crossfit_reliability_shrink,0.05,0.0249798711755,0.00386473429952,0.0403985507246,151,151
repeated:v2:1,v2,1,crossfit_reliability_shrink,0.05,0.0261427993528,0.00196197411003,0.0441343042071,154,154
repeated:v2:2,v2,2,crossfit_reliability_shrink,0.05,0.0246017156863,0.0015931372549,0.0422181372549,160,160
repeated:v2:3,v2,3,crossfit_reliability_shrink,0.1,0.0522118506494,0.00551948051948,0.0873376623377,156,156
repeated:v2:4,v2,4,crossfit_reliability_shrink,0.05,0.0258366935484,0.005625,0.0397983870968,152,152
repeated:v3:0,v3,0,crossfit_reliability_shrink,0.05,0.0260817307692,0.00402644230769,0.0422075320513,148,148
repeated:v3:1,v3,1,crossfit_reliability_shrink,0,0,0,0,0,153
repeated:v3:2,v3,2,crossfit_reliability_shrink,0.05,0.0259927066451,0.00196515397083,0.0439222042139,155,155
repeated:v3:3,v3,3,crossfit_reliability_shrink,0.05,0.0244096091205,0.00563925081433,0.0418566775244,158,158
repeated:v3:4,v3,4,crossfit_reliability_shrink,0,0,0,0,0,159
repeated:v4:0,v4,0,crossfit_reliability_shrink,0.05,0.0256775889968,0.00774676375405,0.0440938511327,154,154
repeated:v4:1,v4,1,crossfit_reliability_shrink,0.05,0.0247767857143,0.00123782467532,0.0419642857143,156,156
repeated:v4:2,v4,2,crossfit_reliability_shrink,0.1,0.0516558966074,0.0105815831987,0.0867932148627,153,153
repeated:v4:3,v4,3,crossfit_reliability_shrink,0.05,0.0256955645161,0.00185483870968,0.0391532258065,152,152
repeated:v4:4,v4,4,crossfit_reliability_shrink,0.05,0.025967019544,0.00282980456026,0.0440553745928,158,158
repeated:v5:0,v5,0,crossfit_reliability_shrink,0.05,0.0261712439418,0.00197899838449,0.0418416801292,153,153
repeated:v5:1,v5,1,crossfit_reliability_shrink,0.05,0.0246341463415,0.00270325203252,0.0440040650407,157,157
repeated:v5:2,v5,2,crossfit_reliability_shrink,0.05,0.0258768352365,0.0040986949429,0.0407422512235,159,159
repeated:v5:3,v5,3,crossfit_reliability_shrink,0,0,0,0,0,151
repeated:v5:4,v5,4,crossfit_reliability_shrink,0.1,0.0521001615509,0.0122778675283,0.0872778675283,153,153
repeated:v1:0,v1,0,crossfit_positive_gate,0.05,0,0,0.05,50,159
repeated:v1:1,v1,1,crossfit_positive_gate,0.05,0,0,0.05,58,156
repeated:v1:2,v1,2,crossfit_positive_gate,0.05,0,0,0.05,56,154
repeated:v1:3,v1,3,crossfit_positive_gate,0.05,0,0,0.05,59,151
repeated:v1:4,v1,4,crossfit_positive_gate,0.05,0,0,0.05,49,153
repeated:v2:0,v2,0,crossfit_positive_gate,0.05,0,0,0.05,49,151
repeated:v2:1,v2,1,crossfit_positive_gate,0.05,0,0,0.05,59,154
repeated:v2:2,v2,2,crossfit_positive_gate,0.05,0,0,0.05,49,160
repeated:v2:3,v2,3,crossfit_positive_gate,0.1,0,0,0.1,55,156
repeated:v2:4,v2,4,crossfit_positive_gate,0.05,0,0,0.05,62,152
repeated:v3:0,v3,0,crossfit_positive_gate,0.05,0,0,0.05,54,148
repeated:v3:1,v3,1,crossfit_positive_gate,0,0,0,0,0,153
repeated:v3:2,v3,2,crossfit_positive_gate,0.05,0,0,0.05,57,155
repeated:v3:3,v3,3,crossfit_positive_gate,0.05,0,0,0.05,46,158
repeated:v3:4,v3,4,crossfit_positive_gate,0,0,0,0,0,159
repeated:v4:0,v4,0,crossfit_positive_gate,0.05,0,0,0.05,58,154
repeated:v4:1,v4,1,crossfit_positive_gate,0.05,0,0,0.05,46,156
repeated:v4:2,v4,2,crossfit_positive_gate,0.1,0,0,0.1,51,153
repeated:v4:3,v4,3,crossfit_positive_gate,0.05,0,0,0.05,52,152
repeated:v4:4,v4,4,crossfit_positive_gate,0.05,0,0,0.05,67,158
repeated:v5:0,v5,0,crossfit_positive_gate,0.05,0,0,0.05,46,153
repeated:v5:1,v5,1,crossfit_positive_gate,0.05,0,0,0.05,50,157
repeated:v5:2,v5,2,crossfit_positive_gate,0.05,0,0,0.05,61,159
repeated:v5:3,v5,3,crossfit_positive_gate,0,0,0,0,0,151
repeated:v5:4,v5,4,crossfit_positive_gate,0.1,0,0,0.1,63,153
