map,branch,weight,candidate,rows_scored,wells_scored,sse,rmse,median_well_rmse,p90_well_rmse,p95_well_rmse,max_well_rmse,worst_5pct_sse_share,worst_10pct_sse_share
v1,history_latest_identity,0.25,history_latest_identity__w0.25,3783989,773,1816827242.444106,21.911993177579053,19.095806802146114,30.376101324649493,35.58149770067574,58.96172647357913,0.20135879105567692,0.3184439167579299
v1,history_latest_identity,0.5,history_latest_identity__w0.50,3783989,773,5495225029.542438,38.108144921047135,36.42673173314549,48.7985843800641,54.54720934679276,78.47864948415854,0.1435796601103994,0.24101867276825437
v1,history_latest_identity,0.75,history_latest_identity__w0.75,3783989,773,11631252922.47759,55.4419270635642,54.19988196000375,67.6964705602836,73.7595691981387,98.96878416987892,0.12372538693008961,0.21136161378237023
v1,history_latest_identity,1.0,history_latest_identity__w1.00,3783989,773,20224910921.24957,73.10858463004465,72.36778247754835,86.86789192260684,93.1053801165181,123.36425106724246,0.11413649424706,0.19709071887908675
v2,history_latest_identity,0.25,history_latest_identity__w0.25,3783989,773,1816827242.444106,21.911993177579053,19.095806802146114,30.376101324649493,35.58149770067574,58.96172647357913,0.20135879105567692,0.3184439167579299
v2,history_latest_identity,0.5,history_latest_identity__w0.50,3783989,773,5495225029.542438,38.108144921047135,36.42673173314549,48.7985843800641,54.54720934679276,78.47864948415854,0.1435796601103994,0.24101867276825437
v2,history_latest_identity,0.75,history_latest_identity__w0.75,3783989,773,11631252922.47759,55.4419270635642,54.19988196000375,67.6964705602836,73.7595691981387,98.96878416987892,0.12372538693008961,0.21136161378237023
v2,history_latest_identity,1.0,history_latest_identity__w1.00,3783989,773,20224910921.24957,73.10858463004465,72.36778247754835,86.86789192260684,93.1053801165181,123.36425106724246,0.11413649424706,0.19709071887908675
v3,history_latest_identity,0.25,history_latest_identity__w0.25,3783989,773,1816827242.444106,21.911993177579053,19.095806802146114,30.376101324649493,35.58149770067574,58.96172647357913,0.20135879105567692,0.3184439167579299
v3,history_latest_identity,0.5,history_latest_identity__w0.50,3783989,773,5495225029.542438,38.108144921047135,36.42673173314549,48.7985843800641,54.54720934679276,78.47864948415854,0.1435796601103994,0.24101867276825437
v3,history_latest_identity,0.75,history_latest_identity__w0.75,3783989,773,11631252922.47759,55.4419270635642,54.19988196000375,67.6964705602836,73.7595691981387,98.96878416987892,0.12372538693008961,0.21136161378237023
v3,history_latest_identity,1.0,history_latest_identity__w1.00,3783989,773,20224910921.24957,73.10858463004465,72.36778247754835,86.86789192260684,93.1053801165181,123.36425106724246,0.11413649424706,0.19709071887908675
v4,history_latest_identity,0.25,history_latest_identity__w0.25,3783989,773,1816827242.444106,21.911993177579053,19.095806802146114,30.376101324649493,35.58149770067574,58.96172647357913,0.20135879105567692,0.3184439167579299
v4,history_latest_identity,0.5,history_latest_identity__w0.50,3783989,773,5495225029.542438,38.108144921047135,36.42673173314549,48.7985843800641,54.54720934679276,78.47864948415854,0.1435796601103994,0.24101867276825437
v4,history_latest_identity,0.75,history_latest_identity__w0.75,3783989,773,11631252922.47759,55.4419270635642,54.19988196000375,67.6964705602836,73.7595691981387,98.96878416987892,0.12372538693008961,0.21136161378237023
v4,history_latest_identity,1.0,history_latest_identity__w1.00,3783989,773,20224910921.24957,73.10858463004465,72.36778247754835,86.86789192260684,93.1053801165181,123.36425106724246,0.11413649424706,0.19709071887908675
v5,history_latest_identity,0.25,history_latest_identity__w0.25,3783989,773,1816827242.444106,21.911993177579053,19.095806802146114,30.376101324649493,35.58149770067574,58.96172647357913,0.20135879105567692,0.3184439167579299
v5,history_latest_identity,0.5,history_latest_identity__w0.50,3783989,773,5495225029.542438,38.108144921047135,36.42673173314549,48.7985843800641,54.54720934679276,78.47864948415854,0.1435796601103994,0.24101867276825437
v5,history_latest_identity,0.75,history_latest_identity__w0.75,3783989,773,11631252922.47759,55.4419270635642,54.19988196000375,67.6964705602836,73.7595691981387,98.96878416987892,0.12372538693008961,0.21136161378237023
v5,history_latest_identity,1.0,history_latest_identity__w1.00,3783989,773,20224910921.24957,73.10858463004465,72.36778247754835,86.86789192260684,93.1053801165181,123.36425106724246,0.11413649424706,0.19709071887908675
v1,history_log_extrapolation,0.25,history_log_extrapolation__w0.25,3783989,773,1816785765.1174695,21.911743055810653,19.095806802146114,30.376101324649493,35.58149770067574,58.96172647357913,0.20136338808880438,0.31845118685141277
v1,history_log_extrapolation,0.5,history_log_extrapolation__w0.50,3783989,773,5494957676.475881,38.10721789319349,36.42673173314549,48.7985843800641,54.54720934679276,78.47864948415854,0.14358664587165285,0.24103039935198
v1,history_log_extrapolation,0.75,history_log_extrapolation__w0.75,3783989,773,11630575295.25783,55.44031203952746,54.19988196000375,67.6964705602836,73.7595691981387,98.96878416987892,0.12373259548923916,0.21137392825341536
v1,history_log_extrapolation,1.0,history_log_extrapolation__w1.00,3783989,773,20223638621.463318,73.10628505256172,72.36778247754835,86.86789192260684,93.1053801165181,123.36425106724246,0.11414367474706556,0.19710311815521087
v2,history_log_extrapolation,0.25,history_log_extrapolation__w0.25,3783989,773,1816785765.1174695,21.911743055810653,19.095806802146114,30.376101324649493,35.58149770067574,58.96172647357913,0.20136338808880438,0.31845118685141277
v2,history_log_extrapolation,0.5,history_log_extrapolation__w0.50,3783989,773,5494957676.475881,38.10721789319349,36.42673173314549,48.7985843800641,54.54720934679276,78.47864948415854,0.14358664587165285,0.24103039935198
v2,history_log_extrapolation,0.75,history_log_extrapolation__w0.75,3783989,773,11630575295.25783,55.44031203952746,54.19988196000375,67.6964705602836,73.7595691981387,98.96878416987892,0.12373259548923916,0.21137392825341536
v2,history_log_extrapolation,1.0,history_log_extrapolation__w1.00,3783989,773,20223638621.463318,73.10628505256172,72.36778247754835,86.86789192260684,93.1053801165181,123.36425106724246,0.11414367474706556,0.19710311815521087
v3,history_log_extrapolation,0.25,history_log_extrapolation__w0.25,3783989,773,1816785765.1174695,21.911743055810653,19.095806802146114,30.376101324649493,35.58149770067574,58.96172647357913,0.20136338808880438,0.31845118685141277
v3,history_log_extrapolation,0.5,history_log_extrapolation__w0.50,3783989,773,5494957676.475881,38.10721789319349,36.42673173314549,48.7985843800641,54.54720934679276,78.47864948415854,0.14358664587165285,0.24103039935198
v3,history_log_extrapolation,0.75,history_log_extrapolation__w0.75,3783989,773,11630575295.25783,55.44031203952746,54.19988196000375,67.6964705602836,73.7595691981387,98.96878416987892,0.12373259548923916,0.21137392825341536
v3,history_log_extrapolation,1.0,history_log_extrapolation__w1.00,3783989,773,20223638621.463318,73.10628505256172,72.36778247754835,86.86789192260684,93.1053801165181,123.36425106724246,0.11414367474706556,0.19710311815521087
v4,history_log_extrapolation,0.25,history_log_extrapolation__w0.25,3783989,773,1816785765.1174695,21.911743055810653,19.095806802146114,30.376101324649493,35.58149770067574,58.96172647357913,0.20136338808880438,0.31845118685141277
v4,history_log_extrapolation,0.5,history_log_extrapolation__w0.50,3783989,773,5494957676.475881,38.10721789319349,36.42673173314549,48.7985843800641,54.54720934679276,78.47864948415854,0.14358664587165285,0.24103039935198
v4,history_log_extrapolation,0.75,history_log_extrapolation__w0.75,3783989,773,11630575295.25783,55.44031203952746,54.19988196000375,67.6964705602836,73.7595691981387,98.96878416987892,0.12373259548923916,0.21137392825341536
v4,history_log_extrapolation,1.0,history_log_extrapolation__w1.00,3783989,773,20223638621.463318,73.10628505256172,72.36778247754835,86.86789192260684,93.1053801165181,123.36425106724246,0.11414367474706556,0.19710311815521087
v5,history_log_extrapolation,0.25,history_log_extrapolation__w0.25,3783989,773,1816785765.1174695,21.911743055810653,19.095806802146114,30.376101324649493,35.58149770067574,58.96172647357913,0.20136338808880438,0.31845118685141277
v5,history_log_extrapolation,0.5,history_log_extrapolation__w0.50,3783989,773,5494957676.475881,38.10721789319349,36.42673173314549,48.7985843800641,54.54720934679276,78.47864948415854,0.14358664587165285,0.24103039935198
v5,history_log_extrapolation,0.75,history_log_extrapolation__w0.75,3783989,773,11630575295.25783,55.44031203952746,54.19988196000375,67.6964705602836,73.7595691981387,98.96878416987892,0.12373259548923916,0.21137392825341536
v5,history_log_extrapolation,1.0,history_log_extrapolation__w1.00,3783989,773,20223638621.463318,73.10628505256172,72.36778247754835,86.86789192260684,93.1053801165181,123.36425106724246,0.11414367474706556,0.19710311815521087
v1,ridge_original_combined_a10,0.25,ridge_original_combined_a10__w0.25,3783989,773,633772118.7974555,12.941709055935522,9.182944528589873,18.950911801616666,23.744971689610026,57.05791338890393,0.3288291541460675,0.4663273230087481
v1,ridge_original_combined_a10,0.5,ridge_original_combined_a10__w0.50,3783989,773,707768439.3556064,13.676364397615274,9.409952401741144,20.24634988000261,24.442978657616173,58.75737217303772,0.3407828587516468,0.47882991392793983
v1,ridge_original_combined_a10,0.75,ridge_original_combined_a10__w0.75,3783989,773,818048522.8570493,14.703292595110087,9.893446018990849,21.9251066119328,25.758366654208995,60.55100091970426,0.3528897089835316,0.49075122708503327
v1,ridge_original_combined_a10,1.0,ridge_original_combined_a10__w1.00,3783989,773,964612369.3017844,15.966196895055036,10.403539187141,23.69653204873247,29.59152326842738,67.98586376934448,0.36682839549502627,0.5053224794163674
v2,ridge_original_combined_a10,0.25,ridge_original_combined_a10__w0.25,3783989,773,630138198.4803319,12.904553155634755,9.173379030576413,18.931210542075124,23.531355297359063,56.64323065425332,0.32654547504091475,0.46569760945856026
v2,ridge_original_combined_a10,0.5,ridge_original_combined_a10__w0.50,3783989,773,698194770.9314278,13.583552427749648,9.387698733531685,20.34258220445814,24.37184907194451,57.91943427266527,0.33700767017814387,0.4772087715061531
v2,ridge_original_combined_a10,0.75,ridge_original_combined_a10__w0.75,3783989,773,800229278.5358845,14.542272753124086,9.818067506640979,21.63136503435776,25.893544463071347,59.28380606680338,0.3484166693371017,0.4865375268873712
v2,ridge_original_combined_a10,1.0,ridge_original_combined_a10__w1.00,3783989,773,936241721.2937019,15.729650121763624,10.38445290615553,22.971563674565665,28.91323361219634,62.29305820129484,0.3602067396830359,0.4966510266366171
v3,ridge_original_combined_a10,0.25,ridge_original_combined_a10__w0.25,3783989,773,630161714.2306607,12.904793942036639,9.238783783893256,19.147076445964327,23.01116210909416,55.934769235825144,0.3272319398802194,0.46470051966980763
v3,ridge_original_combined_a10,0.5,ridge_original_combined_a10__w0.50,3783989,773,699532443.6865165,13.596558578706217,9.513728709610954,20.053448089026446,24.081563734221096,56.51740700312203,0.3384616595594936,0.4752300130448496
v3,ridge_original_combined_a10,0.75,ridge_original_combined_a10__w0.75,3783989,773,804171749.5501642,14.578051278791902,9.824846954567711,21.25575282083737,25.929692137462812,60.00745157120583,0.3477464506851737,0.4837836279825779
v3,ridge_original_combined_a10,1.0,ridge_original_combined_a10__w1.00,3783989,773,944079631.8216039,15.795354646069688,10.485136993099523,23.511063949656997,28.651001813373043,68.9176015534925,0.35677640865195676,0.49355752626284644
v4,ridge_original_combined_a10,0.25,ridge_original_combined_a10__w0.25,3783989,773,633736038.1895375,12.941340665340261,9.17384935242741,18.99580742705207,23.586030098389827,56.854830843744196,0.3279196360536347,0.4648283891927776
v4,ridge_original_combined_a10,0.5,ridge_original_combined_a10__w0.50,3783989,773,707505457.9903436,13.673823338324006,9.366066866044283,20.4892818769653,25.100710972323085,58.31861693155692,0.3375820938094548,0.47663028471236174
v4,ridge_original_combined_a10,0.75,ridge_original_combined_a10__w0.75,3783989,773,817367820.5850146,14.697173980317038,9.913193374312735,21.56153814119043,27.111225633440963,59.84748675457593,0.34764741182600783,0.48777264155050665
v4,ridge_original_combined_a10,1.0,ridge_original_combined_a10__w1.00,3783989,773,963323125.9735509,15.955523594555938,10.627313347226139,23.59902362867157,29.781992357656208,63.513805945763664,0.35781885513973977,0.49957696764824
v5,ridge_original_combined_a10,0.25,ridge_original_combined_a10__w0.25,3783989,773,631039499.7918882,12.913778699095404,9.121533794827114,18.970034036935036,23.606100918363754,57.596042708599576,0.32917536147517157,0.46647970002839717
v5,ridge_original_combined_a10,0.5,ridge_original_combined_a10__w0.50,3783989,773,702088410.7542896,13.62137563287372,9.282128572583915,20.06141127293913,24.613378566870995,59.84469877660741,0.3413108523883409,0.4786026143249937
v5,ridge_original_combined_a10,0.75,ridge_original_combined_a10__w0.75,3783989,773,809206294.0698009,14.623613271749946,9.811354658378244,21.213980533922282,26.73625070225477,62.19489775808428,0.3517128310567833,0.48932995402809903
v5,ridge_original_combined_a10,1.0,ridge_original_combined_a10__w1.00,3783989,773,952393149.7384219,15.864748761287581,10.54752280345823,23.59388006219681,29.929297527548204,67.62698706547395,0.36307022552630114,0.5004801421086609
v1,ridge_masks_combined_a10,0.25,ridge_masks_combined_a10__w0.25,3783989,773,620155400.8247765,12.801926590187344,9.127013702326055,18.74043202867939,23.14809565940045,53.65603042191454,0.3306575796818865,0.4677490617917586
v1,ridge_masks_combined_a10,0.5,ridge_masks_combined_a10__w0.50,3783989,773,676716498.6499391,13.372987843889941,9.29901978608839,19.259723998720172,23.837031855591338,52.30962630141708,0.34724183777171325,0.48518320801943343
v1,ridge_masks_combined_a10,0.75,ridge_masks_combined_a10__w0.75,3783989,773,765742854.6580845,14.225467371957981,9.535688024732183,20.976730420319814,26.050963972227294,61.80939857685158,0.36092798893473615,0.5003897779236506
v1,ridge_masks_combined_a10,1.0,ridge_masks_combined_a10__w1.00,3783989,773,887234468.8492126,15.312435425300073,10.001689525211651,22.169488429164705,28.749469813797518,71.32772610499076,0.37214008752989486,0.5149844948560931
v2,ridge_masks_combined_a10,0.25,ridge_masks_combined_a10__w0.25,3783989,773,616849052.3272717,12.76775434976423,9.128311648525987,18.299797006572707,23.250553782307676,53.84456658451289,0.3294195290713273,0.46672973260689565
v2,ridge_masks_combined_a10,0.5,ridge_masks_combined_a10__w0.50,3783989,773,668310350.2517586,13.289668898204495,9.180792484924995,19.20496649406856,23.56160290082793,52.27503510853519,0.3443276897702536,0.4820384483172477
v2,ridge_masks_combined_a10,0.75,ridge_masks_combined_a10__w0.75,3783989,773,750443454.9560573,14.082639257530362,9.540149364607048,20.280978369790027,25.282601039256487,58.76768249913655,0.35615157683881304,0.49383528420260386
v2,ridge_masks_combined_a10,1.0,ridge_masks_combined_a10__w1.00,3783989,773,863248366.4401678,15.104033839918978,9.940290930875816,21.88587537875479,28.492339786735695,67.27460894333439,0.36907205354773404,0.5082723497946875
v3,ridge_masks_combined_a10,0.25,ridge_masks_combined_a10__w0.25,3783989,773,615501285.1474278,12.753798447583499,9.105468455832801,18.5444586471668,22.90571856180354,52.93917995681112,0.3279131086001261,0.46559106401815176
v3,ridge_masks_combined_a10,0.5,ridge_masks_combined_a10__w0.50,3783989,773,665691161.8468283,13.263601429707807,9.304182239535448,19.312711964318684,23.59873498130066,52.08147744690809,0.3422836698233467,0.48044871097224595
v3,ridge_masks_combined_a10,0.75,ridge_masks_combined_a10__w0.75,3783989,773,746629191.2807982,14.046804893906835,9.532237811389226,20.122810832103553,26.032828423419595,61.46306847249463,0.35241160843857045,0.49059052127591884
v3,ridge_masks_combined_a10,1.0,ridge_masks_combined_a10__w1.00,3783989,773,858315373.4493376,15.060816357873746,10.016301637743387,21.811475475087487,28.093257894496038,70.86204923970729,0.36053158433780585,0.5026693884662632
v4,ridge_masks_combined_a10,0.25,ridge_masks_combined_a10__w0.25,3783989,773,622481540.0912555,12.825913474590575,9.172795058089115,18.762770162145,23.180497207314332,56.88536870534071,0.33264862562738895,0.46894252845304774
v4,ridge_masks_combined_a10,0.5,ridge_masks_combined_a10__w0.50,3783989,773,682514233.7881099,13.430151873542897,9.265077903480616,19.16720994586424,24.11893506600155,58.356488337253225,0.34941021474534034,0.4854274030144124
v4,ridge_masks_combined_a10,0.75,ridge_masks_combined_a10__w0.75,3783989,773,776157642.2731596,14.321880192908505,9.621268092495429,20.35005042418358,25.722270486208956,59.87117398350107,0.36118512912578715,0.5019732943305544
v4,ridge_masks_combined_a10,1.0,ridge_masks_combined_a10__w1.00,3783989,773,903411765.546405,15.451403664343111,10.076475029088549,22.865965184065903,28.964614872735467,67.15514390395195,0.3744532541491825,0.5172905920775064
v5,ridge_masks_combined_a10,0.25,ridge_masks_combined_a10__w0.25,3783989,773,622777644.09478,12.828963647610642,9.137735933027898,18.721435427381774,22.985930834424405,56.99292630384632,0.33226773020101036,0.4684245264574561
v5,ridge_masks_combined_a10,0.5,ridge_masks_combined_a10__w0.50,3783989,773,683482869.7067481,13.4396786456619,9.273675727644711,19.72437159151233,23.95474001358103,58.59315528565184,0.3486542893722996,0.48329960841418823
v5,ridge_masks_combined_a10,0.75,ridge_masks_combined_a10__w0.75,3783989,773,778175238.018501,14.340482735062624,9.662053961144618,20.557743521943987,25.369087520983285,61.0155740861572,0.3595702553662581,0.4973019025818511
v5,ridge_masks_combined_a10,1.0,ridge_masks_combined_a10__w1.00,3783989,773,906854749.0300388,15.480819009329629,10.270950872372305,22.529549148286684,28.242800183827907,70.27115647803883,0.37259540640874983,0.511652276462646
v1,ridge_all_raw_a10_well_equal,0.25,ridge_all_raw_a10_well_equal__w0.25,3783989,773,619425585.4692595,12.794391548972587,9.021200125362343,18.68329103747283,23.097382252347487,54.8412355326161,0.3308037211930957,0.4667170678474455
v1,ridge_all_raw_a10_well_equal,0.5,ridge_all_raw_a10_well_equal__w0.50,3783989,773,674320528.9178834,13.349292776851227,9.315938626558374,19.294785706012025,23.76099306645034,54.275841830898024,0.34698535364593236,0.4837452641778529
v1,ridge_all_raw_a10_well_equal,0.75,ridge_all_raw_a10_well_equal__w0.75,3783989,773,760744391.5284685,14.178962274962421,9.634346038824047,20.629436644530315,25.64632204891744,61.46475556268816,0.36042133681190097,0.4980568162357115
v1,ridge_all_raw_a10_well_equal,1.0,ridge_all_raw_a10_well_equal__w1.00,3783989,773,878697173.3010147,15.238586409722085,10.048000049882257,21.81373673024125,28.56644337594274,70.86443369788833,0.3726860519874904,0.5109548075207248
v2,ridge_all_raw_a10_well_equal,0.25,ridge_all_raw_a10_well_equal__w0.25,3783989,773,616626274.0064923,12.765448570315057,9.022593101795545,18.47805320862339,22.985804712278124,54.97022291810664,0.3294789800660786,0.4659614316786828
v2,ridge_all_raw_a10_well_equal,0.5,ridge_all_raw_a10_well_equal__w0.50,3783989,773,667214560.3323925,13.27876927686659,9.25473473401347,19.485981541639298,23.501080946396083,54.513519467110655,0.34378626795735434,0.48125957287243926
v2,ridge_all_raw_a10_well_equal,0.75,ridge_all_raw_a10_well_equal__w0.75,3783989,773,747824420.1602976,14.058043694429394,9.625501149169494,19.898346407394094,25.327240787313908,58.68394403157316,0.35595505718621684,0.49300270375243066
v2,ridge_all_raw_a10_well_equal,1.0,ridge_all_raw_a10_well_equal__w1.00,3783989,773,858455853.4902076,15.062048805526047,10.09839772477172,21.551541609916796,27.798775536520708,67.15553730163019,0.3684009612420544,0.5048612286951367
v3,ridge_all_raw_a10_well_equal,0.25,ridge_all_raw_a10_well_equal__w0.25,3783989,773,615474365.8232639,12.75351954695651,9.088477628715488,18.567929306452683,22.547793260155167,54.025143928135456,0.3285893048573013,0.46501649022131364
v3,ridge_all_raw_a10_well_equal,0.5,ridge_all_raw_a10_well_equal__w0.50,3783989,773,665555524.4169449,13.262250103025144,9.2452055312318,19.163022288845063,23.541283413343276,52.62075432470403,0.34254221855544537,0.47975902393825215
v3,ridge_all_raw_a10_well_equal,0.75,ridge_all_raw_a10_well_equal__w0.75,3783989,773,746303036.96364,14.043736485549708,9.511421162921776,19.839437122606164,25.787702764718464,61.577474145160245,0.35349814992875694,0.4894800596956916
v3,ridge_all_raw_a10_well_equal,1.0,ridge_all_raw_a10_well_equal__w1.00,3783989,773,857716903.463349,15.05556478102733,10.05999578909098,21.542773246405112,28.13419012755472,71.01367748631644,0.3629499500878713,0.5010540136199253
v4,ridge_all_raw_a10_well_equal,0.25,ridge_all_raw_a10_well_equal__w0.25,3783989,773,620249624.7869434,12.802899090330394,9.099528555556535,18.58731048850194,23.095229816063743,55.51122907586332,0.3305550301029438,0.4666726296137524
v4,ridge_all_raw_a10_well_equal,0.5,ridge_all_raw_a10_well_equal__w0.50,3783989,773,677389727.3267088,13.379638221760514,9.28544246089093,19.039292742813082,23.989235779918243,55.5896563522136,0.3455935584740481,0.4818983357596795
v4,ridge_all_raw_a10_well_equal,0.75,ridge_all_raw_a10_well_equal__w0.75,3783989,773,767479868.801893,14.241592785844919,9.638523525550452,20.141520697776542,25.64070773251424,58.063248948708186,0.35791546035972405,0.4971399189870403
v4,ridge_all_raw_a10_well_equal,1.0,ridge_all_raw_a10_well_equal__w1.00,3783989,773,890520049.212496,15.340761503754905,10.10380043465852,22.220170218318334,28.825640923234616,66.32435939972589,0.37103718263394675,0.5117472942870138
v5,ridge_all_raw_a10_well_equal,0.25,ridge_all_raw_a10_well_equal__w0.25,3783989,773,621684735.7337463,12.817701973032003,9.077062174216405,18.76907256352741,22.771087726758463,57.082678579227924,0.33185344898666086,0.4672889541937017
v5,ridge_all_raw_a10_well_equal,0.5,ridge_all_raw_a10_well_equal__w0.50,3783989,773,680582594.343843,13.41113352115485,9.302649171505877,19.632930363555975,23.451728026325434,58.749995028162104,0.34733235379610095,0.4814946595127671
v5,ridge_all_raw_a10_well_equal,0.75,ridge_all_raw_a10_well_equal__w0.75,3783989,773,772753137.0128868,14.290435226126537,9.725239314955692,20.28427307335548,25.66562479050898,60.50954259707276,0.3587590093574156,0.4955743948713491
v5,ridge_all_raw_a10_well_equal,1.0,ridge_all_raw_a10_well_equal__w1.00,3783989,773,898196363.7408776,15.406738582811524,10.210647825269517,22.56860971680278,28.355762092718113,69.5902551206337,0.37084706813919716,0.5082959534273501
v1,ridge_all_history_a10_well_equal,0.25,ridge_all_history_a10_well_equal__w0.25,3783989,773,623912441.288343,12.840646506060255,9.06285512966026,18.411644421242528,23.741116309712755,54.85150995713895,0.3337536399355284,0.4712060873984904
v1,ridge_all_history_a10_well_equal,0.5,ridge_all_history_a10_well_equal__w0.50,3783989,773,688525621.9235288,13.48916666042559,9.33605233960632,19.646868685885607,24.214971374512928,54.260257062525355,0.34978888476615266,0.4863593261660994
v1,ridge_all_history_a10_well_equal,0.75,ridge_all_history_a10_well_equal__w0.75,3783989,773,789899103.0881541,14.44810461933376,9.692452520002753,21.02817073375874,26.287741044404534,59.48893637029927,0.35754033418588926,0.4985229777115744
v1,ridge_all_history_a10_well_equal,1.0,ridge_all_history_a10_well_equal__w1.00,3783989,773,928032884.7822188,15.660540616116233,10.30062329611714,22.376131495524685,30.37617885784641,68.22969868106676,0.3644798242763607,0.5112824962160639
v2,ridge_all_history_a10_well_equal,0.25,ridge_all_history_a10_well_equal__w0.25,3783989,773,623284391.0043873,12.834181975393147,9.04394621433505,18.291297196326056,23.718163399733456,54.25431554711731,0.33347567097122044,0.4709900886971113
v2,ridge_all_history_a10_well_equal,0.5,ridge_all_history_a10_well_equal__w0.50,3783989,773,686892094.6136054,13.473155631628751,9.261015338198105,19.367344341017525,24.45106358789668,53.06490638394964,0.34902478154899136,0.4863761102460793
v2,ridge_all_history_a10_well_equal,0.75,ridge_all_history_a10_well_equal__w0.75,3783989,773,786882672.0102508,14.420491346814208,9.640971663857085,20.926918202545018,26.29275880328303,57.66101360667808,0.3571231094704143,0.4994003379274628
v2,ridge_all_history_a10_well_equal,1.0,ridge_all_history_a10_well_equal__w1.00,3783989,773,923256123.1943238,15.620184730209438,10.370433047748179,22.587141494592558,30.29719609947843,65.78925648316986,0.3650762793768516,0.5124891983000701
v3,ridge_all_history_a10_well_equal,0.25,ridge_all_history_a10_well_equal__w0.25,3783989,773,622710788.6061767,12.828275031327951,9.101650997897986,18.299654464152784,23.845439635662938,54.37164958900028,0.332865427152141,0.47088649378530656
v3,ridge_all_history_a10_well_equal,0.5,ridge_all_history_a10_well_equal__w0.50,3783989,773,685583335.1656392,13.460314075345181,9.294502786541125,19.455010517078527,24.14636462213144,53.301116383464745,0.3481009902244029,0.4855997719707703
v3,ridge_all_history_a10_well_equal,0.75,ridge_all_history_a10_well_equal__w0.75,3783989,773,784677200.8609841,14.400268323070383,9.646368698284466,21.05439207913604,25.4796736123203,59.02473273348159,0.3548107503386054,0.4963600148482122
v3,ridge_all_history_a10_well_equal,1.0,ridge_all_history_a10_well_equal__w1.00,3783989,773,919992385.6922115,15.592551381600714,10.162654553396134,22.650769051840392,30.8796284940334,67.61029660118955,0.3611724252447909,0.5085771100869374
v4,ridge_all_history_a10_well_equal,0.25,ridge_all_history_a10_well_equal__w0.25,3783989,773,626362035.8248148,12.865829177533419,9.072639407345934,18.216424171982187,23.85832660558924,57.4744912225927,0.33623440553026734,0.47282788477191184
v4,ridge_all_history_a10_well_equal,0.5,ridge_all_history_a10_well_equal__w0.50,3783989,773,693652801.0679271,13.53929776272011,9.269186117108305,19.509987556558684,24.390465818880582,59.52025267990568,0.3541935014722721,0.48895195883953685
v4,ridge_all_history_a10_well_equal,0.75,ridge_all_history_a10_well_equal__w0.75,3783989,773,797931856.9119338,14.52138264905159,9.739222303266827,21.172131075151256,25.738409702075426,61.595322976458334,0.36329054875926764,0.5029684260875285
v4,ridge_all_history_a10_well_equal,1.0,ridge_all_history_a10_well_equal__w1.00,3783989,773,939199203.3568347,15.754474628600173,10.424430345788524,23.08320980971645,30.82693846276981,68.36569433616964,0.3719996432243037,0.5165378407582502
v5,ridge_all_history_a10_well_equal,0.25,ridge_all_history_a10_well_equal__w0.25,3783989,773,625646255.221296,12.8584758076781,9.094885519708292,18.25818068844868,23.72465087230566,56.76304605938976,0.3356235841648785,0.4727340104989021
v5,ridge_all_history_a10_well_equal,0.5,ridge_all_history_a10_well_equal__w0.50,3783989,773,692094158.4164946,13.52407776009479,9.328402442825313,19.489178517650043,24.468252018453867,58.09533823046629,0.35318268923828733,0.48880429011674054
v5,ridge_all_history_a10_well_equal,0.75,ridge_all_history_a10_well_equal__w0.75,3783989,773,795403270.7681928,14.498355806336681,9.748118459997416,21.130246700633975,26.552228560962327,59.84316152779827,0.3625434759706813,0.5022638686214929
v5,ridge_all_history_a10_well_equal,1.0,ridge_all_history_a10_well_equal__w1.00,3783989,773,935573592.2763904,15.724036554739406,10.25550325364074,22.938523565801866,30.5846009158639,68.7029471905093,0.3721814808568273,0.5158111138371543
v1,ridge_all_combined_a1_well_equal,0.25,ridge_all_combined_a1_well_equal__w0.25,3783989,773,604421990.7016599,12.638490194407847,9.020142969255616,18.133246799754193,22.549378121267207,51.57156445101763,0.32552435386223944,0.4624629926777718
v1,ridge_all_combined_a1_well_equal,0.5,ridge_all_combined_a1_well_equal__w0.50,3783989,773,642615340.6575462,13.031686143586073,9.120391759644246,19.511289760185768,22.730555106163756,52.74651455254561,0.3389425685005248,0.4747122323127183
v1,ridge_all_combined_a1_well_equal,0.75,ridge_all_combined_a1_well_equal__w0.75,3783989,773,710639611.0502554,13.704076460898914,9.423119641740302,19.94504809750062,24.867072465394504,62.46937842310102,0.3528735082117716,0.4889907859814588
v1,ridge_all_combined_a1_well_equal,1.0,ridge_all_combined_a1_well_equal__w1.00,3783989,773,808494801.8797878,14.61718297408344,9.862755536813415,21.42316672260127,27.335792727712068,72.21199964255645,0.36798519051280887,0.5028035775374924
v2,ridge_all_combined_a1_well_equal,0.25,ridge_all_combined_a1_well_equal__w0.25,3783989,773,602161844.3083668,12.614838183058882,9.016582296407984,18.283324533997884,22.986070093641494,52.11433942787671,0.323959379731429,0.46160255311271436
v2,ridge_all_combined_a1_well_equal,0.5,ridge_all_combined_a1_well_equal__w0.50,3783989,773,636706468.0281874,12.971634353967076,9.11938479583532,19.375908018470692,22.592240591546492,50.676927245585205,0.3352895537825061,0.47247749738157757
v2,ridge_all_combined_a1_well_equal,0.75,ridge_all_combined_a1_well_equal__w0.75,3783989,773,699693432.3420584,13.598123027777383,9.269585377383263,19.903037592642058,24.253851124515286,59.36837725346111,0.3489524910192223,0.48192697773860405
v2,ridge_all_combined_a1_well_equal,1.0,ridge_all_combined_a1_well_equal__w1.00,3783989,773,791122737.2499801,14.45929108156456,9.732748979347443,20.98851601874837,26.115413475395144,68.08188586445144,0.36148127231271804,0.49280761021162633
v3,ridge_all_combined_a1_well_equal,0.25,ridge_all_combined_a1_well_equal__w0.25,3783989,773,599807964.9149331,12.5901580381643,8.971076460520353,18.153785570950635,22.40904323614645,51.1060900841726,0.3230682786434919,0.46068259782112064
v3,ridge_all_combined_a1_well_equal,0.5,ridge_all_combined_a1_well_equal__w0.50,3783989,773,631622509.5517932,12.919742763839928,9.076862619941727,19.323106170753903,22.7746090796115,52.49576061115969,0.3326055409978862,0.47126387433875044
v3,ridge_all_combined_a1_well_equal,0.75,ridge_all_combined_a1_well_equal__w0.75,3783989,773,691503195.0931771,13.518302577147654,9.349764739157614,19.653433233112768,24.45908495204298,62.08907422324733,0.34368469995433126,0.4789260338473627
v3,ridge_all_combined_a1_well_equal,1.0,ridge_all_combined_a1_well_equal__w1.00,3783989,773,779450021.5390848,14.352224004540952,9.704495532815892,20.653268295284043,26.427526216581125,71.70099336263661,0.3514455815366955,0.48729050690510417
v4,ridge_all_combined_a1_well_equal,0.25,ridge_all_combined_a1_well_equal__w0.25,3783989,773,606960047.5728112,12.664997836138715,9.025157839010435,18.42905426791764,22.74790056093636,54.49033931405254,0.32734257634128255,0.4642567470807653
v4,ridge_all_combined_a1_well_equal,0.5,ridge_all_combined_a1_well_equal__w0.50,3783989,773,648803980.9960037,13.094285939897032,9.077637082652268,19.19240794879902,22.992777735868774,53.57204644048547,0.34004613316012394,0.47560575295798446
v4,ridge_all_combined_a1_well_equal,0.75,ridge_all_combined_a1_well_equal__w0.75,3783989,773,721591361.4521744,13.809270286765852,9.426680419329358,19.882776903621103,25.05974728684115,59.66291015443737,0.35280651754079956,0.48836740290787917
v4,ridge_all_combined_a1_well_equal,1.0,ridge_all_combined_a1_well_equal__w1.00,3783989,773,825322188.9413232,14.768514986988562,9.797810242342093,21.05452138814266,27.1502072816956,68.46604364453934,0.36479557531762863,0.5011694550431857
v5,ridge_all_combined_a1_well_equal,0.25,ridge_all_combined_a1_well_equal__w0.25,3783989,773,606099466.0548744,12.656016084175096,8.989258549862337,18.45513534658635,22.789317900602438,54.63136754484135,0.3264737706995792,0.46327854126387985
v5,ridge_all_combined_a1_well_equal,0.5,ridge_all_combined_a1_well_equal__w0.50,3783989,773,646931781.0898178,13.07537974287689,9.176205038859054,19.337880858174195,22.765661723791194,53.87459444002198,0.33889055213942904,0.47380367195180983
v5,ridge_all_combined_a1_well_equal,0.75,ridge_all_combined_a1_well_equal__w0.75,3783989,773,718556506.287427,13.780200306468839,9.251778590145266,19.933712346932108,24.32431932104559,62.05139213482182,0.35109615390858867,0.4851249915973417
v5,ridge_all_combined_a1_well_equal,1.0,ridge_all_combined_a1_well_equal__w1.00,3783989,773,820973641.6477019,14.729556623361216,9.800312634949337,21.514134736780694,26.493890860033698,71.65815004227876,0.36346790609373064,0.49858186977129126
v1,ridge_all_combined_a10_well_equal,0.25,ridge_all_combined_a10_well_equal__w0.25,3783989,773,619729305.6262839,12.797527872751768,9.137329871220711,18.765897711317415,23.10044552050621,53.56143651826153,0.3301623113911074,0.46728260635723806
v1,ridge_all_combined_a10_well_equal,0.5,ridge_all_combined_a10_well_equal__w0.50,3783989,773,675552632.2760204,13.361482975272585,9.27126443368787,19.339702927655917,23.790896321904572,52.14708307169712,0.34628528970034783,0.48427434113547374
v1,ridge_all_combined_a10_well_equal,0.75,ridge_all_combined_a10_well_equal__w0.75,3783989,773,763529541.1318065,14.204893752778169,9.495116190089465,20.80802892652043,26.018173199987892,61.565502693044756,0.3598622037654419,0.4992219098430597
v1,ridge_all_combined_a10_well_equal,1.0,ridge_all_combined_a10_well_equal__w1.00,3783989,773,883660032.1936421,15.28155938841026,9.995672208193762,22.149563166953488,28.660397160981006,71.00253721920059,0.37121378641531055,0.5138095059030234
v2,ridge_all_combined_a10_well_equal,0.25,ridge_all_combined_a10_well_equal__w0.25,3783989,773,616613108.2118683,12.76531228989824,9.12481959168818,18.328195140411918,23.26271216704062,53.754795671524334,0.3289740667898192,0.46632683543305803
v2,ridge_all_combined_a10_well_equal,0.5,ridge_all_combined_a10_well_equal__w0.50,3783989,773,667608318.5518286,13.28268694718128,9.166986933594115,19.333853175297044,23.531895553051758,52.09634638754427,0.3432563286933437,0.48131706727238316
v2,ridge_all_combined_a10_well_equal,0.75,ridge_all_combined_a10_well_equal__w0.75,3783989,773,749045192.2024776,14.069513411215489,9.515347742893871,20.22491789855379,25.28559764676649,58.57303403247416,0.35490787922894435,0.49302837699884905
v2,ridge_all_combined_a10_well_equal,1.0,ridge_all_combined_a10_well_equal__w1.00,3783989,773,860923729.1638153,15.083683341057144,9.88588357538448,21.860183642375315,28.394105447352086,67.01526046951743,0.36815457021437387,0.507257183548102
v3,ridge_all_combined_a10_well_equal,0.25,ridge_all_combined_a10_well_equal__w0.25,3783989,773,615237986.2266897,12.751070248104464,9.113042456272932,18.60768813099113,22.880695368613466,52.893052945083866,0.32747470975218773,0.46522974219050467
v3,ridge_all_combined_a10_well_equal,0.5,ridge_all_combined_a10_well_equal__w0.50,3783989,773,664922506.6195269,13.255941660533018,9.292932948384333,19.280966857538974,23.515307937839108,51.92905710477241,0.3412872561629896,0.47975127380773025
v3,ridge_all_combined_a10_well_equal,0.75,ridge_all_combined_a10_well_equal__w0.75,3783989,773,745113122.3611085,14.032536267541735,9.498143880007504,20.153084312652727,26.047491240322813,61.23425654027501,0.3513770255110105,0.4895389426905644
v3,ridge_all_combined_a10_well_equal,1.0,ridge_all_combined_a10_well_equal__w1.00,3783989,773,855809833.4514345,15.038818000406565,9.982929539578986,21.75312388980837,28.128758983923184,70.55686382582913,0.3596599912490485,0.5013838502559047
v4,ridge_all_combined_a10_well_equal,0.25,ridge_all_combined_a10_well_equal__w0.25,3783989,773,622208708.5484691,12.823102389398564,9.14980918544883,18.78965149448287,23.205542693405768,56.72880903016401,0.33220765777813616,0.4685282209377087
v4,ridge_all_combined_a10_well_equal,0.5,ridge_all_combined_a10_well_equal__w0.50,3783989,773,681713724.4837762,13.42227356474294,9.266832098459417,19.169644093515522,24.075507269140925,58.044585078224216,0.3483604564427858,0.484575035413715
v4,ridge_all_combined_a10_well_equal,0.75,ridge_all_combined_a10_well_equal__w0.75,3783989,773,774574608.9885182,14.307267449348524,9.621052747997883,20.414353954056946,25.75833634549451,59.405404198520415,0.3600708317573829,0.5011183306568907
v4,ridge_all_combined_a10_well_equal,1.0,ridge_all_combined_a10_well_equal__w1.00,3783989,773,900791362.062695,15.42897849989335,10.103941744144375,22.756015767945957,29.02648640831861,66.89355223909027,0.3737765440371473,0.5163908536881912
v5,ridge_all_combined_a10_well_equal,0.25,ridge_all_combined_a10_well_equal__w0.25,3783989,773,622295446.6483877,12.823996151218985,9.134611528164653,18.708390201482267,22.973694861677842,56.80806847005647,0.33176531226793404,0.4679760664171434
v5,ridge_all_combined_a10_well_equal,0.5,ridge_all_combined_a10_well_equal__w0.50,3783989,773,682244474.414567,13.427497520541666,9.283722381838542,19.709079891714307,23.587302652070996,58.22505758355251,0.34741998547552283,0.48238113646815256
v5,ridge_all_combined_a10_well_equal,0.75,ridge_all_combined_a10_well_equal__w0.75,3783989,773,775906644.4811349,14.31956426455825,9.667900560601437,20.60341909442482,25.48565796499987,60.85391425328241,0.3581537825657085,0.4965657983427331
v5,ridge_all_combined_a10_well_equal,1.0,ridge_all_combined_a10_well_equal__w1.00,3783989,773,903281956.8480911,15.45029354007433,10.252043089283662,22.62315024328466,28.32474720834065,70.05560110537391,0.37160605218019893,0.5107112821976832
v1,ridge_all_combined_a100_well_equal,0.25,ridge_all_combined_a100_well_equal__w0.25,3783989,773,625256005.2151084,12.854464912567943,9.117942393066254,18.814820245901494,23.14389907126761,54.858608753138554,0.33115663636508236,0.4684007480857473
v1,ridge_all_combined_a100_well_equal,0.5,ridge_all_combined_a100_well_equal__w0.50,3783989,773,687006272.6065252,13.474275366415698,9.327716057730155,19.574440452522964,24.056358281822092,54.299927029228556,0.3475535156274485,0.48575317940648827
v1,ridge_all_combined_a100_well_equal,0.75,ridge_all_combined_a100_well_equal__w0.75,3783989,773,781310363.3568473,14.369341285475251,9.654525739743548,20.927219323410892,26.36563139651563,61.69004706873543,0.35923513131277696,0.49912588512602246
v1,ridge_all_combined_a100_well_equal,1.0,ridge_all_combined_a100_well_equal__w1.00,3783989,773,908168277.4660745,15.492026503135095,10.076556117915867,22.501753486947454,28.89158566883537,71.16745862712622,0.3688639746716324,0.5116919791942632
v2,ridge_all_combined_a100_well_equal,0.25,ridge_all_combined_a100_well_equal__w0.25,3783989,773,622200838.6837529,12.823021294101467,9.160227110149084,18.516585944504726,23.299640618589933,54.56628433563117,0.3300187073051255,0.4671983713593178
v2,ridge_all_combined_a100_well_equal,0.5,ridge_all_combined_a100_well_equal__w0.50,3783989,773,679646403.7535787,13.401906354760055,9.328885444911782,19.8387871730551,24.108371629159087,53.70757753104915,0.34443197174760676,0.4827473083476168
v2,ridge_all_combined_a100_well_equal,0.75,ridge_all_combined_a100_well_equal__w0.75,3783989,773,768396256.3920742,14.250092634510443,9.635405995577324,20.480295911311828,25.86113762297141,58.75847618775021,0.3552201896557076,0.4936243972757917
v2,ridge_all_combined_a100_well_equal,1.0,ridge_all_combined_a100_well_equal__w1.00,3783989,773,888450396.5992395,15.32292444542138,10.025025065016214,21.857214987104957,28.781933675604822,67.25879036359892,0.366222590677834,0.5065270585730898
v3,ridge_all_combined_a100_well_equal,0.25,ridge_all_combined_a100_well_equal__w0.25,3783989,773,621392007.5155867,12.814683928170007,9.104191895254425,18.715818134626726,23.226822902334675,53.980606746728284,0.32903978504957276,0.4660617079516934
v3,ridge_all_combined_a100_well_equal,0.5,ridge_all_combined_a100_well_equal__w0.50,3783989,773,678273323.851264,13.388361670469056,9.334561897593977,19.65622769374585,23.964045109548284,52.54449416280153,0.34309444410401985,0.4807269262033998
v3,ridge_all_combined_a100_well_equal,0.75,ridge_all_combined_a100_well_equal__w0.75,3783989,773,766703510.1896286,14.234387788554617,9.61768061402889,20.2319856892361,26.133864352828724,61.479537712777876,0.35218066816130605,0.4918257427303128
v3,ridge_all_combined_a100_well_equal,1.0,ridge_all_combined_a100_well_equal__w1.00,3783989,773,886682566.5306807,15.30767215045783,10.13456688772001,22.0064622232895,28.638204142103532,70.88296327633896,0.3600880502301628,0.502812474555613
v4,ridge_all_combined_a100_well_equal,0.25,ridge_all_combined_a100_well_equal__w0.25,3783989,773,627594780.3824216,12.878483588239208,9.19146313730415,18.60618764311797,23.392175746308773,57.50069441076477,0.3324584678331145,0.46878968399392784
v4,ridge_all_combined_a100_well_equal,0.5,ridge_all_combined_a100_well_equal__w0.50,3783989,773,692957809.4343325,13.532513347806793,9.397197542008847,19.457170346005956,24.315266702197267,59.57965914073764,0.34827939378994455,0.48473944990772866
v4,ridge_all_combined_a100_well_equal,0.75,ridge_all_combined_a100_well_equal__w0.75,3783989,773,792148648.3383293,14.46866329423216,9.722402814509946,20.508088402611136,26.227938649528237,61.69417781315664,0.3592105028656881,0.4996203949307493
v4,ridge_all_combined_a100_well_equal,1.0,ridge_all_combined_a100_well_equal__w1.00,3783989,773,925167297.0944122,15.636343548682431,10.273069922677395,22.746360196669258,29.240639836566974,66.73774102567829,0.36963441078680054,0.5142422142036783
v5,ridge_all_combined_a100_well_equal,0.25,ridge_all_combined_a100_well_equal__w0.25,3783989,773,627807025.94687,12.880661084006768,9.125795920406643,18.925830529294373,23.04261155389109,57.88956327391269,0.3332742669719096,0.4691927973114879
v5,ridge_all_combined_a100_well_equal,0.5,ridge_all_combined_a100_well_equal__w0.50,3783989,773,693577510.8609822,13.538562954043801,9.301175452445841,19.888618334417103,24.001223612330516,60.38027217709938,0.349454871092422,0.48494482731098204
v5,ridge_all_combined_a100_well_equal,0.75,ridge_all_combined_a100_well_equal__w0.75,3783989,773,793371015.9249334,14.479822315638973,9.767894061603009,20.580632188364948,26.027935657857366,62.92599618306562,0.35995739937122595,0.4984405315695397
v5,ridge_all_combined_a100_well_equal,1.0,ridge_all_combined_a100_well_equal__w1.00,3783989,773,927187541.1387239,15.653406410639633,10.362075424751417,22.786323830654172,28.905017449350083,69.5785280357659,0.3704278635442577,0.5116402575860661
v1,ridge_all_combined_a10_joint_balanced,0.25,ridge_all_combined_a10_joint_balanced__w0.25,3783989,773,619308626.0281401,12.79318357858418,9.143218410286583,18.77582975348297,23.066491279459534,53.290246175137625,0.3289818361087909,0.46660120662522475
v1,ridge_all_combined_a10_joint_balanced,0.5,ridge_all_combined_a10_joint_balanced__w0.50,3783989,773,674424459.7367119,13.350321478644169,9.21923005160478,19.426698240299437,23.64758709160297,51.59013287397262,0.34412429600076183,0.48305450609548706
v1,ridge_all_combined_a10_joint_balanced,0.75,ridge_all_combined_a10_joint_balanced__w0.75,3783989,773,761407062.308312,14.185136450424771,9.608840471834482,20.586005542310314,26.452055875714734,60.73114065998261,0.3568167105463417,0.49701078961993106
v1,ridge_all_combined_a10_joint_balanced,1.0,ridge_all_combined_a10_joint_balanced__w1.00,3783989,773,880256433.7429409,15.252100959455424,10.058551616024545,22.104181344082388,28.9455585839619,69.89139728752556,0.36848267737997953,0.5112207355459968
v2,ridge_all_combined_a10_joint_balanced,0.25,ridge_all_combined_a10_joint_balanced__w0.25,3783989,773,616271489.7385733,12.761775655166431,9.151975091101294,18.223905857816945,23.112358627619354,53.5942442599372,0.3287528137937965,0.4662463031957072
v2,ridge_all_combined_a10_joint_balanced,0.5,ridge_all_combined_a10_joint_balanced__w0.50,3783989,773,666641813.1169529,13.273068703599558,9.192162218824215,19.446487726137995,23.60007332635297,51.78168457836865,0.3424221146458155,0.48093276671754764
v2,ridge_all_combined_a10_joint_balanced,0.75,ridge_all_combined_a10_joint_balanced__w0.75,3783989,773,747170531.3177354,14.051896256620324,9.502805303287674,20.522875804097755,25.23417089476781,58.36918410761794,0.35453047699941953,0.4927637167658299
v2,ridge_all_combined_a10_joint_balanced,1.0,ridge_all_combined_a10_joint_balanced__w1.00,3783989,773,857857644.340921,15.056799947593024,9.93348575792207,21.673422941638677,28.560105935221422,66.74555215501816,0.36784041746160195,0.5057253957945541
v3,ridge_all_combined_a10_joint_balanced,0.25,ridge_all_combined_a10_joint_balanced__w0.25,3783989,773,614495863.1380723,12.74337751847377,9.133235024506643,18.61305867241421,22.722965399245332,52.730506384391724,0.3270020648372273,0.46479891686839797
v3,ridge_all_combined_a10_joint_balanced,0.5,ridge_all_combined_a10_joint_balanced__w0.50,3783989,773,663030553.4876949,13.237069171077025,9.245881635500268,19.254896769759885,23.557528427337143,51.57734914138152,0.3403800502950409,0.4790822750779958
v3,ridge_all_combined_a10_joint_balanced,0.75,ridge_all_combined_a10_joint_balanced__w0.75,3783989,773,741663632.2314646,14.000016877789802,9.468945483752831,19.981993712548356,25.95363733496992,60.706943425200805,0.3505293455010301,0.48893414862421686
v3,ridge_all_combined_a10_joint_balanced,1.0,ridge_all_combined_a10_joint_balanced__w1.00,3783989,773,850395099.3693815,14.991166985725537,9.917823989132625,21.696742600841294,27.930336655818436,69.85419985170253,0.35913155154405313,0.4997139606572426
v4,ridge_all_combined_a10_joint_balanced,0.25,ridge_all_combined_a10_joint_balanced__w0.25,3783989,773,621820328.8058491,12.81909970465684,9.1056615256864,18.704753581709763,23.06737555098388,56.536474143690775,0.3315136831152301,0.46814069515818907
v4,ridge_all_combined_a10_joint_balanced,0.5,ridge_all_combined_a10_joint_balanced__w0.50,3783989,773,680881211.4907779,13.414075379546484,9.246380237371474,19.305124789307953,23.93259547584494,57.66825611059583,0.34716514183621083,0.4839396977984351
v4,ridge_all_combined_a10_joint_balanced,0.75,ridge_all_combined_a10_joint_balanced__w0.75,3783989,773,773242209.2373832,14.294956689142511,9.558358087207454,20.67183522474185,25.71128596718847,58.85336321684244,0.35932664302618417,0.4997540750288031
v4,ridge_all_combined_a10_joint_balanced,1.0,ridge_all_combined_a10_joint_balanced__w1.00,3783989,773,898903322.045665,15.41280060880722,10.052537569185079,22.5453487667898,29.14555476190836,66.80330292359054,0.3736239199669045,0.5145441042221692
v5,ridge_all_combined_a10_joint_balanced,0.25,ridge_all_combined_a10_joint_balanced__w0.25,3783989,773,622000204.3777831,12.820953677624653,9.083040405717577,18.716918177737366,22.86814548541225,56.62877415662818,0.3308617722403388,0.46771124401242054
v5,ridge_all_combined_a10_joint_balanced,0.5,ridge_all_combined_a10_joint_balanced__w0.50,3783989,773,681577745.4558983,13.420934851241427,9.247941311877879,19.74092621793034,23.712594104604047,57.872699057141226,0.3456427094181811,0.48136133190625374
v5,ridge_all_combined_a10_joint_balanced,0.75,ridge_all_combined_a10_joint_balanced__w0.75,3783989,773,774792184.4169425,14.309276740150176,9.660786791173932,20.417771520815915,25.56276957458322,60.25176136013486,0.35677051215959543,0.49544770704771857
v5,ridge_all_combined_a10_joint_balanced,1.0,ridge_all_combined_a10_joint_balanced__w1.00,3783989,773,901643521.2609155,15.436274772062246,10.296050282366283,22.5023981854106,28.552807223956723,69.25614123454531,0.37029472270497993,0.5089947478211123
v1,ridge_all_combined_a10_original_boost4,0.25,ridge_all_combined_a10_original_boost4__w0.25,3783989,773,619876881.2322575,12.799051514198265,9.145238714393074,18.77302357208236,23.043252173076137,53.49655042480651,0.3295661925235954,0.46661774584165105
v1,ridge_all_combined_a10_original_boost4,0.5,ridge_all_combined_a10_original_boost4__w0.50,3783989,773,675674426.039703,13.36268737584869,9.268923826687367,19.411337536733928,23.790150418244927,51.85481088983823,0.3450988774780575,0.48320059004409344
v1,ridge_all_combined_a10_original_boost4,0.75,ridge_all_combined_a10_original_boost4__w0.75,3783989,773,763452195.6049331,14.204174256833413,9.492956405976626,20.68972283354269,25.814289442863995,61.12691309512885,0.35847293337833,0.4978922555759626
v1,ridge_all_combined_a10_original_boost4,1.0,ridge_all_combined_a10_original_boost4__w1.00,3783989,773,883210189.927948,15.277669223561894,10.018223938787552,22.00418343781881,28.69660721527826,70.41772764255349,0.37013594620176793,0.5127847908091888
v2,ridge_all_combined_a10_original_boost4,0.25,ridge_all_combined_a10_original_boost4__w0.25,3783989,773,616986418.1788542,12.769175893505025,9.12352276797431,18.357526628026058,23.230263171387197,53.6817719252606,0.3284312683928197,0.46579013909688743
v2,ridge_all_combined_a10_original_boost4,0.5,ridge_all_combined_a10_original_boost4__w0.50,3783989,773,668200350.1140155,13.288575150690725,9.162047421818153,19.585822248624794,23.621870621221483,51.95148430042551,0.34203226786160296,0.4801721184081787
v2,ridge_all_combined_a10_original_boost4,0.75,ridge_all_combined_a10_original_boost4__w0.75,3783989,773,749701356.9880801,14.075674520343577,9.51498614055825,20.105719159749153,25.271444622413718,58.11292262839283,0.3535605918808104,0.4918911735204109
v2,ridge_all_combined_a10_original_boost4,1.0,ridge_all_combined_a10_original_boost4__w1.00,3783989,773,861489438.8010486,15.088638242086429,10.034132037456063,21.47844413088415,28.33176766771253,66.4021712087871,0.36712265496265784,0.505492077355222
v3,ridge_all_combined_a10_original_boost4,0.25,ridge_all_combined_a10_original_boost4__w0.25,3783989,773,615514549.5045558,12.753935872175463,9.117235907722499,18.703648462702546,22.842337908700458,52.823999799323865,0.32701608080682737,0.46468501462444467
v3,ridge_all_combined_a10_original_boost4,0.5,ridge_all_combined_a10_original_boost4__w0.50,3783989,773,665324690.4320178,13.259950036826453,9.26203553668979,19.353752136106955,23.527389162541372,51.67222335236876,0.3400683677385105,0.47866587000815713
v3,ridge_all_combined_a10_original_boost4,0.75,ridge_all_combined_a10_original_boost4__w0.75,3783989,773,745489983.9649827,14.036084490929207,9.473618267004554,20.310779879527466,25.893268040035746,60.848751472961794,0.34980559005356965,0.48770443501910615
v3,ridge_all_combined_a10_original_boost4,1.0,ridge_all_combined_a10_original_boost4__w1.00,3783989,773,856010430.1034507,15.040580401157154,9.937634644949098,21.87228567906848,28.05837385124693,70.04273454283944,0.35831915241080764,0.4992401479361115
v4,ridge_all_combined_a10_original_boost4,0.25,ridge_all_combined_a10_original_boost4__w0.25,3783989,773,622365812.2263265,12.824721162464309,9.10888986625066,18.730501258515954,23.18602664880742,56.46315803245871,0.33144781106341736,0.4678179248397439
v4,ridge_all_combined_a10_original_boost4,0.5,ridge_all_combined_a10_original_boost4__w0.50,3783989,773,681854254.8036301,13.423656945428279,9.280921092474856,19.297219709221473,23.907918791825043,57.51469933829816,0.3467604844830654,0.48324115371333215
v4,ridge_all_combined_a10_original_boost4,0.75,ridge_all_combined_a10_original_boost4__w0.75,3783989,773,774524888.9145075,14.306808249031254,9.662514370446392,20.45542300518945,25.918210365830564,58.61323292697389,0.3584535681610131,0.4994834274271121
v4,ridge_all_combined_a10_original_boost4,1.0,ridge_all_combined_a10_original_boost4__w1.00,3783989,773,900377714.5589588,15.425435564449117,10.1514633673815,22.42283287250222,29.25863088853923,66.39705065620728,0.3722124059020959,0.5147753379556587
v5,ridge_all_combined_a10_original_boost4,0.25,ridge_all_combined_a10_original_boost4__w0.25,3783989,773,622227583.9966224,12.823296890026215,9.122960830415604,18.682612337228395,22.917512145713708,56.52224044514113,0.3309747154496775,0.46739807617790957
v5,ridge_all_combined_a10_original_boost4,0.5,ridge_all_combined_a10_original_boost4__w0.50,3783989,773,681928329.2476635,13.424386076994042,9.298282438374489,19.750722732252967,23.677670547692507,57.655787366176696,0.3458116328916194,0.48118234417541533
v5,ridge_all_combined_a10_original_boost4,0.75,ridge_all_combined_a10_original_boost4__w0.75,3783989,773,775161796.9357196,14.312689434103575,9.633512086294743,20.37549681144662,25.633445771689235,60.702020535789856,0.3565842069247978,0.49587329025027127
v5,ridge_all_combined_a10_original_boost4,1.0,ridge_all_combined_a10_original_boost4__w1.00,3783989,773,901927987.060791,15.438709628996914,10.239681448318363,22.495379754197717,28.317964421852217,69.85315065902934,0.37046364126698467,0.5096603103074923
v1,ridge_delta_history_a10_well_equal,0.25,ridge_delta_history_a10_well_equal__w0.25,3783989,773,619725341.4854388,12.797486942555613,9.13741309370931,18.766101938518595,23.100241499104623,53.553181405434074,0.33015582974534363,0.46727748200685
v1,ridge_delta_history_a10_well_equal,0.5,ridge_delta_history_a10_well_equal__w0.50,3783989,773,675546707.09954,13.361424379306495,9.270794124742187,19.34026963639677,23.790629111863023,52.149509880643514,0.346274067435906,0.4842652143588837
v1,ridge_delta_history_a10_well_equal,0.75,ridge_delta_history_a10_well_equal__w0.75,3783989,773,763523658.0249006,14.204839027279672,9.494797520453368,20.810454688130104,26.01830521333841,61.56917881054954,0.35984663301148534,0.49922016811828285
v1,ridge_delta_history_a10_well_equal,1.0,ridge_delta_history_a10_well_equal__w1.00,3783989,773,883656194.2615201,15.281526202768045,9.993914607507511,22.14883594676858,28.661468950933664,71.00747258265082,0.37121314258990445,0.5138134627258212
v2,ridge_delta_history_a10_well_equal,0.25,ridge_delta_history_a10_well_equal__w0.25,3783989,773,616603795.7739626,12.76521589507197,9.124703684204201,18.328391766099834,23.262680324982643,53.74292832264237,0.32896516411189425,0.46631813192418864
v2,ridge_delta_history_a10_well_equal,0.5,ridge_delta_history_a10_well_equal__w0.50,3783989,773,667593685.8487588,13.282541380781275,9.167733932616569,19.336443988286902,23.53189526713887,52.07289557153634,0.3432404413921063,0.4813001260232273
v2,ridge_delta_history_a10_well_equal,0.75,ridge_delta_history_a10_well_equal__w0.75,3783989,773,749029231.4069854,14.069363512501214,9.51730748438101,20.22515289786389,25.28547862289781,58.57840190254952,0.354899659656514,0.4930190434464102
v2,ridge_delta_history_a10_well_equal,1.0,ridge_delta_history_a10_well_equal__w1.00,3783989,773,860910432.4486424,15.083566859068807,9.885748304927771,21.860016585720373,28.39278801312229,67.0224936364154,0.36814583284110514,0.5072523664730515
v3,ridge_delta_history_a10_well_equal,0.25,ridge_delta_history_a10_well_equal__w0.25,3783989,773,615235895.1674726,12.751048579038004,9.113523356402531,18.607529495008155,22.881118861165408,52.887631782054505,0.3274731619765026,0.465228890589103
v3,ridge_delta_history_a10_well_equal,0.5,ridge_delta_history_a10_well_equal__w0.50,3783989,773,664921378.647954,13.255930416868113,9.292283859316163,19.280487836619,23.515245367767708,51.93114091045169,0.3412848482318484,0.4797470497837705
v3,ridge_delta_history_a10_well_equal,0.75,ridge_delta_history_a10_well_equal__w0.75,3783989,773,745116011.6240408,14.032563473912395,9.4977853696643,20.153379638721415,26.048076950453176,61.23744858796803,0.3513722824879701,0.4895326549325231
v3,ridge_delta_history_a10_well_equal,1.0,ridge_delta_history_a10_well_equal__w1.00,3783989,773,855819794.0957333,15.038905517443094,9.984226136678616,21.74960710319081,28.129923336892883,70.56118393795428,0.3596517415118447,0.5013943974462379
v4,ridge_delta_history_a10_well_equal,0.25,ridge_delta_history_a10_well_equal__w0.25,3783989,773,622200921.9923604,12.823022152560622,9.149598847380878,18.78968361993518,23.20600223075341,56.71550192990458,0.332197852976161,0.4685194727432022
v4,ridge_delta_history_a10_well_equal,0.5,ridge_delta_history_a10_well_equal__w0.50,3783989,773,681699237.0467453,13.42213094228338,9.261496623479017,19.169974120616008,24.07585075463038,58.01788538295273,0.3483417700020157,0.4845584517110771
v4,ridge_delta_history_a10_well_equal,0.75,ridge_delta_history_a10_well_equal__w0.75,3783989,773,774554506.3457516,14.30708178889096,9.623529285766196,20.415315422656384,25.77112900043343,59.36526252504656,0.36004418236517893,0.501106692478815
v4,ridge_delta_history_a10_well_equal,1.0,ridge_delta_history_a10_well_equal__w1.00,3783989,773,900766729.8893793,15.42876754545559,10.098058250606996,22.75685252080826,29.028482183070807,66.90117628963999,0.37375891446958787,0.5163787062420421
v5,ridge_delta_history_a10_well_equal,0.25,ridge_delta_history_a10_well_equal__w0.25,3783989,773,622285634.8226906,12.823895051884545,9.133533250580173,18.70840874849953,22.973653673393834,56.79441321324593,0.3317552041928347,0.46796684404299804
v5,ridge_delta_history_a10_well_equal,0.5,ridge_delta_history_a10_well_equal__w0.50,3783989,773,682226767.4867451,13.427323271221178,9.284189092000956,19.708412236206254,23.587040733958254,58.19776992879617,0.3474022328436221,0.48236399951850756
v5,ridge_delta_history_a10_well_equal,0.75,ridge_delta_history_a10_well_equal__w0.75,3783989,773,775882959.1747602,14.319345703564133,9.665657456964922,20.6037611815242,25.485984086925214,60.85926573904889,0.35814160794623956,0.49655483652308186
v5,ridge_delta_history_a10_well_equal,1.0,ridge_delta_history_a10_well_equal__w1.00,3783989,773,903254209.8867358,15.450056237653547,10.253434987230474,22.618092714133518,28.323746462019066,70.0627919711406,0.37159233562521565,0.5107021749152754
v1,ridge_long_combined_a10_well_equal,0.25,ridge_long_combined_a10_well_equal__w0.25,3783989,773,622879033.5404066,12.830007895576848,9.187504113559328,18.640636091369664,23.62377972347367,55.10847642708627,0.33099870151003624,0.46907557927097876
v1,ridge_long_combined_a10_well_equal,0.5,ridge_long_combined_a10_well_equal__w0.50,3783989,773,686095279.2326844,13.465338732193175,9.398371406553853,19.622375884569117,24.866746557898914,54.80918876314803,0.3470204783472516,0.48402672524007845
v1,ridge_long_combined_a10_well_equal,0.75,ridge_long_combined_a10_well_equal__w0.75,3783989,773,785708298.2594299,14.409726482838119,9.832873126961479,21.264538786333983,26.463198373152764,59.927186205476815,0.35735911449550245,0.4976335964908606
v1,ridge_long_combined_a10_well_equal,1.0,ridge_long_combined_a10_well_equal__w1.00,3783989,773,921718090.6206435,15.607168641783746,10.456786233715855,22.429923589475635,29.41066565303468,76.15120265300942,0.371476283036891,0.51026551563801
v2,ridge_long_combined_a10_well_equal,0.25,ridge_long_combined_a10_well_equal__w0.25,3783989,773,619388772.462319,12.794011352356453,9.247446105959122,18.577626619173902,23.346277404909795,54.580505531656065,0.32870043656931064,0.46694929151243814
v2,ridge_long_combined_a10_well_equal,0.5,ridge_long_combined_a10_well_equal__w0.50,3783989,773,676855347.5489842,13.3743597104002,9.38556714035184,19.36722088389905,24.064451433178586,53.747261496334694,0.34300609399968485,0.4795616675278397
v2,ridge_long_combined_a10_well_equal,0.75,ridge_long_combined_a10_well_equal__w0.75,3783989,773,768459286.442592,14.25067707621799,9.749841562759467,20.489650299384973,26.11176434528162,56.82440775216375,0.35219584493303285,0.48840082383906325
v2,ridge_long_combined_a10_well_equal,1.0,ridge_long_combined_a10_well_equal__w1.00,3783989,773,894200589.1431426,15.372430675941661,10.281811781882851,22.333318625691774,28.951133578816904,71.71785826685014,0.35977848021378156,0.5014265829913442
v3,ridge_long_combined_a10_well_equal,0.25,ridge_long_combined_a10_well_equal__w0.25,3783989,773,617172636.1651504,12.771102735619131,9.171289418425273,18.51321319630805,23.019886639157857,54.11015368436851,0.3280269435867471,0.465842038620617
v3,ridge_long_combined_a10_well_equal,0.5,ridge_long_combined_a10_well_equal__w0.50,3783989,773,672216020.8376086,13.328445385140755,9.470304064751964,19.311843226762367,24.387897553346328,52.80805442681276,0.34158937623733626,0.4782246398587635
v3,ridge_long_combined_a10_well_equal,0.75,ridge_long_combined_a10_well_equal__w0.75,3783989,773,761189715.1999714,14.183111700068443,9.798552058790477,20.673270017390525,26.523423651285736,59.11379931619645,0.3502283094970064,0.48723680827297844
v3,ridge_long_combined_a10_well_equal,1.0,ridge_long_combined_a10_well_equal__w1.00,3783989,773,884093719.2522388,15.2853089082149,10.275974542532033,22.11987162541898,29.083582236147063,67.7306397112363,0.35611322488858405,0.49942265927185603
v4,ridge_long_combined_a10_well_equal,0.25,ridge_long_combined_a10_well_equal__w0.25,3783989,773,624513403.9402676,12.846829177807045,9.135462355170636,18.534637931164312,23.334828999858257,57.59408809326684,0.3323903219419284,0.469619847884176
v4,ridge_long_combined_a10_well_equal,0.5,ridge_long_combined_a10_well_equal__w0.50,3783989,773,689972366.8587887,13.503331088113889,9.430390407822886,19.642450682061128,25.277973930564603,59.781516200821756,0.3481581004156101,0.4840991120847995
v4,ridge_long_combined_a10_well_equal,0.75,ridge_long_combined_a10_well_equal__w0.75,3783989,773,792436449.9381604,14.471291416048528,9.823490345182579,21.035588626209286,26.991168682531637,62.0177868610676,0.3578397029423992,0.49695885539479956
v4,ridge_long_combined_a10_well_equal,1.0,ridge_long_combined_a10_well_equal__w1.00,3783989,773,931905653.1783826,15.693183050059819,10.186801035575169,23.47188795300591,29.545236549010916,65.34249029180275,0.3654475534420769,0.5095659203228705
v5,ridge_long_combined_a10_well_equal,0.25,ridge_long_combined_a10_well_equal__w0.25,3783989,773,626075443.1506993,12.862885453256599,9.175055606669739,18.538828269098378,23.04113567154218,58.01249473608614,0.3321181093179405,0.46931406335879533
v5,ridge_long_combined_a10_well_equal,0.5,ridge_long_combined_a10_well_equal__w0.50,3783989,773,694237834.3702252,13.545006144942318,9.439115639978322,19.959432455206922,24.02463213321325,60.640657600040804,0.34876406173192653,0.48181295723739426
v5,ridge_long_combined_a10_well_equal,0.75,ridge_long_combined_a10_well_equal__w0.75,3783989,773,800546734.8411746,14.545156975521744,9.846154817669026,21.030056724617747,26.169338187245966,63.336192064295304,0.3590552965698868,0.49495670938696146
v5,ridge_long_combined_a10_well_equal,1.0,ridge_long_combined_a10_well_equal__w1.00,3783989,773,945002144.5635475,15.80307002173094,10.419984896235256,22.720889633164234,29.36367456742463,68.03975798827398,0.36806869899994477,0.5097152837858793
v1,ridge_short_combined_a10_well_equal,0.25,ridge_short_combined_a10_well_equal__w0.25,3783989,773,630826023.496643,12.911594193351288,9.295362192480527,18.868856582793065,23.48183448218434,47.46017336910817,0.32640284919370555,0.4610266448694095
v1,ridge_short_combined_a10_well_equal,0.5,ridge_short_combined_a10_well_equal__w0.50,3783989,773,728364795.0919169,13.87393132883878,9.85188269070238,20.606548302845276,24.45462501455814,52.63721367435813,0.3342877760638906,0.47742571306429005
v1,ridge_short_combined_a10_well_equal,0.75,ridge_short_combined_a10_well_equal__w0.75,3783989,773,888675875.9684188,15.324868720626892,10.413199988113123,22.221981181022446,28.07143766594784,62.29723264439462,0.3428354818234849,0.4921621278206059
v1,ridge_short_combined_a10_well_equal,1.0,ridge_short_combined_a10_well_equal__w1.00,3783989,773,1111759266.1261487,17.140774690051952,11.56796860424499,25.174497154406605,31.68961237512558,71.97454531066468,0.3568299805682101,0.5023529456433166
v2,ridge_short_combined_a10_well_equal,0.25,ridge_short_combined_a10_well_equal__w0.25,3783989,773,622182244.4032915,12.82282968664862,9.416095798950817,18.463646992858255,23.040440301683077,47.698638513675135,0.32405705109848454,0.4596920290154567
v2,ridge_short_combined_a10_well_equal,0.5,ridge_short_combined_a10_well_equal__w0.50,3783989,773,705465434.2695923,13.654095532148874,9.909558317894446,19.729643803147475,25.164279130496443,51.80789733649752,0.3298834262155932,0.4717961860956007
v2,ridge_short_combined_a10_well_equal,0.75,ridge_short_combined_a10_well_equal__w0.75,3783989,773,845909130.781499,14.951574314383956,10.503377626737032,22.000881931228943,27.901685727921187,56.868770316714595,0.33641990704972335,0.4844329241123013
v2,ridge_short_combined_a10_well_equal,1.0,ridge_short_combined_a10_well_equal__w1.00,3783989,773,1043513333.9390118,16.606345480125714,11.532059787027674,24.155682374578443,30.367144977618167,62.782998424036556,0.34494968165582496,0.48981153554525164
v3,ridge_short_combined_a10_well_equal,0.25,ridge_short_combined_a10_well_equal__w0.25,3783989,773,630483791.4284347,12.908091356679304,9.371509715814376,18.695161803581623,23.51500500630671,47.85686245025549,0.3225941782900201,0.46263705620830076
v3,ridge_short_combined_a10_well_equal,0.5,ridge_short_combined_a10_well_equal__w0.50,3783989,773,730184550.3873502,13.891251914890772,9.905768327246731,20.268762886836814,24.96176310604447,52.666107748537094,0.32675868744626363,0.4735484912192387
v3,ridge_short_combined_a10_well_equal,0.75,ridge_short_combined_a10_well_equal__w0.75,3783989,773,895161838.059343,15.38069099441006,10.60833063110842,22.372122605671436,27.614741224588865,62.34111920298648,0.33767413904428495,0.482866470400833
v3,ridge_short_combined_a10_well_equal,1.0,ridge_short_combined_a10_well_equal__w1.00,3783989,773,1125415654.4444134,17.24572844446095,11.621707018196004,25.680428020489273,30.988518628462433,72.03357840340158,0.35008240547225866,0.4966008383905857
v4,ridge_short_combined_a10_well_equal,0.25,ridge_short_combined_a10_well_equal__w0.25,3783989,773,640023796.5320088,13.005382454932942,9.362601174867638,18.5408269819597,23.818345801913768,52.82154346682554,0.33323637489078406,0.46615249472510306
v4,ridge_short_combined_a10_well_equal,0.5,ridge_short_combined_a10_well_equal__w0.50,3783989,773,746143024.1502302,14.042230865084377,9.929971299711411,19.876630059040078,26.38950555463208,51.30085514306348,0.34452649266784857,0.48630229714936846
v4,ridge_short_combined_a10_well_equal,0.75,ridge_short_combined_a10_well_equal__w0.75,3783989,773,914417244.0372609,15.54523426010513,10.564908723977453,22.50055413300353,28.621933064244114,55.89571957662885,0.35560689362093517,0.5033641272868317
v4,ridge_short_combined_a10_well_equal,1.0,ridge_short_combined_a10_well_equal__w1.00,3783989,773,1144846456.1931012,17.39396890875488,11.588180137913268,25.160396903702683,32.99308263711627,62.28099567063963,0.36491181481919216,0.5129061459937588
v5,ridge_short_combined_a10_well_equal,0.25,ridge_short_combined_a10_well_equal__w0.25,3783989,773,640752826.6675602,13.012787349374353,9.443952967593043,18.74988275023319,23.687997098614645,56.771995182187844,0.33531768380524357,0.46880425387937874
v5,ridge_short_combined_a10_well_equal,0.5,ridge_short_combined_a10_well_equal__w0.50,3783989,773,745013364.3696828,14.031596876965946,9.760476148870856,20.501097985100692,26.137268276590834,58.181212910566984,0.3452618020028942,0.4865224178826151
v5,ridge_short_combined_a10_well_equal,0.75,ridge_short_combined_a10_well_equal__w0.75,3783989,773,908841174.2889646,15.497764759691114,10.510000922673353,22.27159958875926,28.525769366590627,59.68195787302482,0.3551900521397172,0.5061602079576539
v5,ridge_short_combined_a10_well_equal,1.0,ridge_short_combined_a10_well_equal__w1.00,3783989,773,1132236256.4254057,17.297908529275066,11.48255641968701,25.23670449122588,32.12875120911938,70.98709573257206,0.3666951992301337,0.5193037748102703
v1,ridge_horizon_expert_a10,0.25,ridge_horizon_expert_a10__w0.25,3783989,773,623559381.7365407,12.83701285962384,9.14045384899956,18.594690034584758,23.119161288588817,59.26503163311135,0.336213996013695,0.47312998361344083
v1,ridge_horizon_expert_a10,0.5,ridge_horizon_expert_a10__w0.50,3783989,773,687511263.5523907,13.479226658262865,9.333010968516518,19.808934064461933,23.53340227650218,63.15157058123464,0.3561185579094273,0.4897562751988283
v1,ridge_horizon_expert_a10,0.75,ridge_horizon_expert_a10__w0.75,3783989,773,787915206.6301465,14.42994941203271,9.710126126363264,20.898722767617713,25.7687966015098,67.1065159014482,0.3691418896378264,0.5036372944324048
v1,ridge_horizon_expert_a10,1.0,ridge_horizon_expert_a10__w1.00,3783989,773,924771210.9698085,15.632996045069053,10.302129512633316,22.531304412356985,28.51259790285654,71.59290576845108,0.3787902497963035,0.5165667960345497
v2,ridge_horizon_expert_a10,0.25,ridge_horizon_expert_a10__w0.25,3783989,773,620691108.4890972,12.80745472859418,9.049102560211061,18.20452054960999,22.751747155500237,59.28319329488708,0.3334979346004775,0.4707615584935877
v2,ridge_horizon_expert_a10,0.5,ridge_horizon_expert_a10__w0.50,3783989,773,679199662.635854,13.397501000167013,9.35125331873382,19.368092969711775,23.139409784489892,63.181309255808436,0.35177130859161043,0.48529485958491686
v2,ridge_horizon_expert_a10,0.75,ridge_horizon_expert_a10__w0.75,3783989,773,771585223.6228669,14.279632098455963,9.86372415301172,20.33168128274493,25.07125715182707,67.14235842849052,0.364297104815698,0.49581503108561364
v2,ridge_horizon_expert_a10,1.0,ridge_horizon_expert_a10__w1.00,3783989,773,897847791.4501358,15.403748767047668,10.40619417922232,22.017529989988738,27.582650932170825,71.15583163328432,0.3720479026560915,0.5065015009652367
v3,ridge_horizon_expert_a10,0.25,ridge_horizon_expert_a10__w0.25,3783989,773,619001094.8478476,12.790006817259144,9.126846829352019,18.557835909434644,22.57493366834844,57.22154458246427,0.33168456340136077,0.4687377241001077
v3,ridge_horizon_expert_a10,0.5,ridge_horizon_expert_a10__w0.50,3783989,773,677098180.7300323,13.37675863291876,9.164082230844963,19.53749981489629,23.28507726505444,59.040655621091574,0.3488418642434751,0.4829730141494924
v3,ridge_horizon_expert_a10,0.75,ridge_horizon_expert_a10__w0.75,3783989,773,770350818.829151,14.268205038030802,9.749948385543064,20.654473554927975,25.715605349465267,62.2647402239091,0.36128373759498683,0.4944106265073139
v3,ridge_horizon_expert_a10,1.0,ridge_horizon_expert_a10__w1.00,3783989,773,898759009.1452037,15.411563348255697,10.282930288896084,22.239736505741217,27.718723166360583,71.93764111268315,0.3677366549068932,0.5048628766359439
v4,ridge_horizon_expert_a10,0.25,ridge_horizon_expert_a10__w0.25,3783989,773,620715884.4723372,12.807710342145638,9.08324506377449,18.400871540926413,22.74482315645219,58.91832898479057,0.33591190799358006,0.4718172379093106
v4,ridge_horizon_expert_a10,0.5,ridge_horizon_expert_a10__w0.50,3783989,773,681830738.7448235,13.423425463241506,9.321273155979835,19.43825150004667,23.937264860992798,62.44837681333788,0.3547782032991813,0.48726663934114284
v4,ridge_horizon_expert_a10,0.75,ridge_horizon_expert_a10__w0.75,3783989,773,779404124.0000556,14.351801436421917,9.831143006898078,20.802977963608853,26.470872689520416,66.0397200781793,0.3657190153559553,0.4994374338555985
v4,ridge_horizon_expert_a10,1.0,ridge_horizon_expert_a10__w1.00,3783989,773,913436040.2380334,15.536891713536198,10.290565282558285,22.53467673564172,28.836628390127014,69.68288222017615,0.37121778679389894,0.5120992427387939
v5,ridge_horizon_expert_a10,0.25,ridge_horizon_expert_a10__w0.25,3783989,773,624533685.0318652,12.847037776695684,9.122642574571433,18.588661358096765,22.71336041637474,61.082701651845824,0.3360613369094144,0.47314008863063806
v5,ridge_horizon_expert_a10,0.5,ridge_horizon_expert_a10__w0.50,3783989,773,690783237.0818442,13.511263459394026,9.405164624818722,19.66474206565342,23.670017681842776,66.76928576430218,0.3562055167987945,0.48750908776360025
v5,ridge_horizon_expert_a10,0.75,ridge_horizon_expert_a10__w0.75,3783989,773,794808217.3325335,14.492931570035257,9.69213025441194,20.53941252856695,26.25330028098284,72.50570350243021,0.3684399548104516,0.49886042223676313
v5,ridge_horizon_expert_a10,1.0,ridge_horizon_expert_a10__w1.00,3783989,773,936608625.7839333,15.732731972214845,10.313738904268291,22.432654549841725,29.152469343749928,78.28100023511601,0.375766399268401,0.5104364582449262
v1,extra_trees_combined_well_equal,0.25,extra_trees_combined_well_equal__w0.25,3783989,773,609134910.9330148,12.687668199232748,8.968527542942834,17.842261558950742,22.621461485022685,56.81640646843175,0.33412354602732003,0.47017824355352583
v1,extra_trees_combined_well_equal,0.5,extra_trees_combined_well_equal__w0.50,3783989,773,659543698.7695775,13.20221664445005,9.282458651695775,19.0400934011763,22.73320892414043,58.19886562507039,0.3514693244199194,0.4833177238216761
v1,extra_trees_combined_well_equal,0.75,extra_trees_combined_well_equal__w0.75,3783989,773,747285924.6922848,14.05298130552054,9.575504355991153,20.392355823802973,24.559288777262136,63.70273957143968,0.35870145073203497,0.49083196852790933
v1,extra_trees_combined_well_equal,1.0,extra_trees_combined_well_equal__w1.00,3783989,773,872361588.701137,15.183550377720275,10.092450770847563,22.00968126041167,26.810382505030695,73.85266571453354,0.3636362645535378,0.5004374887851454
v2,extra_trees_combined_well_equal,0.25,extra_trees_combined_well_equal__w0.25,3783989,773,607734299.2906208,12.673073137971217,9.05658837726731,18.292773548798607,22.677600682195184,57.14181887655238,0.3304350544715728,0.46906033195337987
v2,extra_trees_combined_well_equal,0.5,extra_trees_combined_well_equal__w0.50,3783989,773,654766772.5193794,13.15431942094693,9.338194498727857,19.322859392551916,23.205088193692504,58.851222998622156,0.3448958254595183,0.48143927093582856
v2,extra_trees_combined_well_equal,0.75,extra_trees_combined_well_equal__w0.75,3783989,773,737156980.8688723,13.957417153527928,9.725819786357983,20.132948037264413,25.013086943560324,60.587051017201,0.35161125854133607,0.48880711204716243
v2,extra_trees_combined_well_equal,1.0,extra_trees_combined_well_equal__w1.00,3783989,773,854904924.3390998,15.030865087154828,10.199510121204648,22.121029700864625,26.483959118964084,69.58034780301921,0.3568168185311347,0.4954466079307317
v3,extra_trees_combined_well_equal,0.25,extra_trees_combined_well_equal__w0.25,3783989,773,606551337.1385303,12.6607329850354,9.135907138953522,18.293016097077405,22.097368417366727,56.72750856751673,0.33015734830586674,0.46530186262845463
v3,extra_trees_combined_well_equal,0.5,extra_trees_combined_well_equal__w0.50,3783989,773,653430921.2503874,13.140893887714874,9.493466714852772,18.809737952464044,22.674049033345717,58.017604181585135,0.34417287311727696,0.47642798927107416
v3,extra_trees_combined_well_equal,0.75,extra_trees_combined_well_equal__w0.75,3783989,773,736698313.5181683,13.953074247034243,9.827484820308264,20.47485814625311,23.811174074345253,63.08221075169151,0.34996279396525226,0.4857008329112327
v3,extra_trees_combined_well_equal,1.0,extra_trees_combined_well_equal__w1.00,3783989,773,856353513.9418731,15.043594186349468,10.227722772365071,22.220083048607734,26.650048586674952,73.02582225369595,0.3555343586776241,0.4943813141655827
v4,extra_trees_combined_well_equal,0.25,extra_trees_combined_well_equal__w0.25,3783989,773,612544726.8675296,12.723130161282896,9.015907319823533,18.47812073035237,22.39841313945908,58.79474699541072,0.33348663924771,0.4685174435793135
v4,extra_trees_combined_well_equal,0.5,extra_trees_combined_well_equal__w0.50,3783989,773,666896419.7041193,13.275603114170083,9.391527032450789,19.740772582755035,22.892504844564684,62.1619282744225,0.3487089055660498,0.48028601051751524
v4,extra_trees_combined_well_equal,0.75,extra_trees_combined_well_equal__w0.75,3783989,773,759114639.6923656,14.163766251454502,9.863788909253689,20.543433937993353,24.69607334277719,65.55763080559484,0.3565052700007567,0.49000948245689824
v4,extra_trees_combined_well_equal,1.0,extra_trees_combined_well_equal__w1.00,3783989,773,889199386.8322687,15.329381926339492,10.461501066960645,22.438343965906032,27.284562789089073,70.31826593510341,0.3652003021037091,0.501156169398651
v5,extra_trees_combined_well_equal,0.25,extra_trees_combined_well_equal__w0.25,3783989,773,606749952.8313838,12.662805698654203,8.973445239516613,18.251796842631244,22.49382482460477,58.170306054745176,0.33091591225614403,0.4669972817865416
v5,extra_trees_combined_well_equal,0.5,extra_trees_combined_well_equal__w0.50,3783989,773,654515727.8783444,13.151797425228143,9.269953602503387,19.075776456306386,22.668300395052274,60.90467955161822,0.34420507283264806,0.47662726609638517
v5,extra_trees_combined_well_equal,0.75,extra_trees_combined_well_equal__w0.75,3783989,773,739356886.3234786,13.978228272957153,9.754341622046493,20.26135416519454,23.937104335667833,63.661136131631714,0.3503721751740604,0.4828369000632414
v5,extra_trees_combined_well_equal,1.0,extra_trees_combined_well_equal__w1.00,3783989,773,861273428.1667863,15.086746454151495,10.442824218958433,21.526725004334615,26.635114314376303,68.6628606567337,0.35488957125202797,0.4921278007042007
v1,hist_gradient_combined_well_equal,0.25,hist_gradient_combined_well_equal__w0.25,3783989,773,613782493.7695942,12.735978465352803,9.081637587939497,18.258371159649087,22.67951413519537,56.876201788568544,0.3340221456597537,0.47002296703200175
v1,hist_gradient_combined_well_equal,0.5,hist_gradient_combined_well_equal__w0.50,3783989,773,670942027.2973679,13.315809263878185,9.346406244739706,18.77092080886897,23.063285581142217,58.32025843154422,0.35146423766782636,0.4804747397267207
v1,hist_gradient_combined_well_equal,0.75,hist_gradient_combined_well_equal__w0.75,3783989,773,767538161.7659178,14.242133626671082,9.77768896822324,20.348512291401672,24.64461600927001,69.99151102119185,0.36116099999759715,0.49066125094228363
v1,hist_gradient_combined_well_equal,1.0,hist_gradient_combined_well_equal__w1.00,3783989,773,903570897.1752439,15.452764449568358,10.44613590592038,22.26282576071943,27.082581181262405,82.25743837321843,0.3688723513064934,0.5027241436863283
v2,hist_gradient_combined_well_equal,0.25,hist_gradient_combined_well_equal__w0.25,3783989,773,614553678.6060059,12.743976991187493,9.17319367268317,18.382102793705496,22.83204696333551,57.14586025897709,0.3303223631965494,0.4680770783997634
v2,hist_gradient_combined_well_equal,0.5,hist_gradient_combined_well_equal__w0.50,3783989,773,672545568.4806803,13.33171205792907,9.44440355239083,19.11501523410175,23.899771707601182,58.87504447653592,0.34244965504505764,0.4778939541721581
v2,hist_gradient_combined_well_equal,0.75,hist_gradient_combined_well_equal__w0.75,3783989,773,770035230.8066201,14.265282125658764,9.724479323737105,20.59832342680627,25.451056744663358,65.4971073511988,0.34739125946570826,0.48667832250706256
v2,hist_gradient_combined_well_equal,1.0,hist_gradient_combined_well_equal__w1.00,3783989,773,907022665.5838252,15.482252185623393,10.360437982064214,22.86072519654254,26.942705216255966,76.26983043734012,0.3539551610572701,0.49525087619018443
v3,hist_gradient_combined_well_equal,0.25,hist_gradient_combined_well_equal__w0.25,3783989,773,609436608.707403,12.690809841038764,9.03894962629864,18.131824899025613,22.407636051939946,56.486228856055895,0.3318936696433362,0.4670444949817146
v3,hist_gradient_combined_well_equal,0.5,hist_gradient_combined_well_equal__w0.50,3783989,773,661913410.2814182,13.225912870633998,9.602187427788072,18.582869087994816,22.849070781719618,57.52966135713626,0.34799904620230915,0.478948085211666
v3,hist_gradient_combined_well_equal,0.75,hist_gradient_combined_well_equal__w0.75,3783989,773,753489965.9046423,14.11119534675858,9.644242291585002,19.852150015948137,24.84895537580605,66.54667088499919,0.35684269021470527,0.4907405847581311
v3,hist_gradient_combined_well_equal,1.0,hist_gradient_combined_well_equal__w1.00,3783989,773,884166275.5770755,15.285936117220404,10.334659613611208,21.582594901040267,26.899590276726588,77.66990231413124,0.3660035130741436,0.5000819849231444
v4,hist_gradient_combined_well_equal,0.25,hist_gradient_combined_well_equal__w0.25,3783989,773,612979927.909569,12.727649126271759,9.09000971903218,18.5045220687456,22.613213009910353,57.53601146143933,0.3319777242955492,0.465833937142776
v4,hist_gradient_combined_well_equal,0.5,hist_gradient_combined_well_equal__w0.50,3783989,773,670090325.7758968,13.30735495936051,9.574811283534025,18.956899825648584,23.244356745271247,59.64616551352949,0.3473101399743161,0.47477469432165675
v4,hist_gradient_combined_well_equal,0.75,hist_gradient_combined_well_equal__w0.75,3783989,773,767390754.7815801,14.240765948241172,9.63462610598914,20.577307955301176,25.130470088945987,63.477227059534805,0.35654851237608026,0.4848778845712239
v4,hist_gradient_combined_well_equal,1.0,hist_gradient_combined_well_equal__w1.00,3783989,773,904881214.9266187,15.46396484139795,10.359865169562045,22.376488971224912,27.58090206828355,73.56445443608828,0.36396676668215233,0.49834884935046775
v5,hist_gradient_combined_well_equal,0.25,hist_gradient_combined_well_equal__w0.25,3783989,773,613658220.7895702,12.734689068753752,9.090178920816868,18.421744342106347,23.184443283332495,57.977003702672604,0.3336259539851543,0.4690025526300355
v5,hist_gradient_combined_well_equal,0.5,hist_gradient_combined_well_equal__w0.50,3783989,773,672019448.8215054,13.326496464804688,9.513099240920747,19.1829525456995,24.161878296159003,60.513511514972635,0.3500814307177153,0.4794053133723984
v5,hist_gradient_combined_well_equal,0.75,hist_gradient_combined_well_equal__w0.75,3783989,773,771143245.2784027,14.275541693387348,9.787368656404652,20.943840734241707,25.56425036804077,64.24398821241391,0.35691317025433084,0.4880332009257166
v5,hist_gradient_combined_well_equal,1.0,hist_gradient_combined_well_equal__w1.00,3783989,773,911029610.1602618,15.516412391961047,10.573122292884936,23.47516162614752,28.265682419721767,74.59560708874938,0.3620288837804578,0.5001891705154409
v1,knn25_combined,0.25,knn25_combined__w0.25,3783989,773,621852812.4190242,12.819434532273947,9.139482750848398,18.748883896411808,22.607607431785127,58.36123662773473,0.33906132271428796,0.472835791538703
v1,knn25_combined,0.5,knn25_combined__w0.50,3783989,773,697763181.2752995,13.57935343684768,9.618496309058283,19.29189312636923,23.431866658610705,61.29013774471842,0.354317888932299,0.48365884057739295
v1,knn25_combined,0.75,knn25_combined__w0.75,3783989,773,823790667.7514229,14.754805918767671,10.262475708068685,20.63711492346506,25.535363654489785,66.19794281410265,0.3588215687209102,0.48966213233024575
v1,knn25_combined,1.0,knn25_combined__w1.00,3783989,773,999935271.8473941,16.25589971488141,11.31204613669443,22.780162390346458,29.42363002066618,77.18010181322805,0.3598827713560622,0.4941408148353149
v2,knn25_combined,0.25,knn25_combined__w0.25,3783989,773,615667310.9933016,12.755518441882723,9.211570939762657,18.32596740541039,23.003807351344552,57.59707511920798,0.3341312349926967,0.47031041339022095
v2,knn25_combined,0.5,knn25_combined__w0.50,3783989,773,684052224.8284025,13.445275243115415,9.639612218400208,19.238424838672277,24.038123300793586,59.75947796870572,0.34748438951347405,0.47934068361140625
v2,knn25_combined,0.75,knn25_combined__w0.75,3783989,773,801214302.6878992,14.551220241600358,10.078518987917379,20.5153611540147,26.821131187820843,61.94570391589736,0.34917228456628935,0.4858684253556485
v2,knn25_combined,1.0,knn25_combined__w1.00,3783989,773,967153544.5717921,15.98721374068957,10.918645856254258,22.93805860870389,28.881849309537184,67.94099831742578,0.3475050161998894,0.49010460074713863
v3,knn25_combined,0.25,knn25_combined__w0.25,3783989,773,625005593.5218333,12.851890582492338,9.170911222151755,18.535493336195525,22.7195484205398,58.35836818335421,0.33323181785022654,0.4685559351845687
v3,knn25_combined,0.5,knn25_combined__w0.50,3783989,773,703869812.6496862,13.638645375236559,9.560140282431517,19.556924851500806,23.899747228061788,61.2843932225954,0.34509691278899396,0.47819958836714727
v3,knn25_combined,0.75,knn25_combined__w0.75,3783989,773,832652218.5661556,14.83395267536987,10.285930086167657,21.074627253952592,26.355472164360044,64.23540259183963,0.34749076766179077,0.483616337340963
v3,knn25_combined,1.0,knn25_combined__w1.00,3783989,773,1011352811.2712413,16.34844348723478,11.199635507409447,23.718653836471173,29.22458729871759,70.54063857121756,0.35048360874591533,0.4886698320568627
v4,knn25_combined,0.25,knn25_combined__w0.25,3783989,773,622688379.7631407,12.828044210380973,9.179994663168408,18.416893427631546,22.552982390175895,60.3782521014669,0.3378843379067797,0.47228003421305437
v4,knn25_combined,0.5,knn25_combined__w0.50,3783989,773,698429064.1464435,13.585831352883554,9.583348765679563,19.523561235298416,23.365454544436105,65.33078739590636,0.35478325546303147,0.4819352855424717
v4,knn25_combined,0.75,knn25_combined__w0.75,3783989,773,823281614.3325052,14.750246419985972,10.199498526470002,20.768840986187048,25.49966200997706,70.31137293528612,0.35940721725219543,0.4867082919713367
v4,knn25_combined,1.0,knn25_combined__w1.00,3783989,773,997246030.321326,16.23402556260875,11.354571998380816,23.12151642078525,28.254326515370746,75.31444399088127,0.36030554905982204,0.4919929258412038
v5,knn25_combined,0.25,knn25_combined__w0.25,3783989,773,618440560.2478759,12.784214529352704,9.179336204004121,18.269562511547388,22.68846436745114,59.80328192579722,0.33391698279872917,0.468384858552785
v5,knn25_combined,0.5,knn25_combined__w0.50,3783989,773,689700855.3036332,13.500673973601936,9.6353773919471,19.148894702236777,23.381787509942086,64.17777713908961,0.3469077389459645,0.47762829184461364
v5,knn25_combined,0.75,knn25_combined__w0.75,3783989,773,809840446.3498687,14.629342207383546,10.109072473825382,20.317749196665794,25.23134092229248,68.5785494704956,0.35375739708627135,0.48406270735582957
v5,knn25_combined,1.0,knn25_combined__w1.00,3783989,773,978859333.3865824,16.08367209844306,10.994917870865276,23.108421476515094,28.781559707458214,77.62604563918325,0.35899054667102936,0.4903751592098605
v1,ridge_horizon_only_a10,0.25,ridge_horizon_only_a10__w0.25,3783989,773,623560438.0923697,12.837023733045053,9.030833818872072,18.196545600295693,23.566176002537187,55.457341262939124,0.3333992094965045,0.47191055540533716
v1,ridge_horizon_only_a10,0.5,ridge_horizon_only_a10__w0.50,3783989,773,687512845.6541252,13.479242167460123,9.294614379536958,19.774319351396812,24.24538012091308,55.47165522680322,0.3494113751875503,0.4871879099573462
v1,ridge_horizon_only_a10,0.75,ridge_horizon_only_a10__w0.75,3783989,773,787916783.8678633,14.429963854861636,9.670184619048074,21.06692806666124,26.290942404700072,58.958679485312715,0.3585293649594395,0.49745485258478617
v1,ridge_horizon_only_a10,1.0,ridge_horizon_only_a10__w1.00,3783989,773,924772252.733584,15.63300485042772,10.330918270627015,22.71403678908506,29.256108554608353,67.52124404226187,0.365357406642493,0.5094684881293893
v2,ridge_horizon_only_a10,0.25,ridge_horizon_only_a10__w0.25,3783989,773,622962270.5450052,12.830865121212522,9.050451944483166,18.284805977643355,23.341388523597544,54.97635876392296,0.3335697189313717,0.47195124968191837
v2,ridge_horizon_only_a10,0.5,ridge_horizon_only_a10__w0.50,3783989,773,685672908.9897046,13.46119336482294,9.277420124507447,19.73165917989587,23.91741459834896,54.508080165438166,0.3493865759186636,0.4880009719114278
v2,ridge_horizon_only_a10,0.75,ridge_horizon_only_a10__w0.75,3783989,773,784191476.5166948,14.395810666058692,9.656992170483534,21.24530478721692,26.19717764309219,57.247908767998695,0.3585524309978923,0.49952011337280977
v2,ridge_horizon_only_a10,1.0,ridge_horizon_only_a10__w1.00,3783989,773,918517973.125976,15.580051782401632,10.294670030768453,22.980266555485155,28.893295711753215,65.23739008423814,0.3666641032166495,0.5120182268425483
v3,ridge_horizon_only_a10,0.25,ridge_horizon_only_a10__w0.25,3783989,773,621748513.8443024,12.818359434765602,9.03454056205884,18.34101261601008,23.400878718885483,54.95258927629059,0.3326581007316544,0.4714537564466947
v3,ridge_horizon_only_a10,0.5,ridge_horizon_only_a10__w0.50,3783989,773,683323710.9640399,13.43811374404432,9.214975134752155,19.78045266789892,24.055077591331354,54.46171258532133,0.3476042571296214,0.486723040960096
v3,ridge_horizon_only_a10,0.75,ridge_horizon_only_a10__w0.75,3783989,773,780785152.5418091,14.364510809313327,9.674875727116504,21.15674517157262,25.706297284309247,58.54080374861898,0.3561711681511038,0.49751082562835686
v3,ridge_horizon_only_a10,1.0,ridge_horizon_only_a10__w1.00,3783989,773,914132838.5776101,15.542816603751847,10.17486328316726,22.163420142789164,29.536025279324072,66.96384316098282,0.36485263637563947,0.5084795878661393
v4,ridge_horizon_only_a10,0.25,ridge_horizon_only_a10__w0.25,3783989,773,625081804.203027,12.852674112664145,9.01670878813662,18.271700718452333,23.43977056397434,57.21425102289998,0.33515672036063976,0.4728042471889601
v4,ridge_horizon_only_a10,0.5,ridge_horizon_only_a10__w0.50,3783989,773,690439917.553685,13.507905490608419,9.263010185275677,19.55998122794673,23.667929606102767,58.99628257696185,0.352443217979599,0.4888991256523746
v4,ridge_horizon_only_a10,0.75,ridge_horizon_only_a10__w0.75,3783989,773,792133901.2345706,14.468528615045138,9.720604100345728,21.039775767841874,25.566962497323022,60.80482145842035,0.36223998295130166,0.4997585526328261
v4,ridge_horizon_only_a10,1.0,ridge_horizon_only_a10__w1.00,3783989,773,930163755.2456839,15.678509510468771,10.321864377157956,22.79880346527135,28.95832733916303,67.58015416441164,0.37053709849539324,0.5114649115619794
v5,ridge_horizon_only_a10,0.25,ridge_horizon_only_a10__w0.25,3783989,773,624222170.4937907,12.84383335529397,9.041784390984013,18.452296551508546,23.612489116935645,56.533754096415706,0.33464048166972793,0.47275422420725016
v5,ridge_horizon_only_a10,0.5,ridge_horizon_only_a10__w0.50,3783989,773,688820731.6940979,13.492057154468776,9.284723688776493,19.883164385328328,24.313195218794533,57.63286922960897,0.35135607220927334,0.48889342266775965
v5,ridge_horizon_only_a10,0.75,ridge_horizon_only_a10__w0.75,3783989,773,789855244.7835183,14.447703505971608,9.711547905496413,21.113055699739128,26.501198982941506,59.424801328055004,0.36068045149337113,0.49988159673272564
v5,ridge_horizon_only_a10,1.0,ridge_horizon_only_a10__w1.00,3783989,773,927325709.7620519,15.654572695209492,10.30506247051338,22.98862410199111,29.260107091230868,68.1442074757323,0.3697580019840597,0.510983349261979
