feature,selection_count
ancc_hidden_delta,30
ancc_hidden_offset_change_to_z,30
ancc_hidden_slope,30
ancc_visible_slope,30
astnl_hidden_delta,30
astnl_hidden_offset_change_to_z,30
astnl_hidden_slope,30
astnl_visible_slope,30
astnu_hidden_delta,30
astnu_hidden_offset_change_to_z,30
astnu_hidden_slope,30
astnu_visible_slope,30
backtest_0p5_u_slope_delta,30
backtest_0p7_u_slope_delta,30
backtest_0p85_u_slope_delta,30
buda_hidden_delta,30
buda_hidden_offset_change_to_z,30
buda_hidden_slope,30
buda_visible_slope,30
egfdl_hidden_delta,30
egfdl_hidden_offset_change_to_z,30
egfdl_hidden_slope,30
egfdl_visible_slope,30
egfdu_hidden_delta,30
egfdu_hidden_offset_change_to_z,30
egfdu_hidden_slope,30
egfdu_visible_slope,30
hidden_z_delta,30
hidden_z_slope,30
visible_u_slope,30
visible_u_slope_delta_w128,30
visible_u_slope_delta_w32,30
visible_u_slope_delta_w512,30
z_hidden_delta,30
visible_u_delta,29
backtest_0p85_rmse,28
hidden_azimuth_cos,28
hidden_gr_range,28
visible_tvt_slope_w32,27
egfdl_last_offset_to_z,25
visible_tvt_slope_w128,25
egfdu_last_offset_to_z,24
visible_u_std,24
backtest_0p85_toe,22
backtest_0p85_trend,21
x_total_delta,18
hidden_gr_std,16
z_total_delta,16
visible_tvt_slope,15
x_hidden_delta,15
buda_last_offset_to_z,14
visible_u_mean,10
hidden_azimuth_sin,8
last_visible_u,5
backtest_0p85_mean,4
hidden_fraction,4
visible_u_range,3
visible_tvt_std,2
visible_u_slope_w32,2
ancc_last_offset_to_z,1
visible_tvt_delta,1
visible_tvt_range,1
visible_u_slope_w128,1
whole_gr_std,1
y_hidden_delta,1
y_total_delta,1
