candidate,rmse,sse,rows,wells,median_well_rmse,p90_well_rmse,max_well_rmse,worst20_sse_share,gain_vs_e011,gain_vs_fixed_pf_blend,primary
fixed_pf_blend,9.276141513243775,42182293.2034341,490225,100,6.860195130571684,15.185572538030431,29.65369723371943,0.6356014357510601,3.250743104870649,0.0,False
pf,10.023096001917848,49249206.24922348,490225,100,5.716885073046528,16.639881093421426,31.735987500060773,0.736027974631202,2.5037886161965766,-0.7469544886740724,False
control_shuffled_well_pseudo,10.725904282490802,56397946.24190809,490225,100,7.395522713553136,15.670863418548208,41.52502637070116,0.6470590314745456,1.8009803356236223,-1.4497627692470267,False
control_rotated_candidate_labels,10.971271725778376,59007796.58836156,490225,100,7.776863252681448,15.868466650756877,37.126595317602714,0.625754801114553,1.5556128923360486,-1.6951302125346004,False
uniform_tracker,11.010235850069629,59427669.49336933,490225,100,7.770762552982954,15.786897018931557,32.83101383309701,0.6149980156766999,1.5166487680447958,-1.7340943368258532,False
inverse_mse_conservative,11.154147760459058,60991349.38621435,490225,100,7.453897404449924,16.281098411520844,35.748560273020466,0.6654809488415128,1.372736857655367,-1.878006247215282,True
inverse_mse_balanced,11.18613633211026,61341680.73023216,490225,100,7.781939076548555,16.17000474733811,34.06372713342634,0.6346537491255034,1.340748286004164,-1.909994818866485,False
soft_t8_conservative,11.750390725848085,67686190.41144463,490225,100,7.777734162462032,17.656646775409673,41.603377359094424,0.7052025746374923,0.7764938922663394,-2.4742492126043096,False
soft_t4_conservative,12.15911336826479,72476843.48066264,490225,100,7.612393831816919,18.406737889237494,43.62483472190146,0.7228910802483662,0.3677712498496337,-2.8829718550210153,False
e011,12.526884618114424,76927498.37402338,490225,100,9.152525787129884,17.101211669713692,38.52460062694175,0.5689708607765595,0.0,-3.250743104870649,False
hard_conservative,13.354972564423772,87434223.11703493,490225,100,7.676401722108417,21.829304738886062,47.90094224929053,0.7461389661792621,-0.8280879463093473,-4.078831051179996,False
hmm_stable,14.524406946445819,103417080.24087998,490225,100,8.06441146051887,20.06633440681954,57.40458316238027,0.7598882054028099,-1.997522328331394,-5.248265433202043,False
hmm_edge,25.158243382996098,310281643.8301294,490225,100,13.03483770969427,42.73954353247988,84.85296288766855,0.7763055962638715,-12.631358764881673,-15.882101869752322,False
