fold,cell,wells,reference_rmse,primary_rmse,gain,win
0,0,4,11.85408687214158,13.750501219654039,-1.896414347512458,False
0,1,4,5.158878334311328,5.395045323434666,-0.23616698912333867,False
0,2,4,7.152577179152663,6.485450161256636,0.6671270178960276,True
0,3,4,13.908619017739039,21.221332947655903,-7.312713929916864,False
0,4,4,7.857287887154665,8.124391584793521,-0.26710369763885655,False
1,0,4,11.033251447960563,11.685428044218336,-0.6521765962577728,False
1,1,4,8.030739554352785,18.416782340713777,-10.386042786360992,False
1,2,4,6.083578664483821,9.606030421712937,-3.522451757229116,False
1,3,4,5.898716061049512,7.236852348353929,-1.3381362873044162,False
1,4,4,11.189313994654333,9.879395859106484,1.3099181355478482,True
2,0,4,12.368647740323853,11.664189066330911,0.7044586739929422,True
2,1,4,7.8392785681469475,8.45149086110826,-0.6122122929613125,False
2,2,4,11.660017821508548,11.685408392124517,-0.0253905706159685,False
2,3,4,7.984780297070267,9.785727659502696,-1.8009473624324288,False
2,4,4,7.207484081200427,7.202928872902828,0.00455520829759859,True
3,0,4,10.746054521365593,11.478436937702536,-0.732382416336943,False
3,1,4,5.073178703746006,5.365718387579474,-0.29253968383346773,False
3,2,4,6.759484157222843,6.349170162329483,0.41031399489336007,True
3,3,4,6.372061654936191,8.357638054239706,-1.9855763993035147,False
3,4,4,6.577938462763511,12.201869770720124,-5.623931307956614,False
4,0,4,10.210479655767326,11.028810629504006,-0.8183309737366802,False
4,1,4,7.270098248853332,8.564406930587042,-1.2943086817337104,False
4,2,4,15.7681285844116,14.931444621456126,0.8366839629554743,True
4,3,4,11.534426048876078,15.210013621122199,-3.675587572246121,False
4,4,4,5.786720476781405,5.874411064370032,-0.08769058758862691,False
