map,candidate,rows_scored,wells_scored,sse,rmse,median_well_rmse,p90_well_rmse,p95_well_rmse,max_well_rmse,worst_5pct_sse_share,worst_10pct_sse_share,mean_error_sse_share,linear_trend_sse_share,shape_sse_share,datum_removed_rmse,datum_trend_removed_rmse
v1,last_known_tvt,3783989,773,957816230.749,15.9098528707,10.6651407867,22.9725365671,29.0107644333,70.6393746197,0.389907238479,0.524763097962,0.67747498758,0.145329168282,0.177195844138,9.0354099881,6.69719477012
v1,e004_geometry_prefix,3783989,773,908083851.946,15.4913063983,10.1016293787,22.4630210994,29.3421252812,68.8470020296,0.383094984614,0.521275338483,0.656867070393,0.156232727414,0.186900202193,9.07442766127,6.69719477012
v1,e006_nested_fusion,3783989,773,843824604.246,14.9331407872,9.75988940513,21.7855500884,28.0004750949,64.8699823667,0.36850611119,0.50920588896,0.638636705687,0.160230197835,0.201133096479,8.97683366276,6.69719477012
v1,mean_residual_datum,3783989,773,844910101.582,14.9427427085,9.75786782253,21.9009820226,28.018619413,64.8491416991,0.368133470078,0.508957996656,0.639100966787,0.160024342262,0.200874690951,8.97683366276,6.69719477012
v1,mean_residual_datum_trend,3783989,773,845215136.836,14.9454398309,9.77163447774,21.8652440559,27.9971196825,64.8615870881,0.368313281941,0.509075012498,0.638870317432,0.160327486606,0.200802195962,8.9813225472,6.69719477012
v1,ridge_residual_datum,3783989,773,830770481.901,14.8171813388,10.1724644738,21.3687267971,28.1515612694,60.9950776875,0.355638498441,0.495780801975,0.632958506042,0.162747938476,0.204293555482,8.97683366276,6.69719477012
v1,ridge_residual_datum_trend,3783989,773,854561747.922,15.0278479352,10.1710779683,21.9981970324,28.6642160188,61.088620863,0.35697865941,0.502902582108,0.640529941968,0.160864098955,0.198605959077,9.01006974419,6.69719477012
v1,ridge_residual_conservative,3783989,773,843148628.402,14.9271582259,9.80261345908,21.8467631794,28.1162084521,62.9771629108,0.367895700956,0.508173409806,0.63862543453,0.160080214961,0.201294350509,8.97337727519,6.69719477012
v1,ridge_no_e007_ablation,3783989,773,864319908.752,15.1134051823,10.1606198277,21.9387510266,27.9690071905,63.2991997656,0.355724896686,0.499551023217,0.646152366994,0.157483932693,0.196363700313,8.99022318003,6.69719477012
v1,duplicate_feature_ridge,3783989,773,854561747.922,15.0278479352,10.1710779683,21.9981970324,28.6642160188,61.088620863,0.35697865941,0.502902582108,0.640529941968,0.160864098955,0.198605959077,9.01006974419,6.69719477012
v1,shuffled_target_ridge,3783989,773,873522185.968,15.1936471828,9.94902256282,22.7265989283,29.1024277616,69.6380218468,0.36083631375,0.507862451703,0.646196700795,0.159508227753,0.194295071451,9.03738900555,6.69719477012
v1,oracle_residual_datum,3783989,773,304927238.813,8.97683366276,6.87704831073,12.9606458584,15.7155469745,32.7785729696,0.28036636964,0.409057215707,2.43642034693e-33,0.443404740759,0.556595259241,8.97683366276,6.69719477012
v1,oracle_residual_datum_trend,3783989,773,169721055.537,6.69719477012,5.37055839022,9.59631149894,11.0142186513,22.5787347149,0.241195666667,0.369590319387,8.58419452016e-33,7.59313182096e-29,1,6.69719477012,6.69719477012
v2,last_known_tvt,3783989,773,957816230.749,15.9098528707,10.6651407867,22.9725365671,29.0107644333,70.6393746197,0.389907238479,0.524763097962,0.67747498758,0.145329168282,0.177195844138,9.0354099881,6.69719477012
v2,e004_geometry_prefix,3783989,773,908083851.946,15.4913063983,10.1016293787,22.4630210994,29.3421252812,68.8470020296,0.383094984614,0.521275338483,0.656867070393,0.156232727414,0.186900202193,9.07442766127,6.69719477012
v2,e006_nested_fusion,3783989,773,843824604.246,14.9331407872,9.75988940513,21.7855500884,28.0004750949,64.8699823667,0.36850611119,0.50920588896,0.638636705687,0.160230197835,0.201133096479,8.97683366276,6.69719477012
v2,mean_residual_datum,3783989,773,844831519.409,14.9420478059,9.70616628683,21.8638963252,27.9988764257,64.384391371,0.368264328281,0.509655115441,0.639067397691,0.160039226958,0.200893375351,8.97683366276,6.69719477012
v2,mean_residual_datum_trend,3783989,773,845348721.713,14.9466208355,9.7232550738,21.9653037818,28.0207914768,64.3150055047,0.368400145706,0.509750568361,0.638676402683,0.160553132801,0.200770464517,8.98444346502,6.69719477012
v2,ridge_residual_datum,3783989,773,844894917.954,14.9426084421,10.4390545259,21.9526565899,27.8090228495,59.0312298505,0.349408992273,0.487872868317,0.639094481061,0.160027218064,0.200878300875,8.97683366276,6.69719477012
v2,ridge_residual_datum_trend,3783989,773,856325274.186,15.0433461399,10.2582791268,21.8647777331,27.717375131,58.6766917443,0.35721684561,0.495552578065,0.644154847857,0.157648204496,0.198196947647,8.97377084829,6.69719477012
v2,ridge_residual_conservative,3783989,773,842561235.568,14.9219576995,9.81885638826,21.812848683,27.8198387005,63.1097932239,0.364961991039,0.505584960833,0.638976568542,0.15958874829,0.201434683169,8.96589192183,6.69719477012
v2,ridge_no_e007_ablation,3783989,773,855712833.027,15.0379657006,10.0764361876,21.7086958997,27.3721766205,59.1814452885,0.360222871354,0.498688659615,0.644639738876,0.157021462188,0.198338798936,8.9644473341,6.69719477012
v2,duplicate_feature_ridge,3783989,773,856325274.186,15.0433461399,10.2582791268,21.8647777331,27.717375131,58.6766917443,0.35721684561,0.495552578065,0.644154847857,0.157648204496,0.198196947647,8.97377084829,6.69719477012
v2,shuffled_target_ridge,3783989,773,869472874.818,15.1583903388,10.200424338,22.1976145621,28.5249799062,64.8590750432,0.364464253275,0.504692422952,0.6411019621,0.163698094978,0.195199942922,9.08110355832,6.69719477012
v2,oracle_residual_datum,3783989,773,304927238.813,8.97683366276,6.87704831073,12.9606458584,15.7155469745,32.7785729696,0.28036636964,0.409057215707,2.43642034693e-33,0.443404740759,0.556595259241,8.97683366276,6.69719477012
v2,oracle_residual_datum_trend,3783989,773,169721055.537,6.69719477012,5.37055839022,9.59631149894,11.0142186513,22.5787347149,0.241195666667,0.369590319387,8.58419452016e-33,7.59313182096e-29,1,6.69719477012,6.69719477012
v3,last_known_tvt,3783989,773,957816230.749,15.9098528707,10.6651407867,22.9725365671,29.0107644333,70.6393746197,0.389907238479,0.524763097962,0.67747498758,0.145329168282,0.177195844138,9.0354099881,6.69719477012
v3,e004_geometry_prefix,3783989,773,908083851.946,15.4913063983,10.1016293787,22.4630210994,29.3421252812,68.8470020296,0.383094984614,0.521275338483,0.656867070393,0.156232727414,0.186900202193,9.07442766127,6.69719477012
v3,e006_nested_fusion,3783989,773,843824604.246,14.9331407872,9.75988940513,21.7855500884,28.0004750949,64.8699823667,0.36850611119,0.50920588896,0.638636705687,0.160230197835,0.201133096479,8.97683366276,6.69719477012
v3,mean_residual_datum,3783989,773,844852701.986,14.9422351267,9.78615343263,21.8546828983,28.1700850295,64.6705344562,0.368216734749,0.509535132887,0.639076447177,0.160035214373,0.20088833845,8.97683366276,6.69719477012
v3,mean_residual_datum_trend,3783989,773,845324462.907,14.9464063738,9.82462409318,21.9004739906,28.09083097,64.6856047115,0.368285324502,0.509588166123,0.638719789697,0.160503984151,0.200776226152,8.98377512625,6.69719477012
v3,ridge_residual_datum,3783989,773,850532159.522,14.9923750176,10.3489040087,21.4584119082,27.971875232,60.27066304,0.346755743108,0.485922347029,0.641486526524,0.158966573765,0.199546899711,8.97683366276,6.69719477012
v3,ridge_residual_datum_trend,3783989,773,843680904.712,14.9318692098,10.3455593607,21.9500400085,27.4721767248,57.1556251401,0.341699807664,0.486599757656,0.638306038299,0.160526607327,0.201167354374,8.98017513372,6.69719477012
v3,ridge_residual_conservative,3783989,773,831501233.599,14.8236965561,9.9397988873,21.6824504349,27.6738577657,60.4024175665,0.359970756467,0.502590802366,0.635428907538,0.160457077138,0.204114015324,8.95050688834,6.69719477012
v3,ridge_no_e007_ablation,3783989,773,851828827.808,15.0037988852,10.5038989666,22.4754158395,28.1596212711,56.8939385546,0.344505928191,0.489519810846,0.642767944492,0.157988909472,0.199243146036,8.96760448237,6.69719477012
v3,duplicate_feature_ridge,3783989,773,843680904.712,14.9318692098,10.3455593607,21.9500400085,27.4721767248,57.1556251401,0.341699807664,0.486599757656,0.638306038299,0.160526607327,0.201167354374,8.98017513372,6.69719477012
v3,shuffled_target_ridge,3783989,773,881245481.601,15.2606671126,10.0257939966,22.3791278011,28.3088975358,72.3090234025,0.371177920928,0.511932270969,0.646382297586,0.161025446249,0.192592256165,9.07487220792,6.69719477012
v3,oracle_residual_datum,3783989,773,304927238.813,8.97683366276,6.87704831073,12.9606458584,15.7155469745,32.7785729696,0.28036636964,0.409057215707,2.43642034693e-33,0.443404740759,0.556595259241,8.97683366276,6.69719477012
v3,oracle_residual_datum_trend,3783989,773,169721055.537,6.69719477012,5.37055839022,9.59631149894,11.0142186513,22.5787347149,0.241195666667,0.369590319387,8.58419452016e-33,7.59313182096e-29,1,6.69719477012,6.69719477012
v4,last_known_tvt,3783989,773,957816230.749,15.9098528707,10.6651407867,22.9725365671,29.0107644333,70.6393746197,0.389907238479,0.524763097962,0.67747498758,0.145329168282,0.177195844138,9.0354099881,6.69719477012
v4,e004_geometry_prefix,3783989,773,908083851.946,15.4913063983,10.1016293787,22.4630210994,29.3421252812,68.8470020296,0.383094984614,0.521275338483,0.656867070393,0.156232727414,0.186900202193,9.07442766127,6.69719477012
v4,e006_nested_fusion,3783989,773,843824604.246,14.9331407872,9.75988940513,21.7855500884,28.0004750949,64.8699823667,0.36850611119,0.50920588896,0.638636705687,0.160230197835,0.201133096479,8.97683366276,6.69719477012
v4,mean_residual_datum,3783989,773,846459943.881,14.9564413754,9.77268771208,21.9307941185,28.0542393783,63.8810997393,0.368440390164,0.509352064217,0.639761761892,0.15973134258,0.200506895529,8.97683366276,6.69719477012
v4,mean_residual_datum_trend,3783989,773,847799082.418,14.9682675887,9.82496742271,21.9478983716,28.0220409253,63.6942337017,0.368589051073,0.509293700396,0.63875122809,0.161058586456,0.200190185454,8.99652369528,6.69719477012
v4,ridge_residual_datum,3783989,773,844367176.693,14.9379409606,10.1788723944,21.3797999517,28.8122895599,60.6113435522,0.361769417376,0.501561389849,0.638868910079,0.160127237306,0.201003852615,8.97683366276,6.69719477012
v4,ridge_residual_datum_trend,3783989,773,848287746.492,14.9725807574,10.1056451082,21.6292391499,28.6280262043,58.8978637065,0.357402657253,0.502932352104,0.637394675458,0.162530460513,0.200074864029,9.01599687964,6.69719477012
v4,ridge_residual_conservative,3783989,773,836527998.236,14.8684366906,9.8218594081,21.8645178049,28.4870100103,60.5763524082,0.365138052957,0.506620453239,0.634920795509,0.162191726852,0.202887477639,8.98377477909,6.69719477012
v4,ridge_no_e007_ablation,3783989,773,864408607.841,15.1141806538,10.1064094283,22.0004342988,28.817739685,59.522599349,0.361328874798,0.502535596731,0.645990807173,0.157665641876,0.196343550952,8.99273671998,6.69719477012
v4,duplicate_feature_ridge,3783989,773,848287746.492,14.9725807574,10.1056451082,21.6292391499,28.6280262043,58.8978637065,0.357402657253,0.502932352104,0.637394675458,0.162530460513,0.200074864029,9.01599687964,6.69719477012
v4,shuffled_target_ridge,3783989,773,875093530.012,15.2073066641,10.1092298702,22.0076238438,28.3566129842,66.9720453076,0.373773469619,0.509187594741,0.642779192134,0.16327461844,0.193946189426,9.08909573781,6.69719477012
v4,oracle_residual_datum,3783989,773,304927238.813,8.97683366276,6.87704831073,12.9606458584,15.7155469745,32.7785729696,0.28036636964,0.409057215707,2.43642034693e-33,0.443404740759,0.556595259241,8.97683366276,6.69719477012
v4,oracle_residual_datum_trend,3783989,773,169721055.537,6.69719477012,5.37055839022,9.59631149894,11.0142186513,22.5787347149,0.241195666667,0.369590319387,8.58419452016e-33,7.59313182096e-29,1,6.69719477012,6.69719477012
v5,last_known_tvt,3783989,773,957816230.749,15.9098528707,10.6651407867,22.9725365671,29.0107644333,70.6393746197,0.389907238479,0.524763097962,0.67747498758,0.145329168282,0.177195844138,9.0354099881,6.69719477012
v5,e004_geometry_prefix,3783989,773,908083851.946,15.4913063983,10.1016293787,22.4630210994,29.3421252812,68.8470020296,0.383094984614,0.521275338483,0.656867070393,0.156232727414,0.186900202193,9.07442766127,6.69719477012
v5,e006_nested_fusion,3783989,773,843824604.246,14.9331407872,9.75988940513,21.7855500884,28.0004750949,64.8699823667,0.36850611119,0.50920588896,0.638636705687,0.160230197835,0.201133096479,8.97683366276,6.69719477012
v5,mean_residual_datum,3783989,773,845780485.266,14.9504373565,9.72813133881,21.8514698938,28.0618733756,64.6931301119,0.368755254672,0.509772826592,0.639472364136,0.159859662917,0.200667972947,8.97683366276,6.69719477012
v5,mean_residual_datum_trend,3783989,773,846282063.119,14.9548697695,9.75410911359,21.7911998991,28.0316391999,64.7024171805,0.368953473583,0.509833410752,0.639093359087,0.160357600666,0.200549040247,8.9842136707,6.69719477012
v5,ridge_residual_datum,3783989,773,838579860.533,14.8866604081,10.1841043394,21.9473150564,27.3231217003,60.1093491128,0.351974674701,0.495595255107,0.636376625335,0.161232328177,0.202391046488,8.97683366276,6.69719477012
v5,ridge_residual_datum_trend,3783989,773,846756668.283,14.9590626172,10.1860538054,21.4068740885,28.0986219862,58.2241317184,0.350930535541,0.497366630907,0.637685832515,0.161877534514,0.200436632972,9.00423950493,6.69719477012
v5,ridge_residual_conservative,3783989,773,843064167.293,14.9264105547,9.76368732646,21.5163901032,28.1585192264,63.0620844781,0.363139241016,0.506375229575,0.638657930812,0.160027552309,0.201314516879,8.97252436656,6.69719477012
v5,ridge_no_e007_ablation,3783989,773,850125769.771,14.988792863,9.94418500057,21.2979210151,28.8764327311,58.8548849007,0.362468688334,0.503839884397,0.640247088108,0.160110621807,0.199642290084,8.9901888943,6.69719477012
v5,duplicate_feature_ridge,3783989,773,846756668.283,14.9590626172,10.1860538054,21.4068740885,28.0986219862,58.2241317184,0.350930535541,0.497366630907,0.637685832515,0.161877534514,0.200436632972,9.00423950493,6.69719477012
v5,shuffled_target_ridge,3783989,773,891451585.182,15.3487830727,10.0719930313,23.0768838846,29.6993461942,65.8398677465,0.365119298851,0.514304822678,0.650679326616,0.158933378821,0.190387294563,9.07164595744,6.69719477012
v5,oracle_residual_datum,3783989,773,304927238.813,8.97683366276,6.87704831073,12.9606458584,15.7155469745,32.7785729696,0.28036636964,0.409057215707,2.43642034693e-33,0.443404740759,0.556595259241,8.97683366276,6.69719477012
v5,oracle_residual_datum_trend,3783989,773,169721055.537,6.69719477012,5.37055839022,9.59631149894,11.0142186513,22.5787347149,0.241195666667,0.369590319387,8.58419452016e-33,7.59313182096e-29,1,6.69719477012,6.69719477012
