model,feature,median,mean,scale,coefficient_datum,coefficient_trend
ridge_residual_datum_trend_full_fit,hidden_gr_std,13.5403601268,14.0003393593,4.10585786671,0.0627592685828,0.12155111724
ridge_residual_datum_trend_full_fit,e006_minus_e004_last,-0.680853900001,-0.784449934955,4.1680616365,0.140651304662,0.0959487850119
ridge_residual_datum_trend_full_fit,selfcorr_raw_minus_e006_positive_fraction,0.359470468432,0.453721465663,0.407180819392,0.13592549016,0.0407505394309
ridge_residual_datum_trend_full_fit,whole_gr_std,17.2948312779,17.8619464976,3.98334136264,-0.142417143621,-0.0535009804325
ridge_residual_datum_trend_full_fit,e006_minus_e004_mean,-0.458148297936,-0.517514404863,3.10484136131,0.0524871216146,0.056931008604
ridge_residual_datum_trend_full_fit,selfcorr_raw_minus_e006_mean,-1.30565176821,-1.77758879132,19.7390879116,0.0310228990188,0.0278675409435
ridge_residual_datum_trend_full_fit,hidden_gr_range,90.1056402388,94.9619792944,34.9994113064,0.0538305918657,0.0552061583547
ridge_residual_datum_trend_full_fit,e004_minus_last_positive_fraction,0.904640489546,0.635112807312,0.425453085205,0.0867206937347,-0.0670855360257
ridge_residual_datum_trend_full_fit,e006_minus_e004_slope_per_row,-0.000113175935752,-0.000146531585527,0.000701385112871,0.00419459918394,0.00164848816634
ridge_residual_datum_trend_full_fit,e004_minus_last_last,1.68595952,1.89634113406,4.83167437171,-0.215977487842,-0.16766094505
ridge_residual_datum_trend_full_fit,e006_minus_e004_first,-0.345120169999,-0.25057887458,2.26169290953,-0.11509738293,-0.0205142549504
ridge_residual_datum_trend_full_fit,visible_gr_std,22.1453221665,22.9913324054,5.14435140822,0.177231107144,0.0874296447042
ridge_residual_datum_trend_full_fit,e006_minus_e004_positive_fraction,0.0278672985782,0.428183470939,0.471655569718,-0.032527992926,-0.016146399343
ridge_residual_datum_trend_full_fit,e006_minus_last_max_abs,4.81686754,5.49234182265,3.92933764365,0.00800875453997,-0.000681934830119
ridge_residual_datum_trend_full_fit,e006_minus_last_range,2.58168564,3.03946204091,2.47966740113,0.00208105169982,0.0093591324798
ridge_residual_datum_trend_full_fit,e006_path_range,2.58168564,3.03946204091,2.47966740113,0.00208105169982,0.0093591324798
ridge_residual_datum_trend_full_fit,e006_minus_last_std,0.74542257596,0.877613999378,0.715975659467,0.00207714771023,0.00945929827822
ridge_residual_datum_trend_full_fit,e006_path_std,0.74542257596,0.877613999378,0.715975659467,0.00207714771023,0.00945929827822
ridge_residual_datum_trend_full_fit,e006_minus_last_mean_abs,3.4687184179,4.0593222928,3.49630492039,0.0472350485369,0.0146439624922
ridge_residual_datum_trend_full_fit,whole_gr_delta,-29.5789986702,-29.663474661,27.0754345426,0.0748961807025,0.023660900041
ridge_residual_datum_trend_full_fit,e004_minus_last_mean,1.32443879077,1.42526421898,4.29046124314,0.000148807838237,0.0827240295715
ridge_residual_datum_trend_full_fit,hidden_gr_slope,0.000424237597155,0.000550184065342,0.00334730158399,0.0116060737946,-0.0919655316826
ridge_residual_datum_trend_full_fit,e004_minus_last_max_abs,4.29338951,4.82488329809,3.61271153996,0.0646317594774,0.0229866589628
ridge_residual_datum_trend_full_fit,e004_minus_last_range,2.53332324,3.23022867137,2.7036582179,0.0113571917752,0.0124581837068
ridge_residual_datum_trend_full_fit,e004_minus_last_std,0.731418375421,0.932700460209,0.78066895888,0.011381624179,0.0125733862327
ridge_residual_datum_trend_full_fit,e004_minus_last_slope_per_row,0.000210724837825,0.000261669091688,0.00126202595607,-0.0288696671414,0.0157996079002
ridge_residual_datum_trend_full_fit,whole_gr_range,153.147347747,156.959963617,37.3283648577,-0.0553044975775,-0.0249732404043
ridge_residual_datum_trend_full_fit,e007_query_anchors,304,306.313065977,82.4577530156,-0.102448411795,-0.0646938089995
ridge_residual_datum_trend_full_fit,visible_gr_mean,85.2507390687,88.117945545,13.7171903607,-0.119802893439,-0.0352220245594
ridge_residual_datum_trend_full_fit,e004_minus_last_mean_abs,2.68064529472,3.3427631749,3.10670897419,0.0221825098896,0.0532756667636
ridge_residual_datum_trend_full_fit,whole_gr_mean,86.6034359146,88.095466301,15.3721037292,0.0627275453907,0.00224331127008
ridge_residual_datum_trend_full_fit,visible_gr_range,151.045339897,153.755306329,35.1964342674,0.0784918006086,0.02496911678
