branch,eligible,rows,wells,sse,rmse,datum_sse,trend_sse,shape_sse,coordinate_rmse,multivariate_coordinate_r2,median_coordinate_pearson,gain_vs_e011,oracle_gain_retention,positive_well_fraction,coordinate_1_pearson,coordinate_2_pearson,coordinate_3_pearson,coordinate_4_pearson,coordinate_5_pearson,coordinate_6_pearson,coordinate_7_pearson,coordinate_8_pearson
mean_coordinates,True,3783989,773,596961482.5106026,12.560248229593425,342980525.377533,93495021.04864517,160485936.0844244,48.82013754127171,-3.216913109249653e-05,-0.012334354696522836,-0.00949193390375136,-0.0009136147336550602,0.5071151358344114,0.019785071966970148,0.005896625854101986,-0.009140261206785617,-0.02063973865064656,-0.01880220964195888,-0.015528448186260056,-0.002010381538915967,-0.0737264139910552
summary_ridge,True,3783989,773,607900259.5908359,12.674803403530678,349940714.15070385,94869927.31680074,163089618.12333137,49.311959549778464,-0.020282634699142488,0.0065908658713086515,-0.12404710784100459,-0.011939744475680521,0.41009055627425617,-0.14473531499870199,-0.12633557620452102,-0.09908104638213903,-0.055113550569152486,0.14804739133288056,0.15409692227303906,0.06829528231176979,0.07946189405647394
summary_extra_trees,True,3783989,773,609807771.0429502,12.69467376518681,352507029.74869215,95830661.2374257,161470080.05683237,49.580362582356514,-0.03141957692488018,0.004897856665159897,-0.14391746949713635,-0.013852300479143827,0.4320827943078913,-0.033946659225044494,-0.019348194096087394,-0.020649923050060328,-0.08875526324346047,0.10219721408543708,0.14444617747216543,0.0449855686877087,0.029143907426407187
summary_hist_gradient_boosting,True,3783989,773,640051441.647757,13.005663328412114,366228533.83642,100670762.20333615,173152145.60800084,51.87860664192726,-0.1292564503333602,0.026099279273374333,-0.45490703272244026,-0.04378557328283445,0.37128072445019406,-0.0010729774394745368,0.05543378291264059,-0.00830665843625638,-0.08173250188647445,0.10872519548257167,0.09933235409464547,0.0532715359862232,-0.0015952510828024557
summary_mlp,True,3783989,773,598594564.3107946,12.577416760693763,344085776.37725717,93756183.64794703,160752604.28559044,48.8978511680076,-0.0032184765147471595,-0.010936175611478261,-0.026660465004090028,-0.0025661149646443856,0.4553686934023286,-0.12083061522683715,-0.06180068734594738,-0.042781118393959656,-0.025318159360041944,0.03675036296372842,0.061211136201319995,0.00344580813708542,0.023642417910201805
raw_pca_ridge,True,3783989,773,569439250.6056789,12.267293806947391,333906552.8436012,93908119.07698283,141624578.6850948,47.97893759975603,0.03413322342849878,0.4782475471049848,0.2834624887422823,0.02728374520719425,0.6170763260025873,0.11264314350125906,0.17727955716200355,0.24437439881861817,0.47464769620562614,0.5152320174130958,0.48184739800434345,0.5703087023581658,0.5234326630504584
raw_pca_extra_trees,True,3783989,773,582867102.7094322,12.411087557899142,332979418.1520767,92970557.86225998,156917126.6950955,48.42272477755631,0.016182777304174834,0.24500005121411167,0.13966873779053124,0.0134433528478326,0.5899094437257438,0.11931185715468538,0.10664805533803326,0.16866258127276157,0.23113857168222465,0.3201132105600621,0.265297260846816,0.3023669027538539,0.25886153074599866
summary_plus_raw_pca_ridge,True,3783989,773,601843491.4763088,12.611503115889054,352879096.72048956,97829263.00509155,151135131.75072774,49.26962718766355,-0.018531642222815448,0.4075066891889407,-0.06074682019938038,-0.0058469844522320786,0.5433376455368694,-0.03218711032697769,0.020509186960589926,0.08815153254005653,0.35312511513855,0.48891126129190154,0.46188826323933135,0.5335522596137777,0.5218857027106442
privileged_geology_extra_trees,False,3783989,773,449344799.6744715,10.897200140737118,231599092.30704167,51916648.8792282,165829058.48820162,42.22537794841094,0.25189412655630894,0.06280137996852567,1.6535561549525557,0.15915758384006523,0.5989650711513583,0.6060433596055661,0.27098658185130975,0.15099357866418406,0.03684318225507196,0.05012691671039034,0.075475843226661,0.01852620950618606,0.0414522796476157
shuffled_coordinate_control,False,3783989,773,598389918.1040523,12.575266606972551,343939703.153473,93705689.42867835,160744525.52190098,49.10507168088731,-0.011739421199171929,-0.0015449368255151313,-0.02451031128287795,-0.002359159022974138,0.47347994825355755,-0.0011684982954468304,0.020064619279668423,0.013103732262872684,-0.03399519183414895,-0.003725659303970073,0.011585267011439264,-0.006294377650221555,-0.001921375355583432
sign_flipped_control,False,3783989,773,664352335.9832329,13.250256960746187,374201691.61210144,97055870.08134875,193094774.2897826,51.930490389316994,-0.13151631651454054,-0.4782475471049848,-0.6995006650565134,-0.06732812515103714,0.258732212160414,-0.11264314350125906,-0.17727955716200355,-0.24437439881861817,-0.47464769620562614,-0.5152320174130958,-0.48184739800434345,-0.5703087023581658,-0.5234326630504584
