candidate,action_fraction,cell_wins,gain_vs_e011,map_wins,max_well_rmse,mean_weight,median_well_rmse,p90_well_rmse,p95_well_rmse,rmse,rows,sse,wells,worst_5pct_sse_share,map_gains_json,gates_json
constant_blend,0.0,0,0.0,0,55.461281983221404,0.0,9.068493673508419,17.831023926499395,22.133270667058696,12.550756295689673,3783989.0,596059561.1825968,773.0,0.3153217242644822,"{""v1"": 0.0, ""v2"": 0.0, ""v3"": 0.0, ""v4"": 0.0, ""v5"": 0.0}","{""cells"": false, ""gain"": false, ""maps"": false, ""not_negative_control"": true, ""p90"": true, ""spatial"": false, ""special_slices"": true, ""typewell"": false, ""worst5"": true}"
extra_trees,1.0,1,-0.02045013465200185,0,55.61185046134816,0.03607658016794824,9.02606887172544,17.74548393533427,22.257406977500594,12.571206430341675,3783989.0,598003576.1488322,773.0,0.3164860236243462,"{""v1"": -0.022538465455170353, ""v2"": -0.02115053015238111, ""v3"": -0.018634200099379328, ""v4"": -0.020309710211501297, ""v5"": -0.019706231618457082}","{""cells"": false, ""gain"": false, ""maps"": false, ""not_negative_control"": true, ""p90"": true, ""spatial"": false, ""special_slices"": false, ""typewell"": false, ""worst5"": false}"
extra_trees_shuffled,1.0,1,-0.024212855218326723,0,55.61724891082561,0.03621400453378193,9.030346045502323,17.746045283426625,22.282039947094308,12.574969150908,3783989.0,598361609.7412126,773.0,0.3168270560738984,"{""v1"": -0.02084732730317107, ""v2"": -0.026899132708136264, ""v3"": -0.02442263713164472, ""v4"": -0.023274555099044747, ""v5"": -0.025782956051948247}","{""cells"": false, ""gain"": false, ""maps"": false, ""not_negative_control"": false, ""p90"": true, ""spatial"": false, ""special_slices"": false, ""typewell"": false, ""worst5"": false}"
gradient_boosting,1.0,1,-0.01625575086384501,0,55.57877396039644,0.03099505924495528,9.028268777778429,17.755268130974233,22.238976012229273,12.567012046553518,3783989.0,597604594.8610797,773.0,0.3163318735491377,"{""v1"": -0.018100573323543756, ""v2"": -0.01837778010163227, ""v3"": -0.014604748390434352, ""v4"": -0.014879053933569253, ""v5"": -0.015532173675634198}","{""cells"": false, ""gain"": false, ""maps"": false, ""not_negative_control"": true, ""p90"": true, ""spatial"": false, ""special_slices"": false, ""typewell"": false, ""worst5"": false}"
knn,1.0,1,-0.02042282604661061,0,55.5781368571311,0.03690976637656189,9.026961549426524,17.915743190888506,22.25135747410891,12.571179121736284,3783989.0,598000978.0487952,773.0,0.3164980205204029,"{""v1"": -0.02197211712998204, ""v2"": -0.019966851052339862, ""v3"": -0.021556823852323603, ""v4"": -0.019808637302514143, ""v5"": -0.019141887498076215}","{""cells"": false, ""gain"": false, ""maps"": false, ""not_negative_control"": true, ""p90"": false, ""spatial"": false, ""special_slices"": false, ""typewell"": false, ""worst5"": false}"
logistic_hard,0.028460543337645538,5,0.006868348988389172,2,56.22168079608115,0.00646830530401035,9.068493673508419,17.831023926499395,22.133270667058696,12.543887946701284,3783989.0,595407357.4762281,773.0,0.315112557951525,"{""v1"": -0.04545997904848598, ""v2"": -0.0008682873515866163, ""v3"": 0.0, ""v4"": 0.00934822891328757, ""v5"": 0.01670381845189084}","{""cells"": false, ""gain"": false, ""maps"": false, ""not_negative_control"": true, ""p90"": true, ""spatial"": false, ""special_slices"": false, ""typewell"": false, ""worst5"": true}"
logistic_soft,1.0,5,-0.013512207858500602,0,55.69219991145868,0.0364497617692018,9.023422771824873,17.89680868210169,22.271652148607757,12.564268503548174,3783989.0,597343693.5534189,773.0,0.31605006083771225,"{""v1"": -0.014646959793587655, ""v2"": -0.018591144287558592, ""v3"": -0.009244198793959768, ""v4"": -0.012230122341078342, ""v5"": -0.01429343149597706}","{""cells"": false, ""gain"": false, ""maps"": false, ""not_negative_control"": true, ""p90"": false, ""spatial"": false, ""special_slices"": false, ""typewell"": false, ""worst5"": false}"
ridge_equal,0.9948253557567918,3,-0.010939338676559274,0,55.608549345125645,0.036078894152694156,9.028881246685394,17.881506172165246,22.240105895826154,12.561695634366233,3783989.0,597099074.486195,773.0,0.31586300556719993,"{""v1"": -0.017648953509903365, ""v2"": -0.013371661082329567, ""v3"": -0.008808982090616979, ""v4"": -0.00770038516635374, ""v5"": -0.008100510244934966}","{""cells"": false, ""gain"": false, ""maps"": false, ""not_negative_control"": true, ""p90"": false, ""spatial"": false, ""special_slices"": false, ""typewell"": false, ""worst5"": false}"
ridge_row,0.9961190168175937,4,-0.011323213243603192,0,55.59851841698264,0.03622190666104371,9.029577369385496,17.892132424110272,22.2445562944112,12.562079508933277,3783989.0,597135568.7076154,773.0,0.31586094954796773,"{""v1"": -0.01614502138501983, ""v2"": -0.014021210327989309, ""v3"": -0.011644273469135769, ""v4"": -0.006613066769675768, ""v5"": -0.009229537808522537}","{""cells"": false, ""gain"": false, ""maps"": false, ""not_negative_control"": true, ""p90"": false, ""spatial"": false, ""special_slices"": false, ""typewell"": false, ""worst5"": false}"
ridge_row_shuffled,1.0,3,-0.024921875578307606,0,55.628883876170036,0.03600680397858752,9.015893925001127,17.751519724768293,22.263817161159814,12.575678171267981,3783989.0,598429087.0477897,773.0,0.3168846874547854,"{""v1"": -0.014596259195450045, ""v2"": -0.024090071326439144, ""v3"": -0.037590656845960524, ""v4"": -0.02590724496233321, ""v5"": -0.024477234484841404}","{""cells"": false, ""gain"": false, ""maps"": false, ""not_negative_control"": false, ""p90"": true, ""spatial"": false, ""special_slices"": false, ""typewell"": false, ""worst5"": false}"
