candidate,gain_vs_e011,max_well_rmse,median_well_rmse,p90_well_rmse,p95_well_rmse,rmse,rows,slice,sse,wells,worst_5pct_sse_share
constant_blend,0.0,55.461281983221404,9.748466396993813,21.139370553010163,24.613922187116394,13.90833661370179,1041107.0,long_suffix,201393640.55732682,155.0,0.32867001455585143
constant_blend,0.0,55.461281983221404,8.817687576488183,17.730721400945132,22.61566963992465,13.272316470921664,768123.0,high_gr_missingness,135308234.28859526,155.0,0.42729666522083615
constant_blend,0.0,55.461281983221404,15.902163072314814,26.0665251493493,29.56728988294082,19.134622162672876,1159201.0,e011_catastrophe,424422626.8790911,233.0,0.23140467688295419
constant_blend,0.0,32.78140668222031,9.139410000506345,17.353397339624777,21.710480757770583,12.06993824190683,1361668.0,e006_oracle_wins,198372436.38876972,281.0,0.2890352973878007
logistic_hard,0.015607038551282315,56.22168079608115,9.789677088673262,21.139370553010163,24.613922187116394,13.892729575150508,1041107.0,long_suffix,200941912.23429048,155.0,0.3277910936150402
logistic_hard,-0.02847527854276599,56.22168079608115,8.6775264591924,17.730721400945132,22.61566963992465,13.30079174946443,768123.0,high_gr_missingness,135889455.03341597,155.0,0.43040850530576574
logistic_hard,0.01414697530885789,56.22168079608115,15.902163072314814,26.0665251493493,29.546060738377776,19.12047518736402,1159201.0,e011_catastrophe,423795274.3485585,233.0,0.23098015752106663
logistic_hard,0.042129457182795704,32.78140668222031,9.139410000506345,17.353397339624777,21.710480757770583,12.027808784724034,1361668.0,e006_oracle_wins,196990036.99134514,281.0,0.28595411401197796
logistic_soft,-0.0063674055241609295,55.69219991145868,9.75798199171926,21.096492007268502,24.56174084524811,13.914704019225951,1041107.0,long_suffix,201578083.68002188,155.0,0.3294902314106745
logistic_soft,0.001462673020059313,55.69219991145868,8.782882201218884,17.68687478308186,22.519664540833084,13.270853797901605,768123.0,high_gr_missingness,135278412.69735923,155.0,0.42730695749274883
logistic_soft,-0.03108494994133082,55.69219991145868,16.06339538279194,25.976288566892773,29.661603716747507,19.165707112614207,1159201.0,e011_catastrophe,425802729.64778054,233.0,0.23208496228013906
logistic_soft,0.11810605587108469,32.717580795132875,9.067626858875677,17.32093079943063,21.632473979426592,11.951832186035745,1361668.0,e006_oracle_wins,194509225.55635962,281.0,0.2901629026070219
ridge_equal,-0.0029965810470198306,55.608549345125645,9.762785675733202,21.09107636611623,24.542212355104162,13.91133319474881,1041107.0,long_suffix,201480431.29225257,155.0,0.3293810283661749
ridge_equal,0.0009213998223973618,55.608549345125645,8.779732342612512,17.693562551009677,22.50023648956329,13.271395071099267,768123.0,high_gr_missingness,135289448.0193334,155.0,0.4273591369174876
ridge_equal,-0.02622179195999763,55.608549345125645,16.069520555886687,25.944124693011144,29.668086712594892,19.160843954632874,1159201.0,e011_catastrophe,425586668.4074957,233.0,0.23171588643420005
ridge_equal,0.11873450170170408,32.685855287368625,9.068397416555923,17.325016851802832,21.622590980921217,11.951203740205125,1361668.0,e006_oracle_wins,194488770.90201542,281.0,0.29044275907009814
ridge_row,-0.006174579433213978,55.59851841698264,9.762042572782132,21.092990925426193,24.543576754162604,13.914511193135004,1041107.0,long_suffix,201572496.89290494,155.0,0.3290099048517853
ridge_row,0.004690369630466762,55.59851841698264,8.786195931459384,17.70430139799621,22.51974134874378,13.267626101291198,768123.0,high_gr_missingness,135212616.69328427,155.0,0.4269834635807515
ridge_row,-0.026470125848263137,55.59851841698264,16.075453295987455,25.93428508408557,29.66645180809371,19.16109228852114,1159201.0,e011_catastrophe,425597700.1008065,233.0,0.23168301947968886
ridge_row,0.12271008382518467,32.68798197008223,9.067743475203724,17.323177107018655,21.62551888421603,11.947228158081645,1361668.0,e006_oracle_wins,194359398.58209512,281.0,0.2903096476995491
extra_trees,-0.022476268332171756,55.61185046134816,9.741339576464673,21.20165923002755,24.517205244960635,13.930812882033962,1041107.0,long_suffix,202045082.23155564,155.0,0.3293234580322434
extra_trees,-0.0023396891069236148,55.61185046134816,8.781873242044183,17.716288065984152,22.4742882283671,13.274656160028588,768123.0,high_gr_missingness,135355943.68527296,155.0,0.4268140635431707
extra_trees,-0.04532347576193274,55.61185046134816,16.080293324828357,25.920464330544004,29.550684076403655,19.17994563843481,1159201.0,e011_catastrophe,426435636.6628048,233.0,0.23245745225780887
extra_trees,0.12463156894171057,32.673423120208426,9.04591329961683,17.32095874775349,21.642329710529435,11.945306672965119,1361668.0,e006_oracle_wins,194296885.5615323,281.0,0.29056114904715136
gradient_boosting,-0.01666852178422218,55.57877396039644,9.750425788577477,21.186527000640723,24.560365808253934,13.925005135486012,1041107.0,long_suffix,201876652.4294461,155.0,0.32924331852440114
gradient_boosting,0.002101642916544577,55.57877396039644,8.786973204134881,17.703011846914887,22.479817672033164,13.27021482800512,768123.0,high_gr_missingness,135265386.14251503,155.0,0.42668462405007174
gradient_boosting,-0.03626991366337151,55.57877396039644,16.080843736431024,25.954101298614102,29.454556320051775,19.170892076336248,1159201.0,e011_catastrophe,426033148.52363807,233.0,0.23219281084180715
gradient_boosting,0.10662382437303819,32.70884156971101,9.071964550903798,17.326879182281477,21.660185532003034,11.963314417533791,1361668.0,e006_oracle_wins,194883138.56738016,281.0,0.29043412070040914
knn,-0.02030735862969202,55.5781368571311,9.744611367385092,21.212622876472473,24.520198456417884,13.928643972331482,1041107.0,long_suffix,201982173.7093439,155.0,0.3292611578718728
knn,-3.215437043202485e-05,55.5781368571311,8.79075250312598,17.715122532863727,22.482614536952468,13.272348625292096,768123.0,high_gr_missingness,135308889.90231085,155.0,0.4267141458391631
knn,-0.04602471806552799,55.5781368571311,16.057086182503095,25.92089289909711,29.56263613972471,19.180646880738404,1159201.0,e011_catastrophe,426466819.2511565,233.0,0.232333376227618
knn,0.12634743602833964,32.67577201199165,9.026961549426524,17.32313909652514,21.634235108589905,11.94359080587849,1361668.0,e006_oracle_wins,194241070.5547529,281.0,0.29062721833000077
ridge_row_shuffled,-0.02695575281944862,55.628883876170036,9.74553871336536,21.26878700622431,24.565846169353645,13.935292366521239,1041107.0,long_suffix,202175039.23132998,155.0,0.32863514364772156
ridge_row_shuffled,-0.00018171725773541425,55.628883876170036,8.779848134274834,17.69519560950194,22.451279688715037,13.2724981881794,768123.0,high_gr_missingness,135311939.44581625,155.0,0.4270181739346413
ridge_row_shuffled,-0.05434571509708519,55.628883876170036,16.05446116801403,25.965881553553118,29.609118965817057,19.18896787776996,1159201.0,e011_catastrophe,426836921.35425836,233.0,0.2324573647753031
ridge_row_shuffled,0.1404878919794985,32.65861637400167,9.025350234534578,17.14265371709116,21.63770204148849,11.92945034992733,1361668.0,e006_oracle_wins,193781404.54434508,281.0,0.2905377383725588
extra_trees_shuffled,-0.025838968854593247,55.61724891082561,9.733659239928143,21.294750237936935,24.478459128302006,13.934175582556383,1041107.0,long_suffix,202142635.63495716,155.0,0.3290122637046436
extra_trees_shuffled,0.0041567153286319325,55.61724891082561,8.783295764061318,17.715008371443652,22.482344933841194,13.268159755593032,768123.0,high_gr_missingness,135223494.0341387,155.0,0.42667672133774304
extra_trees_shuffled,-0.05393917699377937,55.61724891082561,16.084018014959682,25.929005498861176,29.626217261419807,19.188561339666656,1159201.0,e011_catastrophe,426818835.58379114,233.0,0.2326179600750268
extra_trees_shuffled,0.13717170799877287,32.66774439331835,9.030346045502323,17.318622806345417,21.636321472897468,11.932766533908056,1361668.0,e006_oracle_wins,193889155.3775591,281.0,0.29042321456803144
