name,family,size,compact,expanded,rmse,gain_vs_e011,shape_sse_reduction_fraction,positive_well_fraction,maximum_legacy_group_rmse,maximum_horizon_group_rmse,seed
pca_r01,pca,1,True,True,7.325126206051492,5.225630089638181,0.04949534980291094,0.9728331177231565,7.917147649325259,8.127688568270907,
pca_r02,pca,2,True,True,5.888171499346954,6.66258479634272,0.23597159524052708,0.9974126778783958,6.485371002285383,6.9036073890213645,
pca_r04,pca,4,True,True,3.9125776399362615,8.638178655753412,0.649831332011918,1.0,4.0796632391676075,4.700596171296864,
pca_r08,pca,8,True,True,2.161328942895813,10.38942735279386,0.8916373862986183,1.0,2.327463844838725,2.681647096704222,
pca_r16,pca,16,False,True,0.9389753195796775,11.611780976109996,0.9791978645678558,1.0,1.025225154725611,1.2463164294080373,
pca_r32,pca,32,False,False,0.3527476605863612,12.198008635103312,0.9970640918204039,1.0,0.381453073791201,0.47815235055838257,
kmeans_single_k004,kmeans_single,4,True,True,8.320995647766505,4.229760647923168,0.03650425201702004,0.8227684346701164,9.19585463198807,9.520414796977658,
kmeans_single_k008,kmeans_single,8,True,True,7.07139835721893,5.479357938470743,0.14739665926180795,0.9586028460543338,7.696749444215989,8.157482401834239,
kmeans_single_k016,kmeans_single,16,True,True,6.276671282240601,6.274085013449072,0.29441355001515757,0.981888745148771,6.836166431097119,7.213232611703097,
kmeans_single_k032,kmeans_single,32,True,True,5.649108046514704,6.901648249174969,0.40042378161364933,0.9896507115135834,6.120163228607424,6.539382244397162,
kmeans_single_k064,kmeans_single,64,False,True,5.230413492265454,7.32034280342422,0.4882544154388684,0.9961190168175937,5.7070799998101505,6.145119833293825,
kmeans_single_k128,kmeans_single,128,False,False,4.858099950176858,7.692656345512815,0.5519254707587455,1.0,5.350730970257334,5.773011448722351,
kmeans_pair_k008,kmeans_pair,8,True,True,6.561238772441135,5.989517523248538,0.20848214134492385,1.0,7.122648385642253,7.676605723701475,
kmeans_pair_k016,kmeans_pair,16,True,True,5.477971613444011,7.072784682245662,0.4101031472491439,1.0,5.941345552392146,6.540633563720681,
kmeans_pair_k032,kmeans_pair,32,False,True,4.628457367010144,7.922298928679529,0.5610469252253975,1.0,5.087586982412013,5.642772669385644,
random_source_s3301_k009,random_source,9,False,True,7.4120353309856455,5.138720964704028,0.27162871228726504,0.9805950840879689,8.40395927234958,8.568426370082802,3301
random_source_s3301_k016,random_source,16,False,True,6.658477777046056,5.892278518643617,0.34939896802329573,0.9935316946959897,7.519860070799647,7.815910393373371,3301
random_source_s3301_k032,random_source,32,False,True,5.854795221935353,6.6959610737543205,0.4338962677552073,0.9974126778783958,6.380589085167836,6.877394665702063,3301
random_source_s3301_k064,random_source,64,False,True,5.283777040398136,7.266979255291537,0.513243192405188,0.9987063389391979,5.863856093113674,6.252195814702696,3301
random_source_s3301_k128,random_source,128,False,False,4.834092650298611,7.716663645391063,0.5698841866411827,0.9987063389391979,5.333070507871259,5.705394271655048,3301
random_source_s3302_k009,random_source,9,False,True,7.4108877440439604,5.139868551645713,0.24050719055967815,0.9741267787839586,8.315289167545586,8.470642431924079,3302
random_source_s3302_k016,random_source,16,False,True,6.600477044635813,5.9502792510538605,0.3411973029116935,0.9935316946959897,7.4467282644694075,7.499515817211456,3302
random_source_s3302_k032,random_source,32,False,True,5.86809394101896,6.682662354670714,0.4404161578281349,0.9961190168175937,6.736733869307884,6.858736018201456,3302
random_source_s3302_k064,random_source,64,False,True,5.307132828269846,7.243623467419828,0.5180902664949016,0.9987063389391979,6.124731250917288,6.260159595954676,3302
random_source_s3302_k128,random_source,128,False,False,4.882602087273807,7.668154208415866,0.568915247459611,0.9987063389391979,5.622012521415485,5.936268975695821,3302
random_source_s3303_k009,random_source,9,False,True,7.538105625090719,5.012650670598955,0.2790593327357222,0.9611901681759379,8.631203082997152,8.960837065082739,3303
random_source_s3303_k016,random_source,16,False,True,6.819726610135743,5.73102968555393,0.3419421443448709,0.9883570504527813,7.998046690277555,8.121525468141026,3303
random_source_s3303_k032,random_source,32,False,True,6.067692993632503,6.483063302057171,0.44008035633610026,0.9948253557567918,7.061447530853914,7.2956423227705205,3303
random_source_s3303_k064,random_source,64,False,True,5.412149451733706,7.138606843955968,0.5142345804348591,0.9987063389391979,6.344090649854261,6.5270103044396635,3303
random_source_s3303_k128,random_source,128,False,False,4.974205152331063,7.576551143358611,0.5638805101391274,0.9987063389391979,5.832353630082105,5.994960668964965,3303
random_source_s3304_k009,random_source,9,False,True,7.7719487803858796,4.778807515303794,0.28216851767856016,0.963777490297542,9.318524096941745,9.120626391734474,3304
random_source_s3304_k016,random_source,16,False,True,6.820846602091551,5.729909693598122,0.3531079007788401,0.9767141009055628,8.204662288766311,8.012257327236108,3304
random_source_s3304_k032,random_source,32,False,True,6.047684753876509,6.503071541813164,0.43590418417650345,0.9961190168175937,7.013950701017016,7.080365660564189,3304
random_source_s3304_k064,random_source,64,False,True,5.4004885532780404,7.150267742411633,0.51017105649705,0.9987063389391979,6.159514771048076,6.332497134202774,3304
random_source_s3304_k128,random_source,128,False,False,4.872071785782974,7.6786845099067,0.5700914769406082,0.9961190168175937,5.519561347556202,5.749459267551518,3304
random_source_s3305_k009,random_source,9,False,True,7.412795398504733,5.13796089718494,0.24733011034848698,0.9767141009055628,8.308001893281132,8.518579298024548,3305
random_source_s3305_k016,random_source,16,False,True,6.614984213974096,5.9357720817155775,0.3518763096120193,0.9870633893919794,7.39422235165555,7.6066878030690575,3305
random_source_s3305_k032,random_source,32,False,True,5.859766910155899,6.690989385533775,0.4505088525627439,0.9961190168175937,6.690463104836055,6.77103569319877,3305
random_source_s3305_k064,random_source,64,False,True,5.295402573824169,7.255353721865505,0.5150343175967835,0.9987063389391979,5.962702025450428,6.2826108839302455,3305
random_source_s3305_k128,random_source,128,False,False,4.861879345628612,7.688876950061061,0.5698090613327766,0.9987063389391979,5.469172908974988,5.752002425008639,3305
smooth_gaussian_s3311_k016,smooth_gaussian,16,False,True,6.577079934392187,5.973676361297486,0.38018442659559,0.981888745148771,7.946046439016887,7.908455461067554,3311
smooth_gaussian_s3311_k032,smooth_gaussian,32,False,True,5.832525395847937,6.718230899841736,0.4807025587532126,0.9909443725743855,7.097263667797948,7.097690855058052,3311
smooth_gaussian_s3311_k064,smooth_gaussian,64,False,True,5.241430030180942,7.309326265508732,0.554754158121407,0.9961190168175937,6.3294167387597,6.448583174025379,3311
smooth_gaussian_s3312_k016,smooth_gaussian,16,False,True,6.511917211277468,6.0388390844122055,0.4103919426415488,0.9754204398447607,7.6976557476859915,7.8825771658845945,3312
smooth_gaussian_s3312_k032,smooth_gaussian,32,False,True,5.83202403769881,6.7187322579908635,0.48224391125514743,0.9870633893919794,7.069825670353887,7.172595863899981,3312
smooth_gaussian_s3312_k064,smooth_gaussian,64,False,True,5.197168748108117,7.353587547581556,0.5669810639730722,0.9974126778783958,6.243206600989822,6.377007261212165,3312
smooth_gaussian_s3313_k016,smooth_gaussian,16,False,True,6.4265400795247425,6.124216216164931,0.3800584533372574,0.9805950840879689,7.686402648912105,7.456523738126415,3313
smooth_gaussian_s3313_k032,smooth_gaussian,32,False,True,5.81315482627403,6.737601469415644,0.4853048002130112,0.9896507115135834,7.0646543363300145,7.003396313082743,3313
smooth_gaussian_s3313_k064,smooth_gaussian,64,False,True,5.272644876486161,7.278111419203513,0.5541173032941805,0.9974126778783958,6.552375861461396,6.44966873488125,3313
