well_id,rows,legacy_spatial,legacy_typewell,horizon_quintile,baseline_rmse,candidate_rmse,baseline_sse,candidate_sse
000d7d20,3836,2,1,1,11.822201951689213,0.5696838997732299,536136.4646723069,1244.9344643549646
00bbac68,6014,3,3,4,16.65409148271622,1.9172268270891843,1668035.6013716909,22106.012860953913
00e12e8b,4301,2,3,1,6.763022798022843,2.1226484963286354,196721.19115364645,19378.7431841937
015fe0d2,4296,3,1,1,14.19943006324421,1.5290914314209432,866175.9054636589,10044.566121850703
01869cd4,5557,2,1,3,9.480124625727969,2.7753082590050875,499422.94354273827,42801.880776912774
01982c1d,3941,2,3,1,6.231445616106601,1.320628871640867,153032.63391245354,6873.342890065643
028d7b28,6234,3,1,4,13.868148717129818,1.695136709283169,1198957.471471237,17913.327079335522
02e7fe5a,5108,2,0,2,5.739649982153442,1.7404710049529748,168275.8164352745,15473.35444187095
0390d174,4411,3,0,1,11.568775541117803,1.6527524235488655,590353.0993340968,12049.046019914267
03a935ae,2786,4,2,0,29.568622185691854,1.2450424418925297,2435809.322437085,4318.664080368804
044af7d1,4519,4,2,1,6.77535111786011,3.13012330584027,207446.42473893252,44275.67936022542
0498acab,4798,2,2,2,5.013834336445115,2.0467704065617967,120614.68974641027,20100.113128255933
052d64df,2445,2,2,0,6.647386159678693,1.4179543826706045,108039.03103814578,4915.903873613525
05948241,3879,1,3,1,5.3942690325456635,1.990069920840141,112871.6788360713,15362.307386260985
059c8f24,6258,1,2,4,15.450771188543676,2.2865319718775976,1493949.375147137,32718.253692782684
05a0ee4d,4348,2,3,1,15.902163072314805,2.828917099534642,1099516.980565686,34796.05246485971
060ab2b8,6258,0,3,4,6.876920467524861,2.7024894176466545,295953.555760073,45704.984170495896
06df5958,3509,0,2,0,7.163831850426678,0.8682077609118491,180083.58811518768,2645.030568821451
071d7b45,3211,1,0,0,6.2691672308150626,1.9054315035412124,126200.19189280848,11658.078848361001
0849b4e2,5537,4,1,3,13.500580381879946,1.3645657721256466,1009205.0183757704,10310.114076131644
084d66f9,3885,1,1,1,10.18313596786662,1.531586263728644,402859.9628741286,9113.263937396208
08fecf00,5574,4,1,3,6.5107656069421695,0.9182076390590569,236282.24342732775,4699.468766208794
09053135,5907,2,1,3,14.350995087308014,1.5723314022713568,1216552.9113960103,14603.439209824786
09441b8d,5488,0,2,3,12.731832338885349,2.131362321271854,889602.3562237115,24930.366930820957
0955cd6c,5195,4,1,3,12.3971401740628,3.070595235037797,798414.7939534046,48981.34373118431
09ec2ca9,5885,3,4,3,4.069470823472847,1.35094701197389,97459.08852852449,10740.465324613555
0a57a29c,5821,0,0,3,3.8903900219029937,1.995189550492833,88101.61805560274,23172.128194085908
0bbf5e67,4298,0,2,1,4.539891882526664,2.0593595561715508,88584.43747502538,18227.653737295685
0be01c24,4738,3,3,2,4.74911898601451,1.881974906942654,106861.47335706669,16781.18840961426
0c1b160c,5054,2,4,2,10.609661000934468,1.319170816766624,568903.0377277053,8795.029647809282
0d99f8e4,5823,0,0,3,7.043253776542056,2.1398237434998655,288864.02855898667,26662.61823885017
0dc5e64d,4879,4,4,2,13.61953865195975,3.477065918704518,905014.6536569687,58987.048539317475
0dc835f3,4428,2,0,1,16.312330437312553,2.4146327549349484,1178255.9263830138,25817.238538854584
0dd99dc5,7342,3,2,4,9.06393263466431,1.8438818483000103,603181.0908236895,24962.067785939507
0e5e560d,3253,4,4,0,7.699856983455106,1.1144508021937598,192863.2054810997,4040.2279209300546
109d9d70,4215,4,0,1,5.215591264127372,1.1533555374468811,114658.08326817203,5606.915217125805
10a1281a,5609,0,1,3,6.997992068652842,2.529857419703734,274683.3477973336,35898.60156564446
10b89021,5414,2,0,3,6.409456602813002,1.422251505514755,222413.25916926004,10951.435653499677
10be2420,3271,1,3,0,6.2642036788825655,0.7763683763903033,128354.85032655012,1971.588236514513
113011eb,3272,3,0,0,6.332337277371607,1.1813903268649486,131202.27693044426,4566.675117629749
1131525f,4159,0,2,1,10.599222865539893,1.3991808494609546,467236.7219447228,8142.103618863341
11d0f5ac,4883,0,1,2,15.882995412760524,1.4047110907191056,1231832.179844892,9635.200291884752
12203f2a,3261,4,1,0,7.1889557877657975,1.7412832345950338,168532.01922346986,9887.571475349565
122bd617,4570,1,4,2,9.609239936375287,2.7658788635090814,421982.3391475718,34960.89250636073
125be846,6510,2,0,4,20.80429068880444,1.9996525041105606,2817648.507028431,26030.95199314359
1285a37b,5597,4,3,3,8.535433660148067,0.451676055987025,407761.754610716,1141.851019712511
1295a25b,5551,2,2,3,7.863800007392419,3.1042529625085895,343270.23493782704,53491.581213055855
12f0cd90,5947,3,1,4,10.756271290641795,4.144646504240167,688052.2717471817,102158.12885447057
137d1e44,4554,4,3,2,26.185411760494425,1.3931158693062973,3122567.543409478,8838.274892475587
13ce113d,2966,0,2,0,2.945495738309522,0.699942353669801,25732.85329828909,1453.1006392347945
13f598d9,7306,3,1,4,8.6669928642815,3.039843227467454,548803.0873512541,67512.16586841764
14a53cb3,6919,0,4,4,5.826651808860573,1.8861187732115614,234899.15953644976,24613.95522046805
14ab73fb,3649,0,3,0,8.11603492261571,3.055906861785624,240359.71343481482,34076.43006311797
14ad5efb,5842,3,1,3,7.0524482169389255,1.791063544579954,290563.7050309186,18740.60216226557
14fee784,4910,2,0,2,17.618909887623907,1.8817486020750798,1524191.5894345185,17386.201004930546
153552f5,4695,3,3,2,5.033499608160697,1.3366083767761652,118953.07544363651,8387.72056871627
1550491d,4563,3,0,2,17.09925210401821,1.5846397350835784,1334150.119944027,11458.072139696253
155887bb,5585,3,3,3,16.565604765148187,2.320653853543223,1532631.5739980354,30077.650609984576
1590af81,3799,2,0,0,4.947598289679016,1.3473376493482958,92994.69084809592,6896.3958983939365
15e154a1,6068,2,3,4,12.514754116251547,2.3242880749749597,950364.5203415462,32781.24775659684
1619e2ca,4443,2,1,1,6.095569755023998,1.3252146753136518,165083.97754624824,7802.7696561670045
16e4a047,4131,4,2,1,11.912844946510594,1.749595265015234,586254.4784666799,12645.336315923556
173ed841,4883,4,3,2,8.366860374528898,2.754893183308479,341831.2533886663,37059.2181923792
1770d7c6,7240,4,2,4,7.392444324759631,1.4503592879167067,395653.2076054172,15229.644543694896
177622d7,3154,3,1,0,5.462902726547422,1.3741638552955409,94125.78775391454,5955.781153987021
18d24f7b,4558,0,1,2,5.928113057886612,1.3868004368336946,160179.62633865688,8766.016028402491
19137a89,6267,3,4,4,6.535183943941327,2.188666486287288,267654.9790782577,30020.565613031496
1944513c,4722,3,3,2,8.386188436869398,1.7909571205676957,332089.55498677643,15145.944419216687
197f8a5a,6310,0,4,4,19.38861892947204,3.839420063622079,2372046.012591297,93016.6339413952
19871e7f,5293,3,2,3,14.770461188762225,1.074513963847763,1154755.410096174,6111.193308260781
198a5607,6251,2,4,4,14.465541871590903,2.2661203554293383,1308033.6371438238,32100.769459535233
19fb4f7b,5620,4,4,3,9.068493673508412,1.306153781798775,462175.18558631703,9587.931883594698
1a518997,4606,0,1,2,12.73440279024781,0.905695378877151,746932.0564381931,3778.228653585277
1a68190b,4474,1,2,1,14.702019834510041,2.1234416358623665,967052.3583968976,20173.285600208535
1a730ac2,4605,2,0,2,13.93436004595352,2.4049888770872405,894136.2254446739,26635.188752495957
1aaf1da0,4804,3,3,2,6.8180947779876,1.9269500959125478,223320.74439339104,17837.908572947963
1b08ed48,5618,2,1,3,12.213164176302929,1.2269558603991393,837988.6283305953,8457.453399160257
1b1c5372,4261,3,0,1,16.14593757773699,1.3983809479452638,1110805.6304256688,8332.254583230591
1b1eba53,4655,4,3,2,33.42905229336247,3.285817978723336,5201969.655816646,50258.17201919853
1b6ba517,6597,1,4,4,6.935044042399257,1.595817546258941,317281.63223450497,16800.142129333344
1b82b665,3806,3,0,0,4.069460554203605,1.143121934779348,63029.298023645955,4973.405846086625
1bcb2fcf,4524,4,2,1,5.343008906143493,1.4778676442278313,129149.99463018618,9880.835708922372
1beca81d,5036,2,1,2,6.168336678602078,2.6777556558426263,191611.6284886397,36110.01027467217
1d3fbf02,2694,2,1,0,2.919890368918178,1.005198788913334,22968.396810954047,2722.0838864972534
1d78281a,4949,1,2,2,6.942004022231022,1.0952084958759336,238499.33681128017,5936.234683072744
1e30dedf,4071,2,0,1,17.845829929218368,1.4938219290187935,1296506.2123065882,9084.452603318554
1e5e3573,5480,4,1,3,6.825769389869582,2.8428739394280504,255319.38014496953,44288.98865042582
1f9afacb,5328,3,2,3,2.321904218658791,0.8821742840720512,28724.522460932614,4146.417258722977
1fdbba44,4911,1,0,2,5.681625678571413,2.766965568343494,158531.35429573554,37599.099519372714
1fee2b62,4641,3,2,2,11.606081506130863,2.5196994537706563,625147.9347089881,29465.176850558484
20096916,5133,3,3,2,7.8002427813930755,2.347500805716331,312311.16097404767,28286.731248561686
200d233d,3926,4,1,1,3.1924889913368557,1.2472199773467991,40013.73687820234,6107.119419851722
201661b5,5955,4,1,4,12.125330336302191,3.754773808235896,875525.7509773012,83955.53342029013
203721ab,5730,0,0,3,8.881163357865312,1.7874814815042057,451954.10863548255,18307.865967708294
20402d71,6372,0,4,4,7.262464913321477,1.7721298298471275,336080.9232449611,20010.910020790303
2043abc5,6958,2,0,4,14.05842143677244,3.6604374405739137,1375173.6460989763,93228.86609972021
204cc64b,4805,4,3,2,5.341719965560135,1.9226395668020286,137105.73637517844,17761.888652916088
206b6193,6535,2,1,4,28.701017004288335,1.9941971350799232,5383195.644220729,25988.533165620964
2075c696,3188,0,3,0,7.110389634922966,1.1138664176177184,161177.75874421882,3955.3464873933362
22c5f93f,5172,3,4,3,6.688275285954414,2.0729993010113326,231359.2120272649,22225.770599510248
230eaaa3,4690,2,2,2,21.960903695339173,3.0975222067855124,2261899.255333861,44998.879522972835
2364716c,4316,1,3,1,13.724041771172816,1.5306145768523822,812915.6760692443,10111.442722079855
23b9beb0,7340,2,0,4,9.139410000506338,1.7006766348412226,613101.5032549876,21229.48945960431
24d8997e,3442,1,4,0,9.17436680571819,0.9456703811624533,289709.7196359431,3078.1546810789287
25050f63,6124,0,4,4,12.877133396466528,2.6942920629211917,1015485.1370616502,44455.40032724049
25939962,4319,4,3,1,8.677526459192393,0.9453386131002774,325218.39127848117,3859.7395384738793
25fd32b3,2885,1,4,0,3.852187918010087,0.7216371967292902,42811.52981508744,1502.3933030840442
261785ee,3646,2,2,0,18.25417563457204,1.3577568517618572,1214901.6278445914,6721.41437537386
264feceb,5665,0,1,3,3.0753567870517777,1.6585190030227324,53578.546717824676,15582.63213039029
26623a50,5735,3,3,3,13.55280315578772,1.822004703537485,1053396.044831602,19038.48603625244
26d3a96a,4721,4,3,2,6.005402143554425,1.7655601484560752,170262.18001031998,14716.313653130463
272abef3,4135,2,0,1,6.964989169752264,1.7022002488568437,200593.2915472588,11981.103316606324
27300fd5,5467,4,3,3,13.002712873138977,2.2566821657090133,924308.6534490947,27841.32290855821
276b012a,4837,4,1,2,12.281184868999182,3.24543109854462,729552.6261414671,50947.26492549241
27c3155b,4958,4,4,2,6.179781150779468,2.850422249944941,189344.50816464183,40283.28892078069
27ebb9b9,5766,1,4,3,8.627413768359649,3.2754348026134106,429176.4591935571,61860.37616082285
283269ac,2626,2,2,0,2.7729598886392113,0.5667969271736629,20192.118984549215,843.6254949721083
28473855,4290,2,4,1,11.112811128567829,2.5165718348232895,529791.710358858,27169.144001252927
28f4eda9,5266,0,4,3,7.785725260537781,2.2040277854456463,319211.8489063457,25580.850830500567
29b24409,5587,0,1,3,7.025911705058848,1.3204748295920263,275793.5129500498,9741.79364419949
29de15c8,3431,4,0,0,6.45678321239352,0.9141122561026246,143038.5596692863,2866.947774693371
2ab29395,1852,3,0,0,2.631402792605129,0.36583669214493797,12823.767776634495,247.86517081180682
2ac7cb6b,4990,2,0,2,14.516080361136337,3.658400681267039,1051475.7793643307,66785.63876802872
2acc78d4,4266,3,4,1,8.873023885226825,1.3370897319578567,335864.5385340593,7626.792986276229
2b034622,5203,0,0,3,4.281635559819255,1.8260666261077672,95383.49315816676,17349.504037488892
2b06ad65,4256,4,0,1,11.025798182057668,0.7455971782528364,517394.3679470401,2365.974887842327
2b547943,3480,3,3,0,4.110472397858406,1.4138656001308267,58798.02200077431,6956.575454611894
2be5c96a,4210,3,3,1,3.7311971196688285,1.3700594457420199,58610.91249192309,7902.434745289778
2bff06cf,7624,1,1,4,11.174084794922688,3.663094944660285,951933.9437354293,102300.8491090939
2c0c4a4e,4790,1,3,2,11.21310683448683,2.2465529113527793,602264.733782937,24175.12992100164
2cee0cba,5500,0,3,3,8.750265912263375,2.3951805161150554,421119.3444442511,31552.893376274507
2d0c268a,4550,3,3,1,7.651305539157232,2.819327804821006,266368.2678635986,36166.17218321759
2d179ded,7008,0,2,4,7.19607461290959,1.605999473138499,362898.69676060986,18075.27402850972
2d196986,6474,1,4,4,11.67178130074673,2.4070945855542294,881956.1193139527,37511.031521790246
2d2d0c6b,5045,1,4,2,4.607962582128951,1.1829389057439996,107122.09515362605,7059.692774076583
2d35f86d,4896,3,3,2,12.85773824741712,1.416600544773722,809413.7351801995,9825.082778506896
2d9f6cb9,7338,3,0,4,8.47189474814081,1.882642096362909,526670.2785757995,26008.376187877333
2ddad940,5331,2,2,3,7.37322186179065,2.1585715455354912,289816.619722213,24839.4272857691
2e29e833,5428,4,1,3,5.046856323937811,0.9133295280122077,138255.27851926896,4527.879247539303
2e43c2ea,5698,1,4,3,8.103019032988039,1.8811542639813512,374124.5116242107,20163.74829717296
2e63d9de,4699,4,3,2,12.612095752417298,1.430290620181509,747446.2436010013,9612.891182184088
2ee0235b,5556,0,1,3,5.110777935559638,2.432648347686523,145123.0039482876,32879.17447633694
2f19d536,3088,3,1,0,4.392490412161618,1.553151066657583,59579.78560063722,7449.115192334406
2f8e53c3,2594,4,1,0,5.300245822582582,0.6312565440337361,72872.21939281186,1033.6696344557697
2fa01aa6,2174,4,2,0,8.05551581357545,1.0561865855212293,141073.76233948924,2425.162444867675
2fd68f7b,4730,3,0,2,44.75065206474104,1.9676537771226599,9472396.668838289,18312.95835873658
2fe023be,4221,2,2,1,8.804965743486536,0.9865762936375532,327243.2471813033,4108.437677750489
30d75030,3404,2,1,0,8.668598456824128,1.7583754264468776,255792.21569604502,10524.77361369094
310c71a5,5245,0,2,3,11.709208705104274,2.320414159988731,719118.7067808727,28240.76822848071
32fe84c9,6408,2,2,4,7.586158576859376,2.1185324536917114,368779.1309164713,28760.255885066912
33c40295,4169,2,2,1,5.549811385148478,1.2669376184053776,128406.89432630697,6691.7908427120465
3407f5bf,3638,1,0,0,15.789807286680963,1.6082988916700969,907018.9354796035,9410.142932158138
3417285d,5449,2,0,3,24.00069390590648,1.0108371686569428,3138805.4951013746,5567.743417602658
347242c8,3595,4,1,0,10.18965495271567,1.138100132939519,373265.4996591738,4656.502525786038
353e5502,6062,1,4,4,7.766533331038971,2.214392581182923,365654.02037172846,29725.226160810886
357c12f9,4079,1,3,1,5.0368116046090305,1.1652805296322388,103482.0727813824,5538.787269266423
3584a6eb,4494,4,3,1,13.369330928008026,0.842987528169664,803253.108524888,3193.5621090873033
35b30c7f,9579,1,2,4,13.100288443858082,3.580051924167373,1643924.5814943456,122771.85687807685
35b3ef6a,3904,1,1,1,11.514008234442256,1.7289100323777695,517562.59347142716,11669.563129820577
367456ce,5569,2,2,3,7.2127546296812515,3.383723394526037,289720.705638947,63762.73335538117
368131f9,4991,3,2,2,17.48814453483606,1.913882232900511,1526423.47956314,18281.759500248518
368fe682,4936,0,2,2,11.927591139529234,1.174959980844839,702232.0364138078,6814.300801712959
3690a146,4073,1,2,1,7.803963100747564,1.4401011882564247,248053.19463699966,8446.959804236749
37344c2a,5197,1,0,3,12.541032651990227,2.458059815896613,817371.1673871472,31400.575730158016
373ef48b,3509,0,0,0,3.904485293575147,0.8872662275978017,53494.723975775814,2762.42992745244
374be387,9965,0,1,4,8.416577776549332,3.5485688102581134,705908.4573356361,125482.67409032704
37d36812,4367,4,3,1,6.611209516717553,1.4157072832538058,190873.23459328173,8752.459797483325
38991fd4,4798,1,2,2,12.57084771255849,1.6623332405123101,758209.7661947928,13258.561948453334
389ae58f,6463,2,3,4,19.414956951197563,2.0850726754660527,2436166.796733131,28098.073864545473
3932faa6,5452,1,4,3,15.190542252860718,3.4145533305918243,1258063.033098782,63565.81908752858
398dce4b,3166,1,3,0,4.986314983785581,1.364241559469225,78717.32531408289,5892.416833157851
39b51819,4231,1,1,1,5.811112471469278,0.7679840547573851,142876.7581283143,2495.441719877905
3a0af893,2927,4,0,0,17.353397339624777,0.9167851317804276,881437.9485371254,2460.128800177651
3a223519,4583,1,2,2,9.952175454299464,1.0515500816530825,453926.88431989565,5067.686962671363
3a7dd95d,3072,1,0,0,5.607065352514216,1.8433924292320099,96581.16669654638,10438.949831116464
3a824aa7,4201,4,2,1,9.459321676376208,1.5060979814049282,375900.29839065246,9529.25907541599
3a86fe8d,5118,2,0,2,8.537693251735178,1.6746916623905477,373062.31061878754,14353.902695763569
3aaa2b30,4711,2,1,2,7.24792370215899,1.6459473420658832,247480.12694181048,12762.771037593995
3ac16ad0,5649,0,4,3,10.471030092275628,1.8156120271804248,619370.3197711875,18621.629290785255
3b21ea64,7376,4,2,4,8.019757457480628,2.125317666989156,474398.57537619583,33317.2089691053
3bbe1f5d,6918,0,1,4,20.945676277351463,2.0248379501573903,3035074.331922548,28363.583635382474
3bfee975,3603,3,2,0,8.19669824128588,0.675396784773939,242070.66099749258,1643.547423229357
3c3dbcbc,5069,3,3,2,8.434452891698776,1.8063774270312698,360608.637606607,16540.14400365383
3d96d897,5659,0,0,3,3.748699787901176,1.0914285117424187,79524.51281482662,6741.09245454633
3df4b19e,4988,3,3,2,4.669532710862998,1.269439675827346,108761.02426024385,8038.047727736412
3e011332,2723,2,2,0,17.516029309745,1.0250142903146395,835447.1230095205,2860.9316462359366
3e678ea7,6858,4,2,4,11.151912311510381,3.9282824619855643,852896.186380404,105828.56246764121
3ef6372a,4727,2,2,2,6.033504770167961,2.120137596434801,172077.8309696201,21247.78666328781
3ef98781,3892,4,0,1,5.3205085303559905,1.3145584255263856,110174.00049603164,6725.624520244418
3f603129,5051,3,4,2,21.558383477814136,2.3748447602319853,2347522.4496894483,28487.07244540185
404c4384,911,1,2,0,9.251716193572422,0.5714240215531207,77976.36405155968,297.46465070363456
4121c517,3723,3,4,0,8.018095806015221,1.1610532805554958,239351.15009957596,5018.770493634751
41fb0192,2973,3,0,0,6.13771080256257,0.8086590711597532,111997.35135249069,1944.1323837859024
42669188,4282,2,3,1,17.063726050863686,1.9194153770207534,1246793.1375360724,15775.55337802621
42c538a1,3279,0,2,0,16.446378977595337,0.8646748416598362,886915.007855508,2451.5856057204387
43b06c70,4846,3,3,2,4.512185047542743,2.4976714432049523,98663.6581752382,30231.105344724514
43c7f85a,5978,0,4,4,5.765367736993483,1.6977081545315837,198705.52262345125,17229.869182263028
43e16325,3720,1,2,0,18.64695255273408,1.1588784548413797,1293476.882954568,4995.957295915424
44441e54,4357,4,0,1,4.064930480364129,2.1727107624323416,71993.58579301243,20567.968153173897
445af6c2,6041,0,2,4,25.049980160319386,1.5202938384699076,3790736.5979416976,13962.523159304264
4463446c,3256,1,0,0,13.032556018204033,0.8751554266944348,553023.5132929909,2493.7606999615705
44a94013,4903,0,1,2,19.69385063951263,2.2281061866249314,1901617.5330150512,24340.733548030472
45fb3e21,3649,2,2,0,15.327770945753956,0.8158826648778914,857298.1113419064,2429.009843873263
460f859e,3336,1,4,0,16.171922515904825,1.4548290879254173,872467.6757423925,7060.736324046536
4630ab92,3373,4,2,0,9.588755516900829,1.3553383478861203,310127.8957600485,6196.005491646537
463c38f2,4460,1,0,1,9.133163824477432,1.1590146535431087,372029.4792435548,5991.18475338933
4654e7de,5373,0,0,3,6.825433106481443,1.6351182814411984,250309.46379022734,14365.316170791193
466fc788,6197,4,2,4,8.752898589674132,2.215721418877804,474772.2093697769,30423.684453439764
46a301e9,8226,2,4,4,9.684674387779626,2.253372834968275,771540.5434459107,41769.070811125974
46a7190b,4215,4,1,1,11.378425459964177,1.9279484209003996,545710.0054706556,15667.092254044632
46d24a09,4449,1,1,1,11.037845182954497,3.135014944417409,542039.5829324966,43726.189903954466
46d41ff6,7901,2,0,4,8.411778379753441,3.0149763187611245,559059.0805452007,71820.73948345671
46dfcfca,3606,4,1,0,10.73030478301344,1.3650260050360714,415192.8232953182,6719.0453558956015
47222616,4406,4,1,1,6.938034437611842,2.5568735789372976,212088.63410409156,28804.67660912956
47ee27ab,6397,2,2,4,6.873965905838736,2.8369302352165344,302267.2523358295,51484.16370123029
481de5fc,5952,1,3,4,16.225143526558103,1.9121540452868937,1566895.4411865058,21762.494568982656
48c1f673,2917,3,0,0,21.485252768024544,0.8995498043580399,1346534.124337729,2360.4067939685547
4936af16,3991,2,1,1,6.482987448314207,1.8722781308990037,167738.2428837032,13990.152769175686
493b5b31,4671,4,4,2,15.725007503173533,1.870044517689743,1155025.5466135892,16334.797612818775
49dbc14c,3872,1,4,1,4.041091959429671,1.5370904904932465,63231.40259752395,9148.169865335585
4a035ec2,2588,3,2,0,16.235363068078655,0.74736207523989,682163.1921086361,1445.5275850597923
4a335117,5015,1,4,2,11.927950727793602,3.4590108731248495,713514.1829518297,60003.25244528561
4a8ecc0b,5809,3,4,3,18.545343218814875,1.5785541743794615,1997887.9473970612,14475.059531947836
4b462989,3106,1,1,0,7.0204821294876725,0.6252896404658862,153085.9479403956,1214.4060396761113
4b831d20,7312,4,2,4,9.916237968981822,2.154591792444846,719001.9421450698,33944.247471620925
4c2208f5,5384,4,3,3,14.094595217284674,2.273994275188601,1069572.5956017359,27840.933003971415
4c3168cf,4334,4,1,1,13.179115124273126,1.3075848589156933,752768.4530386329,7410.178559592997
4c3df468,5392,0,4,3,14.440841802925423,2.096292738278685,1124436.4213806223,23694.83797466723
4caa7289,5396,0,0,3,11.829562496727883,1.428196803032934,755108.4096700945,11006.469999812089
4cd1ac61,4489,3,4,1,2.9966309036562757,0.903198447305303,40310.307712865004,3661.980016678834
4cecf7b3,6019,4,0,4,13.168130787477415,3.0403916364972274,1043692.6043169495,55639.52346445609
4ddde4c1,4472,3,4,1,5.620896248680953,2.115577060107213,141290.4905830841,20015.179681310397
4e050c92,3705,4,0,0,3.8293880099584503,1.3434868377088298,54330.90742666416,6687.36525187391
4ed93db6,4657,3,3,2,6.328926732463613,1.7449176227654837,186537.5953648446,14179.342585176255
4f3eb9e9,4697,3,0,2,25.275232983433213,1.4587001782324718,3000619.278917001,9994.305768254664
4f4ac5ce,5162,0,4,3,7.940881481394791,2.2678273999550953,325503.3244974461,26548.378240725353
4f4afcc6,5645,0,0,3,8.453916215798818,2.433878488108886,403440.80802124727,33439.65057359307
4f69febf,5460,0,4,3,3.463245420532949,1.540235985986279,65487.615881919744,12952.904833198103
4fbe9c06,6287,0,1,4,9.655982396934645,2.1374515073288336,586187.2811657952,28723.410274648137
504c8b08,6367,1,4,4,15.35420312646854,1.569386698265122,1501030.1420822681,15681.759333538786
511e1db0,3821,1,1,0,12.174491510551189,1.662673394127699,566341.9085681853,10563.088838178808
512943b2,5029,3,3,2,9.305425187838846,1.3525179823166724,435465.82683219574,9199.574304332022
5138a660,3559,4,0,0,4.222926414245976,1.4708777625708955,63468.029592985375,7699.830275642581
516088b7,6645,2,1,4,6.8386473454555174,2.7292103019066323,310767.362990536,49495.87305466122
521a7819,5200,0,2,3,15.061096162816382,1.8852974341810191,1179550.4116531322,18482.60135971358
5254b6db,3274,1,3,0,7.534587637518457,1.0841178647436176,185865.01558001805,3847.969997204598
529e88ca,3417,3,4,0,14.701654496306515,0.9284722878386249,738545.7497216056,2945.66171698442
52f1e77a,4442,4,0,1,10.35975403415872,2.1910332154889893,476735.445205606,21324.383141212285
5305524b,4898,0,0,2,13.351928105460454,2.4178450209665394,873185.9742853186,28633.583323431332
53134831,5126,4,1,2,22.620431091916032,1.6307932303004165,2622891.685671407,13632.528106527538
5397ceb1,5255,2,1,3,7.028882088658049,1.799727695205405,259624.2388524355,17021.048927553584
53f23031,8550,2,1,4,5.794755977599059,2.654088247554313,287102.13298131624,60227.776840640654
543198e8,6503,1,1,4,21.710480757770572,3.7832496949143977,3065156.3706921213,93077.29758621646
54753541,4026,1,0,1,17.16013367518517,1.670520690935304,1185536.9758824022,11235.11413922178
54a7e3c2,6155,2,4,4,8.425379977331353,1.8883378813154552,436925.15587767086,21947.62181693735
5542c301,3591,1,1,0,7.915081464301012,1.80563108244632,224970.81588019853,11707.750248773502
5567d551,6889,2,0,4,12.485183553098144,2.6367503591895325,1073855.9997545115,47895.44497411074
55efee7f,4801,1,2,2,20.230714319832412,2.0864191755552377,1964961.930877117,20899.44903037419
5663b2b7,4972,1,4,2,15.304899307583216,1.8210018077906558,1164640.9956774788,16487.38858753283
5693dde2,3488,4,0,0,5.984983610945505,0.8284468129906216,124940.26053562257,2393.898537376661
56b00794,6065,1,0,4,21.99793844258406,2.1613595428159984,2934909.878564348,28332.496319696605
57796579,5890,1,3,3,23.944266439401932,2.144174982564348,3376901.3034411008,27079.194635984906
577eec7c,4539,0,1,1,11.793598055235272,1.8114908502321152,631324.7671464708,14894.724417054536
57f05c51,4771,4,4,2,27.263177733143607,4.061309437084287,3546192.9835799313,78693.99205403072
58850d2c,4995,4,3,2,17.439401181198832,1.4216633036398965,1519142.904226202,10095.527111836938
58fa8486,4475,1,3,1,16.671334971396625,0.9489721153859345,1243752.0085350915,4029.9526391157483
591cc951,4609,1,3,2,16.88390247432985,2.2083049671824178,1313869.9441732,22476.29930663242
593876b6,4842,3,1,2,5.581380983409535,1.5009906470634338,150837.0818480774,10908.894891093167
59f8b2e8,3747,0,1,0,9.352979952288898,1.4994838157709363,327780.94275272894,8424.94857145485
5a1a8fd8,5260,3,1,3,11.727020418102013,1.8057206773233507,723371.0214834188,17150.89888533891
5a5269a9,6513,2,1,4,5.326080416792156,3.6208765760431016,184755.13466376966,85390.2963764207
5a5d1982,3894,0,1,1,5.378164110348935,0.8653088781517787,112632.58397640982,2915.669316244681
5a63b5d1,6217,0,1,4,24.42704019860082,1.7767393529468327,3709561.380735864,19625.842561902835
5aa03df7,4871,2,2,2,8.243092089566295,2.0494646013413425,330977.47081693006,20459.68639612863
5aa403d0,3118,1,0,0,17.34484535626226,1.2774864047851822,938030.5332290109,5088.487181933406
5aef5c6c,3121,2,3,0,10.57679460570761,1.404285149231285,349141.8510738671,6154.664371477132
5b7b6324,6564,2,1,4,22.61362901764263,2.5668791314310484,3356673.490669442,43249.33267236946
5bd25f59,4210,3,0,1,13.040184155517908,0.9557216567011907,715895.3558293435,3845.430356219085
5beded95,3057,2,2,0,15.200520456139506,0.7087117178063,706337.6482743851,1535.4464179083598
5cb483ac,3852,4,0,1,6.393775125453615,1.129368132660421,157471.1480869569,4913.11960417335
5cdd8dbc,4010,1,4,1,16.47088350877767,1.5435550072079398,1087872.9142744942,9554.07386170958
5d11dfb5,5895,2,3,3,10.943691671680096,2.515344281097532,706011.0637512977,37297.41064519311
5d7198fd,3368,4,0,0,7.727164793116002,1.0733100203033774,201100.1670922239,3879.9171381344872
5def1ce5,6443,0,0,4,8.301602980843187,2.364588981462179,444029.73144810117,36024.62381321886
5eae34a8,4904,0,2,2,7.573559838570403,1.6736020536881324,281287.5975137057,13735.828562471197
5f4d2a52,5225,3,3,3,41.77177338198559,2.853181728358278,9117003.49396189,42534.87521957109
5f6756c5,5931,4,1,3,4.750219412219448,1.596279954531113,133830.55045732725,15112.838590593705
5f75f796,5562,4,3,3,14.246044639673809,1.319390637660688,1128806.7201639696,9682.283183701016
5fb1c15f,2860,1,1,0,10.00724706125058,0.732643813330542,286414.6821104379,1535.1534976249416
5fffa282,4201,2,2,1,5.315619470735053,1.6274977777692732,118702.65931251958,11127.39461892112
60e37807,2699,2,2,0,19.593486114071084,1.026261137561521,1036158.7801780978,2842.6189787440117
61f27424,6220,2,4,4,5.60485659874324,0.99318311411311,195397.67680319847,6135.486982551561
62569ae3,3588,4,1,0,4.190643848309562,0.6197481985448154,63010.647157788684,1378.1071326031638
62a6f539,3693,1,4,0,7.876607868747044,0.6866840620164689,229117.23395600298,1741.3787587943273
633774dc,6233,2,4,4,14.137646015453246,2.1455844183989,1245808.6262715412,28693.81805053581
63559d57,4069,4,1,1,6.303629535202029,1.3323858905889887,161684.74769516333,7223.501044901852
647f2a41,3881,3,4,1,7.335427006516196,1.3117262833738512,208830.74723692526,6677.748894718348
65156b96,3221,1,1,0,5.841079968673588,0.6865906760442547,109894.77116061676,1518.4011624639509
653612bc,4605,4,0,2,13.567875415028587,0.843000241352757,847721.7552939794,3272.5405188703144
656a067b,3051,3,4,0,12.226871481025423,1.3131906216847145,456113.47433742764,5261.356776694975
65a5466a,4683,3,0,2,11.085170586569674,1.374706207751934,575451.7554688754,8850.013749189267
660d9546,4732,4,0,2,9.509638584496138,2.088048955228048,427930.0254686147,20631.27601537776
6767c111,6783,3,4,4,11.154268169936854,3.226243428325049,843925.2482937751,70601.85028671206
67847288,7429,3,2,4,9.661705769213624,2.941141263731103,693486.4401370878,64263.16735190468
67a8da4a,4911,4,3,2,15.145968042718787,1.6179641686695216,1126585.1087876495,12856.05533894452
684a6fc1,9818,2,3,4,8.61267508534557,2.96401521672453,728281.2939304399,86254.92176044027
698930d1,4741,3,4,2,6.41692369862911,1.8878609209296044,195219.72914384623,16897.01339996162
699ea575,4120,4,0,1,4.858413146709736,1.0632500859466918,97249.2146129826,4657.663070494466
69c1bdad,2714,2,1,0,8.693900800673722,1.8195156404694801,205134.73481212638,8985.069268288053
69e41fa6,5772,4,0,3,4.5891840310171705,1.8917013909965215,121561.84132717426,20655.299129373863
6a0ff78e,6465,0,0,4,11.537467670655401,2.2853040031892853,860576.5810254212,33764.202011909576
6a8fa194,3017,0,3,0,12.046336245927968,1.4282575199944911,437809.5925380231,6154.437262500596
6ae68655,4204,2,0,1,4.838222420842698,2.324495890307175,98408.89759766308,22715.393929606995
6d1d74e1,5830,0,4,3,10.324105578178838,2.4002351272402653,621403.1194181052,33587.38012300208
6d590e26,6096,2,3,4,8.521547103596125,2.3953544557595277,442671.7996765707,34977.159217359935
6d6d93af,3595,0,0,0,26.503810398379887,1.2135558936323882,2525314.8164516054,5294.420875556807
6dbe4b60,4648,3,3,2,8.940543104333642,2.7156236870817683,371530.0295300816,34277.19662173436
6e6d122c,5632,4,1,3,9.278043183641559,1.582771745310229,484814.30450825917,14109.097152141454
6e9ccd38,8282,0,0,4,10.181147881232809,1.8939563373756603,858477.1051908782,29708.118774507097
6ea22614,5971,2,3,4,8.027280921420695,2.3831933805754595,384754.7540176774,33912.95542532478
6ede926a,4938,0,1,2,9.735285112892344,1.8527912072304018,468002.78302029974,16951.34050198085
708caea9,6548,3,4,4,20.315066698085847,3.519132879360838,2702372.270037386,81092.37166557499
70925e23,5947,4,3,4,4.50485554980252,1.3156583953014396,120686.7738007163,10294.001357067214
70e1788b,9285,0,2,4,9.212940496648034,3.3585388170535313,788094.7610425074,104732.78502180977
71642c7d,4648,1,2,2,8.96779141510112,0.8649476327376818,373798.1227554108,3477.3287254953593
71ccf778,2698,0,4,0,6.011338521511442,1.212802359532742,97495.4428329195,3968.460041751526
7224331b,6063,2,2,4,11.376593355998011,2.3723348783282026,784715.1515388562,34122.39893441567
722cf0d8,5143,0,4,2,9.594831692651942,0.7282985029842138,473468.66976666625,2727.943422696448
7256229b,5415,3,2,3,7.88523149777968,1.833282052166996,336687.78231391823,18199.398493349177
726f3dc2,6723,2,2,4,6.053784668954936,2.2616002591878503,246386.58018391035,34387.040628646544
7271dd80,4340,1,4,1,14.665405478110534,1.731181652850449,933421.6714142921,13006.936231820495
727a3a10,4397,4,3,1,11.777057299452052,0.8712174107711067,609859.8487562345,3337.4099587246374
729665c0,4263,3,3,1,6.34754954134582,2.812634318934235,171762.17502165592,33724.21705475486
729e9750,5919,0,4,3,6.736395112001662,1.2859056975721443,268598.41408249433,9787.38294778409
729f4217,6195,0,0,4,13.183022045659223,0.8530162972172625,1076641.8752380083,4507.709996556553
72dd8501,5193,3,1,3,4.5735046326292705,1.0775369130125372,108621.6934359705,6029.518553711527
73348914,4221,1,0,1,5.111633535881184,1.880149199094087,110289.65384711778,14921.070426815313
739a914f,5505,4,3,3,11.77954426932168,2.108123288638941,763860.9358769652,24465.23181956076
73b1447d,5670,4,3,3,13.419111672176026,2.108386157041656,1021011.404258776,25204.806701451682
74b6186b,3405,1,3,0,5.748837348411773,0.8646772964950719,112532.29057317242,2545.80554618706
75c20ec7,5361,3,3,3,9.245086286551595,4.882540470313553,458213.3572098501,127801.95894262259
75cd5f11,4946,0,0,2,5.090848311537075,1.0647852733326197,128184.17888272111,5607.614936901584
75d20a82,5067,1,4,2,15.640703802274933,1.5941911693225597,1239548.395386331,12877.504269181336
76201745,4448,3,0,1,7.403481858376752,2.3516305219764146,243801.74605429126,24598.17886569145
764072a5,2949,0,1,0,9.996430089343304,1.0881753244899381,294689.48425229697,3491.9862081080787
77b0d905,4174,4,3,1,3.41966718350787,1.8809912492363465,48811.27209823974,14768.146604683292
77e4821c,5393,1,4,3,11.136521636469585,3.3816866301659996,668851.2616624811,61673.293477822255
7850c72e,5497,4,4,3,11.116385043212272,2.4439853275898225,679286.3683099574,32833.934355264406
78a4a386,5119,2,0,2,5.419303885350988,2.3652872958463953,150339.16670651347,28638.67545449696
79507629,5302,3,2,3,9.113389467482735,1.2166861092892352,440351.6059411059,7848.683619425173
796dbd4c,6248,2,3,4,8.859226638231068,2.092138236837665,490379.8821288882,27347.760927934756
7987f2f2,3705,4,1,0,11.53957307350279,1.3599595726315121,493364.271592823,6852.3605952066755
7993a768,5487,2,0,3,3.703603623515884,0.675432629942011,75263.42206325836,2503.2200866584244
7a5660b0,4998,4,3,2,5.516285845245272,1.4605290167585148,152086.18881321384,10661.458753950385
7acda2df,3091,1,4,0,8.802859206287174,1.3067839418046738,239522.6106658646,5278.452080296513
7b2c7b3c,2584,2,0,0,5.553370745863491,0.8327819625375329,79690.37044037611,1792.0706597784026
7b38844c,3749,4,0,0,7.727564145158544,1.7058612864590321,223872.4633181571,10909.4502696701
7bb17b96,3922,4,0,1,10.007810883517234,1.0114858196470675,392812.92498392484,4012.612175447327
7c607683,5328,0,2,3,6.697164198552186,1.435616677280021,238971.50023502283,10980.982660482365
7cbbd047,5121,4,1,2,8.10652859183592,2.210196154922702,336530.641554307,25015.91622840693
7cd4bb31,6439,0,0,4,6.374969373896598,1.7462160132081124,261682.47006217198,19634.251878846975
7d50373e,5122,0,0,2,9.94282817307176,1.1763566299937265,506360.05990981363,7087.900025004471
7d57c75d,4405,3,4,1,10.580673718187793,3.6420353732946227,493142.6411369532,58429.77741375058
7e208414,4226,4,0,1,3.910419454065456,0.6379582545707726,64621.37317625611,1719.9428443138938
7e721392,6174,0,2,4,29.037878330640236,2.071203772000906,5205906.785432836,26485.750392240923
7ff89f8f,7337,0,3,4,12.323158726121198,2.149524921398192,1114198.5881375917,33900.29585364223
8050c789,3077,3,3,0,5.6801602871961725,1.0789761070788169,99277.00767311604,3582.2109057936914
807f0298,3747,3,4,0,10.815699284310437,1.9972344564960205,438321.6282293489,14946.578691883433
811f52b3,4836,0,2,2,5.179195320153731,1.7899389618596502,129721.17429856595,15493.970872017966
81bf5923,4543,4,3,1,27.65367630133888,1.629550911803075,3474149.368364649,12063.646539200856
81fc01c6,5909,1,3,3,13.68459822971713,3.924722021979407,1106567.9634401647,91018.94439042802
8255c867,3589,1,4,0,14.455843371484084,2.0657144035116493,749998.3818077794,15314.894652786128
82aab6d2,6140,2,3,4,11.263950277333004,2.483257019508952,779022.1757204137,37862.711709134564
82fcf37c,6014,0,4,4,4.206813394410311,1.8648141095017026,106431.4355174355,20913.87542126172
833af382,3628,1,4,0,14.740291099965596,1.888935190087542,788277.9872501382,12944.98028072964
8382f4b6,4967,4,0,2,19.677497297811758,2.547137686833231,1923241.770830067,32225.45093537307
84633df4,4972,2,3,2,3.3205619016883676,0.8515345478320421,54821.925037118905,3605.2523203453597
8478df29,4857,2,3,2,8.599606648548038,1.8737077925997565,359190.86001386365,17051.86279268225
84815d5a,3647,4,2,0,9.37651468716432,0.8396571136103146,320640.69394388417,2571.222777587568
84c3b497,5312,0,0,3,10.841012889745226,3.1042983389115046,624306.4012465047,51189.98135605788
85380836,6618,0,1,4,8.75125761245943,1.3065249058086792,506836.2858539455,11296.974506620267
8612b37f,5165,3,3,3,13.067321784671494,2.1273218733731043,881949.0513937358,23374.198992891994
861e71df,4700,3,3,2,6.680814471046115,0.9987014151041586,209776.42538373417,4687.80122769593
86454a6f,7964,3,0,4,55.4612819832215,4.67418006039507,24496896.057007268,173997.14736342704
8648abae,4244,4,2,1,7.179008797339552,1.0526368341133805,218727.98207331073,4702.540028434828
865033f8,3557,1,4,0,6.277842138047868,0.7306606128055356,140186.0008947572,1898.9575599417683
87695469,7003,0,2,4,7.288070220075641,2.4047762447722034,371971.12063187204,40497.99035830716
877ed19c,3708,4,3,0,10.426946269279732,1.2624496681401371,403138.2411270716,5909.733142289124
87aa3730,5607,0,0,3,10.805616321647479,1.5876910253461975,654680.8563162991,14133.916974546968
884ecb5f,6724,0,0,4,13.924949145815116,2.9485461541832927,1303811.8993898237,58457.94782259926
8902c3f6,4959,1,1,2,4.996259037023259,1.2662208901889744,123789.55504621641,7950.840784702004
896d15b9,4279,1,1,1,12.98307666792454,1.986886778696071,721269.4371153188,16892.289906337675
8995c945,6724,3,4,4,6.563183946134956,2.2458424879905987,289638.87872664345,33914.568225328214
89969c7a,4947,2,3,2,7.260190967220861,1.3854503430137242,260758.21463990962,9495.631214177518
89f1085d,5994,3,0,4,9.105268716716266,2.363661488318826,496938.0749112496,33487.85241438123
89f36adf,5292,4,1,3,4.387578386356496,1.2620850140308957,101875.46695826876,8429.407619338108
89fdb2f2,2031,4,1,0,4.466414873319884,0.527357663987027,40516.13835766516,564.8335008104497
8a3da6d1,4593,3,2,2,5.645681515127007,1.4478770539716086,146395.99490474348,9628.526195976598
8a89da23,3935,1,1,1,16.63312503751376,1.422084392334598,1088660.4389008868,7957.845014456743
8a9c8932,4663,0,2,2,2.911149084815665,0.862636693070202,39517.94107912964,3469.9344455095907
8ac2f237,5319,4,1,3,20.486476127345423,1.5881727577353852,2232361.4501945674,13416.074916047783
8b12bab6,5234,3,4,3,10.257373207339414,3.268228165502815,550688.5325700492,55906.00449890738
8b5be31b,5672,1,3,3,11.18128396278495,1.901522384365097,709119.7419120816,20508.746009385923
8b95d6d1,1731,1,0,0,5.420370045968291,1.2491059216138065,50857.49219438363,2700.8197595038823
8b9d8326,6163,3,2,4,6.708635478647177,1.9692575996165964,277370.68367979606,23899.962967350893
8bb9c1e6,4546,0,2,1,5.748849016728471,1.311217653502978,150241.958767918,7815.900226663814
8bda1a11,5981,0,4,4,12.578553048954513,1.7191874540804815,946313.8008928753,17677.476509063275
8bfa881d,4089,4,3,1,12.29282620823163,1.306770325332695,617903.4130236808,6982.5754654826105
8c167025,5368,1,1,3,8.184136051584657,1.6952138412388684,359549.08506543055,15426.289825689444
8c8348e8,3888,4,2,1,9.260722970118946,1.0518817741143909,333438.7288450744,4301.898076984182
8cc21f01,4044,2,3,1,7.279433311818136,1.0005570872005012,214292.16393584333,4048.5069763174797
8cc800b3,6576,2,1,4,11.371180908444392,1.4433767659230257,850301.494540902,13700.020747760569
8d5d46d7,5755,0,1,3,13.072668249722987,3.0219162641879755,983498.7404879006,52554.532859180734
8d92cb49,3589,2,0,0,5.827629752181348,1.2923767020872545,121886.99274881968,5994.482531411465
8f201368,6349,0,1,4,32.78140668222029,1.7033527813692482,6822766.342189431,18421.05652032175
90386ee4,3840,0,0,1,8.211828854658533,1.3645008662298024,258947.07125069754,7149.552437536824
91abc4c7,5848,0,3,3,9.082370605732502,1.428923100850802,482398.33763462177,11940.570542192381
91b301ce,6570,1,0,4,23.699973685929177,4.984973787829313,3690295.1053292416,163264.2612813188
91db7070,4073,4,1,1,30.359950018218623,1.0612481604380937,3754192.2996878694,4587.206711169377
925a7cd1,4517,3,3,1,7.993511059205015,1.052067049072305,288619.22146525973,4999.619207134328
9283ae69,3371,1,1,0,7.318350130975521,1.7883299295983723,180544.85616392113,10780.875791955064
9298ad5b,3964,2,4,1,14.314640651136411,1.3958003675079145,812259.0261537061,7722.8973517672475
9314ff13,2748,0,2,0,12.437485986757885,1.0437006196702405,425091.02647935494,2993.426582658122
93209a3d,4697,3,3,2,15.159277110870597,1.8572198543845808,1079387.896816004,16201.200464582771
939d9c34,5101,2,4,2,12.219337424113576,2.9201987649671977,761641.5683372315,43499.08777809825
93f5d2e6,3691,1,0,0,18.210456967037604,1.1289249001454744,1224012.1622222802,4704.07404875182
940a48d9,3963,2,3,1,8.550700999788218,2.3884950317502374,289752.7143103691,22608.552451664535
940e709a,3348,1,0,0,10.281431343534619,1.6503694666991897,353909.8164196402,9119.012472900216
9426ec1e,2532,4,0,0,11.317883022891094,0.7989296550428813,324335.21353545116,1616.146719265965
94467f50,3035,1,3,0,17.11884776097302,1.784722866638487,889421.7691933309,9667.190381981476
944f36b9,4630,3,0,2,3.4822356254693236,1.9780822243274991,56143.2177244622,18116.306995107974
94d813a4,4847,4,3,2,21.817988075100438,2.4621917402800753,2307291.253868405,29384.3954401339
95b559e7,2887,4,1,0,9.280648440387097,1.0201460459113967,248658.56721360967,3004.494996052254
95c8427f,6335,1,4,4,17.393772560942498,1.537527300505586,1916611.9569178782,14975.877915732966
96936c22,3346,3,3,0,5.060135150964012,1.5443700204082114,85674.2220781882,7980.473530744715
96ae5806,9839,2,2,4,9.51134510051309,3.5140830074306426,890091.8808255537,121499.64035044675
96b7eea1,4332,2,4,1,6.168311814646418,1.3403691592033653,164824.24202420493,7782.8256401114
9719aa04,4871,3,4,2,11.763621128580256,2.622661289546455,674062.5313985744,33504.45375950795
974802e7,5843,0,0,3,14.343858257718162,4.119355265154297,1202175.453959408,99150.38001863954
97cd5bf9,3449,1,2,0,11.112525712115264,1.4062243690515746,425910.8973456564,6820.283600618907
98177ced,4772,4,4,2,6.5398619169615975,1.4516482168396554,204097.4564570363,10055.952306905301
9896fc0b,3595,1,0,0,11.804364159869097,1.412598287005748,500938.1325215933,7173.584944023409
98bc6f66,6063,0,4,4,10.405423820608231,2.0793390104491376,656458.2585467355,26214.294317637254
992c99e8,4904,3,3,2,13.405943177695145,1.2833331026957404,881343.5084195302,8076.61265253581
992ce078,2879,0,3,0,3.3284659547753606,1.3656950912030843,31895.53587723202,5369.689353470121
99529c45,5840,0,4,3,21.052689698775286,2.1333928506491255,2588379.9423490474,26579.971922372686
995ff498,4526,0,1,1,5.398333282440407,1.0329155585400978,131896.7020853031,4828.855258161838
999daf80,3564,1,4,0,4.0415839295554346,0.8050132153117205,58215.803950959635,2309.6369306096976
9a6b0392,4255,3,0,1,9.98209054385956,1.9631316956456093,423977.27006782347,16398.285161677966
9a8ae0d6,6294,4,1,4,5.574402547009828,1.304565862702535,195579.5278809542,10711.708815270727
9a95e33f,6447,0,2,4,21.985770767271976,3.436717819909405,3116312.927341457,76145.70637213335
9ab94eeb,4442,1,1,1,8.142341341210084,1.208928857380665,294494.48341953167,6492.022898966693
9ad5410a,4205,3,1,1,8.626544447578185,1.7857564849873355,312924.6165909067,13409.434770550532
9ae248be,5271,1,0,3,6.842255775580958,2.5931568935809826,246769.58226304053,35444.64275848376
9af1ffd0,3525,1,3,0,10.232555665592008,1.1792757474333895,369085.8139592728,4902.186791908142
9b5b61c1,5532,2,4,3,5.700060117738446,2.1029076096795314,179738.47133314496,24463.723334939576
9b9e3b49,5118,4,4,2,10.843103439326097,1.6227366615602863,601738.0622587462,13477.097728046192
9bd2bba3,7439,3,2,4,10.085877569281891,3.5342992400281066,756731.7270621816,92922.56584727253
9c211c53,7265,0,0,4,7.3346083012918175,3.246904448338881,390831.41945099726,76590.45242811003
9c350a6a,6052,3,2,4,10.185252499461843,2.3566182775520916,627830.6580276075,33610.68802127234
9c8375f7,3674,1,4,0,8.813329254745366,0.6490602889851328,285377.11435807054,1547.7799966014431
9d072e4c,5107,3,0,2,7.874572530479236,2.247976782673194,316679.41419043305,25807.711836040453
9d3ec64c,3480,1,2,0,8.967593660617077,1.0553030887185781,279853.72149554966,3875.55283952522
9d4272e3,4030,3,2,1,12.165310438941754,2.5350667580132353,596418.9556455755,25899.050774362455
9d5e14d4,5400,0,1,3,6.65440998787179,1.6260804830609177,239118.3303481143,14278.343781914786
9da441ba,5783,3,0,3,6.898142624080171,3.2646094006637703,275180.4213222231,61633.33185847176
9dede370,6297,2,3,4,16.216558513578047,2.3670949577929887,1655964.7208430208,35282.96338139902
9def2eb2,6003,2,1,4,7.760591382045546,2.09410582288859,361541.3519302748,26324.831022327762
9df1b1f9,4701,4,2,2,7.071260627518552,1.8567654089019057,235062.81897964445,16207.0631611486
9dfff011,4319,2,2,1,5.525598680168629,2.2513297869714375,131868.74790412094,21890.79021211528
9e3e364d,4290,4,1,1,6.052589889784566,1.4645439838034329,157159.19236412688,9201.574155322818
9efc812e,4450,1,0,1,6.483554370807825,1.2427248382690228,187062.3238925346,6872.424355245922
9f0c7bae,2542,1,0,0,3.7219597668547673,0.5767720939413145,35214.28661446958,845.6370949042981
9ffce529,5212,1,1,3,8.627309583282772,1.6892208670620008,387931.6130059239,14872.270721784642
a0383629,5832,0,1,3,4.963417586925914,1.6905800575265844,143674.31847734223,16668.21134904723
a056d01e,6557,2,3,4,10.630526962007638,2.2325620644542847,740994.1345837419,32682.273917845956
a08d9e63,3685,1,0,0,22.832578738232133,2.2726451174662174,1921088.7120214454,19032.71483334009
a0b83014,5035,3,3,2,9.032839997439021,1.2130045072970563,410816.71904134756,7408.397971330175
a0e92ed6,4897,4,0,2,7.139214150893845,1.9693335602051771,249592.15045630536,18991.9110656029
a15bc102,3236,2,4,0,4.298442623861187,0.6606674342548582,59790.30669366782,1412.4540003043276
a247e7cf,5674,0,4,3,5.016316771581381,1.1511693537410288,142777.32424846324,7519.133058751659
a2e8e7f6,4760,1,0,2,7.560011926375746,1.3559836098862346,272051.99435625115,8752.171779333295
a3518960,4967,4,1,2,6.254634770978679,1.9223968173894759,194311.30553977253,18356.092503270123
a3f71395,5543,1,1,3,12.34442954520486,1.6641050122858039,844669.7268351474,15349.927761683379
a4719920,5884,2,0,3,6.730497483944106,1.5180260124559883,266542.8251080278,13559.107101916981
a48640d9,4532,4,2,1,14.534172417032934,1.8149325034958215,957349.5046873217,14928.317324857106
a4cdbb0f,5204,0,4,3,11.597526872144712,2.0411886424740486,699951.6841788178,21682.21138995491
a4f989c2,5385,2,4,3,13.509719333732697,2.771824916492369,982829.901224504,41373.0269849995
a5aa7973,4616,3,4,2,25.802028181582045,1.4235434035821577,3073077.3426350392,9354.212393808575
a5e6f7dc,5649,2,2,3,13.637110343380469,2.673940429821736,1050548.9278455528,40390.10947820693
a612d5a0,5329,2,4,3,10.368276047175447,2.230035708675844,572873.6187068128,26501.4328070348
a622ce4d,6298,2,1,4,6.699980298241257,2.573414034712304,282715.5573079786,41708.251782953725
a645da9a,5153,4,1,3,8.081452100410019,1.9176339327571579,336541.75006794446,18949.229445017856
a692b17e,3566,0,2,0,7.27195666202092,1.6496703903070613,188574.90727391103,9704.556606474769
a6b8ac67,5453,1,2,3,14.654119225913242,2.091631911838632,1170994.7256965383,23856.460869852304
a6ed2eff,5275,4,3,3,10.451822603362011,2.5068200392006736,576244.1424870861,33148.873889648305
a6f967fb,4670,4,4,2,9.289663536635961,1.813313691662935,403010.9530736305,15355.457562218464
a76db406,4672,1,2,2,3.0109771988701226,1.290142489003533,42356.275809564875,7776.392823107384
a7744f5b,4377,0,1,1,11.74925154226336,1.5995972630299855,604222.5789633853,11199.479814839753
a783cc24,1889,1,0,0,22.245247400617053,0.5449540321985603,934773.5992867922,560.985580828688
a79fd2e7,4404,3,2,1,13.672778514105643,1.4765409048325917,823305.2175906543,9601.482084207511
a7fc3e6b,4764,1,3,2,17.805262409825964,1.6698908913192412,1510318.3882158755,13284.58354557186
a85bb86f,3099,1,4,0,6.996862526383669,1.6638161577102024,151714.90807543427,8578.91275643172
a85e4bc3,4581,0,0,2,9.232909194915711,2.392088129286839,390514.73049534217,26212.874217317814
a87433c9,5721,3,0,3,10.58266329190039,1.1500551592882813,640710.5934028396,7566.748319869403
a8ed028a,5538,4,2,3,12.79578716321697,1.7118606286934974,906748.7526217161,16228.925205248623
a959858c,4404,4,2,1,28.5173926928505,5.654622710579993,3581516.3851362625,140816.83422762694
a9c9b150,3986,2,4,1,5.550800896869274,0.6167016295755349,122814.20291838536,1515.9591070855852
aa95015b,4300,3,2,1,7.974613591375328,1.837636432478725,273456.1863065168,14520.702929284484
aaaf3c03,2997,0,3,0,14.857917274327269,1.5835689684452356,661610.8440750657,7515.548961434654
aaeffccb,2712,3,3,0,7.3362122796353395,0.7649856666038796,145959.8687793978,1587.070726136644
ab112491,5185,3,3,3,30.595410183915227,3.3034313298436384,4853570.259609692,56582.13458689617
ab18d3fc,5694,4,2,3,8.79303898044961,2.0131206707306477,440246.0415096557,23075.816630051635
ab3ced07,4250,4,3,1,11.2354455341756,2.6754318449779806,536499.7544935624,30421.226117769693
ab6fe95d,5491,0,2,3,5.641569941720345,1.9437171665587405,174763.76693760784,20745.198001851088
ab94878e,6004,1,2,4,14.4818139070019,2.029970356600856,1259176.49595835,24741.161010663953
abf460d2,3217,3,3,0,8.439044128937931,1.4453452576521737,229106.58751129045,6720.38671375131
ac6f01d5,5004,4,3,2,19.015915749658443,2.20782556509501,1809471.6791977326,24391.966604339053
ad2133a8,5729,1,2,3,21.731209562050445,1.9770624630259097,2705494.292071453,22393.377604923113
add9c322,3932,2,2,1,18.27047960909437,1.4833555167734696,1312542.5916753819,8651.750992507472
ae069086,4770,1,3,2,7.56414857690006,1.2792276606690898,272921.95941760956,7805.73965530575
ae0784a8,7823,2,0,4,7.008896047645929,2.3054605336610905,384301.93203986675,41580.40493395944
ae35f33a,4450,1,2,1,4.865864996278415,0.5507618262417662,105361.05762093351,1349.8567221409864
ae8959c3,4518,2,0,1,17.831142288409154,1.4947547167027948,1436496.4523282906,10094.52973390953
aed44918,2719,3,0,0,14.312210691995343,0.8816451629880979,556958.260331527,2113.473787909822
aee6393a,5865,1,0,3,4.56785951915802,1.933827062985674,122375.22254136227,21933.264897427453
af7a59ce,3024,0,2,0,11.582004566191697,0.5105471241269363,405647.9172283669,788.2308986457584
aff4e561,6026,0,4,4,11.91389422945963,1.8502583807539554,855335.7170329884,20629.746311265804
b04b58a3,3402,1,1,0,10.825011018759868,1.6258484260947597,398649.29781843926,8992.789321967613
b0d42b0d,4971,2,4,2,14.403015353413135,2.768728806337848,1031218.2976664236,38106.98609833671
b0f53bf4,2755,3,0,0,5.722447925598399,0.8448744917894824,90216.36026956583,1966.5545584448573
b19b0395,5813,0,0,3,7.468068628537183,2.934571998342649,324202.92107266624,50059.886584624204
b1efb8a4,5998,3,1,4,5.817186720600742,1.7152473158736743,202970.28873131706,17646.555980961843
b32902c0,3808,2,3,0,5.986518309634345,1.8004022001114846,136472.6328038043,12343.43429688917
b32e4903,5770,0,1,3,9.572147576611407,1.856775556408157,528682.0732480274,19892.741243867717
b3388334,6080,0,2,4,11.225570359124445,2.9513729612140533,766161.6537169323,52960.462325607295
b37fd114,8161,2,1,4,12.740509777014775,5.9362154697340035,1324698.3299155645,287582.656135475
b38e3116,6211,3,1,4,5.5757133249158075,2.095411091374059,193091.16467608899,27270.933603551617
b4d8dd4f,4259,1,4,1,10.011008312611422,3.244818986046927,426838.2041864103,44842.37322416498
b4f37e6e,2992,1,4,0,15.596213801716484,1.105758157332808,727779.7197669644,3658.3216987040755
b56bc0aa,5602,1,4,3,8.515475999361207,1.5615068442848181,406219.68303889316,13659.37690584015
b585b4fa,4294,0,1,1,7.463809312440243,1.7858932868127813,239212.08194890484,13695.347288105424
b5aa9634,7326,4,0,4,9.499252425731664,2.559785094352119,661067.4462415549,48003.61301661215
b7974e66,5558,2,1,3,5.799078662539319,0.6986352193484535,186911.72351214403,2712.8107212707555
b7cdcecb,6168,0,4,4,4.595239715822181,1.7713381897317158,130244.8945869232,19352.957243455734
b7fea9ef,3866,1,1,1,6.66996497336796,1.065472805094412,171992.28099586375,4388.808065597988
b85f7b06,3803,4,1,0,10.347711795341597,1.9745186111174715,407206.7551361145,14826.846404704169
b881d27e,4009,0,0,1,13.816927937552697,1.6778997304897503,765348.1580047805,11286.728149860504
b8c49c1a,4319,1,2,1,8.926090673108769,1.136820262539597,344116.73402899184,5581.704175955662
b95e7121,6306,3,1,4,7.18170103222158,1.587939489221173,325243.4881904361,15900.905785924966
b977be4a,5917,2,1,3,17.36371317758612,1.398277640933923,1783966.8334498487,11568.802196840155
ba48188d,4166,4,1,1,40.49293964926044,1.172204783699074,6830899.220553408,5724.350852825853
bb2cdd83,3825,0,2,0,6.169698915073477,1.5951538960179952,145599.33148767008,9732.773516328813
bb337fa0,6873,2,0,4,18.113083781209557,3.8615391165394644,2254919.9853395475,102486.63192768303
bb682ebd,4139,3,4,1,21.78420697697988,1.875330254342962,1964169.377096206,14556.298286652865
bc4381e2,4955,2,0,2,11.929774167547386,2.101228239384677,705193.180417414,21877.1183648087
bcebcc5f,6258,2,3,4,10.493725892236204,2.507886985657458,689120.2156484895,39359.67305725045
bd2c2f34,9823,0,1,4,10.653763004761378,2.5957060201356765,1114936.6897056147,66184.3263451805
bd4ae5da,5006,3,4,2,5.805582288655246,2.260909147494754,168726.1572659995,25589.22112716663
bd6f0e19,5140,3,3,2,6.159175384842386,1.3567706432870694,194988.16890521656,9461.848613416025
bd8f847e,4961,1,0,2,8.893698686338382,1.8588483543774674,392404.5644402737,17141.828651880794
be063506,4500,3,4,1,12.586720180957455,1.8904863582842164,712914.8621117476,16082.724018864235
be35c8f2,4226,4,2,1,5.437261198516079,1.4571315094444102,124936.65827459483,8972.77942855734
be83e781,3221,0,0,0,2.9332456436672287,1.2753797178693655,27713.258549624832,5239.25742112794
beda8696,5912,0,4,3,11.050886012735893,2.0615408137241804,721985.7468122403,25125.70751355808
bf39bc20,3303,1,4,0,8.314429252398392,1.4678002018126255,228335.51071873508,7116.1068393532305
bf70b410,6347,0,4,4,17.709812696971632,2.4401698568201615,1990656.9951902567,37792.76041955877
bffe3082,5723,2,2,3,12.024613305680575,2.170090990367422,827496.1538400333,26951.294749749886
c03b9305,4255,1,2,1,11.3710576043678,1.8423097102651849,550175.5466830751,14441.91706662659
c03d4aed,4641,1,2,2,6.81943312241488,1.6942411576100054,215828.16470356478,13321.772837748307
c03fba65,3699,1,3,0,16.45865176761471,1.8541090123696153,1002011.8194101376,12716.127129846103
c07fd0cd,4191,4,3,1,5.377998328836901,1.2011229543839101,121215.73151065971,6046.340409337386
c1708b88,6315,2,2,4,26.132649391291128,1.919242184145019,4312610.524974459,23261.242895252006
c1d046f4,5513,3,0,3,8.799494100691582,1.603223696736526,426877.63460814813,14170.208460659536
c2717d4f,4721,3,4,2,18.964202604360544,1.2393805919833565,1697865.0685592094,7251.759332677056
c2c4db09,6039,3,2,4,8.152310234610766,2.104708188030308,401352.91929232894,26751.541406284636
c2c6fc71,7119,3,3,4,9.07247957880503,2.784921995734552,585964.0763540723,55213.47272843965
c36625df,4742,3,4,2,19.883982184722733,1.5935665208077339,1874857.5687510837,12042.092083086598
c3957531,5316,4,3,3,8.885610386623153,4.362912990541143,419719.8464482717,101190.11190028161
c42fe306,5095,0,2,2,11.036722196706743,1.834482902023544,620618.0617368881,17146.34370327621
c43812e2,5527,2,3,3,5.485199097883499,2.8949408940733776,166293.1103356931,46320.03372604583
c472c0b5,3054,3,0,0,7.193574570061251,0.8137386167258348,158036.91110022744,2022.2688180155724
c47e0767,4356,3,3,1,11.097521616620844,1.6663650454121401,536463.1191526343,12095.620855673034
c50b42f6,6014,0,4,4,10.15430222868022,2.296664926525832,620102.6604607997,31721.86408538971
c593337f,5208,2,2,3,20.613817257330417,2.5316386348772477,2213032.637672138,33379.08327695712
c59b6c4a,5499,0,4,3,17.378519693817616,1.2079486796527628,1660769.1941694887,8023.810929699015
c66be2b8,4154,2,3,1,23.909533002419934,1.3443608583466373,2374699.601907878,7507.5496119060235
c6797dd7,4664,4,2,2,7.8910594707495525,1.483913339288667,290421.77447870653,10270.122396291881
c6b782a4,4877,1,3,2,12.617049131106192,2.169367794727193,776369.2826441977,22951.92587865529
c6c96179,4004,0,2,1,9.612310299032924,1.022100780157158,369955.6231767172,4182.938779210675
c70c0e01,4312,3,1,1,7.861600606097853,1.4880981836924019,266502.1427552095,9548.648912978793
c84c65be,8496,0,1,4,8.348651997826884,5.113910264504769,592171.1165762368,222188.0563311879
c8d9680c,6281,2,1,4,38.52460062694175,2.136787812815537,9321913.824615931,28678.1802080982
c908edd0,5293,3,1,3,8.072188674469885,1.7119934539864454,344893.0973700977,15513.367957304483
c9578d27,4487,0,1,1,9.507807784681754,1.2998651201493914,405617.66060173145,7581.456546316909
c96c018a,6236,3,2,4,8.68984770605329,2.013845531520173,470901.8938708362,25290.55837160102
c99f9fae,6361,4,1,4,5.776509704144759,1.7783138698526222,212254.25740718178,20116.02779757664
c9e6734f,4735,1,1,2,9.386364341163238,1.9852820639254418,417171.6613058628,18662.267975284132
c9e980e8,4359,3,4,1,6.251963449277382,1.3492450898495607,170380.4377470264,7935.395220114048
c9fedcf3,3517,2,2,0,4.228614283368664,0.7778119478703398,62888.10569016084,2127.7548461207302
cad13e8f,4848,4,4,2,10.886641936521094,2.4997036302085673,574579.9794266878,30292.816422080014
cb34231f,5609,4,4,3,8.428990668074789,1.0285077391416635,398507.57957509696,5933.3582025813275
cb879f40,6315,2,2,4,8.241069286906557,1.3648769503962372,428884.6331919196,11764.14460160032
cbb406b5,6328,3,3,4,15.911730273452728,3.5699280121045645,1602143.038347469,80646.4746814608
cbe51de1,3963,4,0,1,8.15925689341351,2.5408882032865923,263830.67370791297,25585.575270524634
cbe62450,6258,2,2,4,13.916722023503583,2.455067020601859,1212019.1004617212,37719.18180539823
cc08aa63,3274,1,4,0,7.4296932711482455,1.0790182092080243,180725.92004635322,3811.853688457358
cc8a1d57,6638,1,2,4,21.268500070115973,2.310802264129028,3002693.294153489,35445.6395557137
ccedb12b,4401,4,3,1,7.197492553000652,2.026963038741741,227988.95972124982,18081.856885031102
cd7f1687,4232,2,2,1,8.518589380072815,1.3929503917114665,307100.85679125646,8211.395279230948
cda7eb37,5973,1,2,4,9.789677088673258,2.7426105113786137,572439.0450104515,44928.3828674844
cdc31d65,4840,4,3,2,5.3150196024627405,1.7610739596016614,136727.25753288582,15010.686417345436
cdc60a53,5878,0,1,3,9.502016745855968,2.043760429292882,530714.7581180632,24552.151437594657
ce55ba43,4104,2,0,1,12.831791292103052,2.144432411224211,675743.5773038325,18872.614863331655
ce8399b7,1615,1,3,0,8.554842632798279,1.7413233374909196,118194.31194218792,4897.014249590182
cf50c9d1,4858,1,2,2,19.418130294079393,1.5991432742394716,1831775.8632444856,12423.16524968725
d00e7eb9,5704,0,4,3,6.484980790744733,1.8963609333833542,239881.58228449593,20512.63804023539
d011f41b,2267,2,4,0,13.80563120654818,0.8995220403360236,432079.89197642886,1834.3201556809913
d07aed8f,2957,4,3,0,3.1361479565646153,0.4860060075289972,29083.348784158265,698.4488389705931
d085e611,6191,2,2,4,9.171887749782334,1.988996856689611,520808.7426225134,24492.26769824786
d0a0e7b5,3816,2,0,0,8.872848450975962,1.6766497517876098,300423.90964329254,10727.365152886636
d0a43760,4041,1,0,1,14.169254323549007,0.7922341142154569,811302.5508331509,2536.272597467795
d0cb63ae,5223,3,4,3,15.702659203607384,5.940665137587777,1287853.4221755923,184327.51639251402
d114d9c2,6206,0,4,4,9.483256273877497,1.4199305284539048,558118.9201447652,12512.5539911732
d1457cc5,6920,0,2,4,9.638762049845617,3.283316708583845,642907.678266525,74598.7667733517
d1ecf309,6168,3,4,4,9.707387372360358,1.586477058226679,581231.4236746742,15524.297526332432
d1ee630d,6290,2,2,4,12.999202567091247,3.223516308943092,1062879.5918219087,65359.75100839898
d217e0c5,3838,2,2,1,3.8580036821399686,0.9812634653870809,57125.53047497452,3695.5257198762906
d24ff243,5641,0,0,3,8.104688578564234,1.5402679967491941,370534.59600602946,13382.852255708945
d273674e,3899,4,2,1,9.134683646958612,1.319025483453958,325342.09434172104,6783.590253177696
d2f3b1ab,5581,0,0,3,12.169117467068597,1.5715210563579367,826475.8906143397,13783.275321046694
d3df146b,5787,4,0,3,6.694607101281358,1.4984439163054317,259360.40165992855,12993.74884359994
d40f61d5,4039,0,1,1,4.429506088249811,1.680509002734224,79247.2971866164,11406.582342905665
d41beaf2,4753,1,2,2,11.821668613719115,0.9317711799557277,664240.5374062482,4126.5428686268115
d463e527,4767,4,1,2,7.129770612616489,2.3071645973371533,242323.90938832107,25374.781420374566
d4f60a28,4501,4,4,1,4.744668560155199,2.2296030038233376,101325.97073550918,22375.054125515882
d50c649a,4873,3,2,2,7.143892764091716,1.7417430923756763,248694.548238455,14783.069036212444
d543916f,4799,2,1,2,6.378750998267399,1.9435983566369657,195263.94016560933,18128.580370653264
d5df0ff5,4032,4,0,1,7.239274509158431,1.7867494982305667,211305.4087292106,12872.054238330396
d60430e6,2511,2,4,0,7.301809529597366,1.673428285403345,133877.536662769,7031.7095504602175
d63196fe,4510,1,1,1,13.347500760899528,1.6338201260608205,803482.552295583,12038.850601489492
d6c320d9,5452,0,0,3,10.075421619153868,1.0964190991869505,553454.9866218441,6554.03915346961
d6dd7330,6193,3,1,4,7.567941576269592,2.465794942178633,354696.2699734324,37654.336107739
d7ba4f9d,6023,3,1,4,5.757404950547035,1.3483821438123467,199648.66795808647,10950.623525844176
d7eb0be8,5401,4,3,3,22.71714988365559,1.7408050172684326,2787288.122615792,16367.201786101665
d84b621b,3994,0,1,1,10.902459300729307,1.314013225879272,474741.2935034115,6896.163246595889
d90aa14c,10018,0,4,4,9.74846639699381,5.048760521995582,952036.5576808548,255358.64777516326
d924e971,3184,3,2,0,26.43783780751351,1.3154484668512896,2225486.309109468,5509.608465909443
d9ae59b2,3648,4,4,0,8.466573030980191,1.189935091634187,261499.06922678417,5165.369265359379
d9d6d94d,4919,4,3,2,7.383812623161651,2.609196496726574,268187.2684726358,33488.09137761018
d9eca87b,6373,0,4,4,16.16649775711741,2.8416367735391797,1665619.5557349124,51461.3348495493
da2d4d7c,2114,3,1,0,9.461699630313522,0.6579567478942017,189253.2284164974,915.1655715583726
da3bfe4e,5549,0,4,3,25.756515466198774,3.246461808073586,3681195.9956420176,58483.76469133503
da3cf798,5844,1,1,3,11.765389458792551,2.4002786902059148,808952.1300001388,33669.2580485973
da940160,5132,3,3,2,9.69982268833775,1.173940602793553,482852.22687040415,7072.596717569575
dafc88c3,5572,0,0,3,19.32141375322942,2.300731090056464,2080122.4879476475,29494.621693648398
dbee6c86,7369,3,2,4,4.326186882845352,2.7046380149903704,137917.41511393915,53904.727191213715
dc5fbe29,5203,1,3,3,7.795333041077801,1.9505466066295314,316171.8312025242,19795.500632290597
dc7da28f,4774,0,2,2,10.48236773251517,1.5731321436586336,524567.2788771695,11814.431395500924
dc7f9757,4360,3,4,1,7.656701911415096,1.903154365589276,255605.36693876667,15791.904911180225
dd168de0,3304,1,1,0,3.621635992870003,1.2247358032069677,43336.08096306933,4955.926610418783
dd64382d,3124,1,3,0,4.8691992210358075,0.5768053616087133,74067.23169311997,1039.368624264065
dd6bc5b2,3602,2,4,0,10.200666356828187,1.9473446578574118,374801.04603222176,13659.328681781852
dd7d638e,4301,1,4,1,7.330164995705061,1.4405297236386116,231098.40243518128,8925.116430035925
ddc790ff,4726,4,4,2,4.92948959211335,1.8116816018435757,114841.17446075064,15511.63101024289
df71d1ff,6228,0,4,4,14.128326983054498,1.6882585137343655,1243168.734162179,17751.15028767623
df73b8f3,5311,3,2,3,11.870032075360859,2.7235180749647045,748307.480067678,39394.61179244635
df8290be,3972,0,1,1,11.506365376773763,1.9279605613787552,525878.6762981251,14764.050810993045
e0079ed1,3471,1,2,0,7.17785901256419,1.143264782252802,178831.6818747482,4536.785691680566
e03b45fd,5342,1,2,3,14.261200181742177,2.8777630899862627,1086465.7391919289,44239.88198795027
e0f36d98,4976,2,1,2,10.378935771874165,3.121369765389185,536026.2033972853,48480.91528033382
e149204f,6097,0,4,4,12.57417049104803,1.7737941027200361,963995.2282908388,19183.268628394173
e14d641e,3184,0,1,0,7.1366804326344875,1.979434561368084,162168.14899059274,12475.425205839252
e161bd0c,2949,3,3,0,3.0952446801569806,1.1447981139847014,28253.011368988224,3864.8494665378594
e201fd6d,5070,4,3,2,15.742790557296615,2.5466822012338244,1256525.7544717009,32881.94248679147
e25f1537,3177,1,1,0,8.218123511262695,0.8614274190479623,214566.8092053133,2357.5157189598117
e2fc7745,3692,4,1,0,8.817974985385822,2.1121911830660327,287077.6730559502,16471.310084390407
e32da4ec,4689,4,0,2,8.049295900705317,2.0843756825901947,303805.7703269555,20371.932493166787
e3b34f5b,5455,1,2,3,6.719948940026094,2.241935958662725,246335.3285420229,27418.340177173715
e45a2a62,5007,0,1,2,21.31910663610351,2.0584586004823535,2275703.0689620944,21215.919812168147
e46f4ef4,7195,4,3,4,6.647756316623739,3.960143897786852,317966.2178052918,112837.31207802887
e4726608,4733,4,0,2,4.54287968844174,2.188577033637975,97678.49850268633,22670.452022449244
e5864244,4469,4,2,1,25.140881631348375,1.6927023218127206,2824693.6996013704,12804.762700557412
e5c92e59,4295,4,1,1,7.441481126696582,1.5182040233943495,237838.37963682527,9899.732146315146
e5ff9fd2,2354,2,3,0,8.889835412646645,0.6702076156934929,186034.67480492976,1057.365596106392
e6c55748,4472,0,0,1,15.675484329461014,1.2548813419690859,1098863.457683331,7042.179959791783
e730c32b,4728,4,3,2,11.890417063243861,1.0158635651385697,668454.1808103003,4879.195685910741
e737965a,5955,0,1,4,7.967157805332954,3.081452483286982,377997.2188131884,56544.80571722905
e748dd88,4812,4,0,2,5.859751440996969,1.4759611031594355,165228.13760468023,10482.755188726642
e7818f7a,5371,4,4,3,6.538948449215028,1.7653816044270252,229652.39527823153,16739.10933587819
e7c36e81,3531,1,4,0,8.501288984856968,0.9417065724552127,255192.12976070205,3131.330589445473
e7d0c1de,4711,3,3,2,6.226507394614932,0.8805330294427006,182642.6167131009,3652.619277491172
e85074c5,5675,1,0,3,16.407395324416715,1.3397911033488135,1527724.876057349,10186.85313847668
e97032ad,3530,1,4,0,6.729303003581246,1.4176504112051853,159850.82176644678,7094.356390017516
e9949a23,4559,1,4,2,10.304532825217255,1.2253596919137597,484090.1057649223,6845.367561650881
ea0b99b7,9239,2,1,4,8.371472603790258,4.733309503863962,647483.473303984,206992.57804170932
ea3a0e38,10052,2,3,4,8.89213697793489,3.833003131522552,794812.6455453569,147683.10953894252
ea41324e,5025,3,2,2,7.661106670190755,2.0360430751057574,294930.0909455074,20830.9938035227
eabc711b,5348,3,4,3,14.840747479277217,1.491836136080195,1177885.1581571635,11902.375404379743
eac10e86,6067,0,4,4,6.7891146869188335,1.5064791772363706,279640.63863437524,13768.932195947567
eafb863e,3568,1,4,0,7.290923518278804,2.39343673961925,189666.194593827,20439.42867396332
eb06a4e7,4535,3,3,1,7.34758814146982,1.7927052672436878,244831.278537389,14574.547514546794
eb640a35,6037,2,2,4,9.368741663367217,2.1324149465587787,529887.5349826082,27451.40718550305
eb934281,5971,2,3,4,3.207955710240578,1.4261824526349927,61447.44061786369,12144.992433965863
eba6605e,4410,0,3,1,13.77734354360111,2.3754589298857263,837085.0104721755,24884.770612600634
ebe69318,4976,0,2,2,8.628972887972747,1.6116818702025568,370508.8453524108,12925.251810880305
ec0d597b,4616,0,2,2,13.831450735070892,1.6371733575565854,883082.4798797754,12372.433758031364
ec13af42,5462,4,3,3,8.817687576488163,2.2997315394716185,424679.3167415763,28887.235269184417
ecdab904,6147,2,0,4,13.326231459805738,2.2620035715487736,1091636.1709251835,31452.109989378263
ecdaf714,6592,1,0,4,14.381524729998478,3.0897308566543513,1363411.8474646052,62930.11116517691
ed6436d6,2945,3,3,0,1.8386482009767466,0.45844976225910106,9955.947124482554,618.9688633979304
ed6e6e54,6048,3,0,4,10.502982880312178,2.397317044918947,667170.9034752224,34758.6362758187
edf885a3,3117,3,3,0,13.954152824255964,1.095466644648772,606937.1937100668,3740.5470274500676
ee0300f7,4544,4,3,1,16.42189367521954,1.3765824888630307,1225419.5215036992,8610.786160239863
ee288beb,4638,2,4,2,17.830550478860353,1.3933234219286132,1474552.5238986698,9003.982033243963
ee4aecac,5265,2,1,3,4.310943314877744,1.5892349780266388,97845.9828704292,13297.64104799324
eeda36f5,4797,1,0,2,4.422544104984657,1.0275228823910665,93824.0258414842,5064.688304597266
eeed308d,3899,0,1,1,7.880427842664109,1.2310459136732128,242132.35649241583,5908.833288087338
ef04658e,4104,1,1,1,6.94560657635701,2.0198509478716007,197982.91372834248,16743.49038303947
ef8e3ed0,5224,2,1,3,15.757513853558985,2.1393031885722062,1297115.2446228198,23908.253124886327
efde6ac3,4559,2,2,2,7.182749862385453,1.7806455026927444,235207.45197474243,14455.214034138868
efe96181,4012,1,2,1,4.9124949648842255,2.1560041707960007,96820.01840141164,18649.19618577288
f0188a48,4170,2,2,1,8.064613120704063,1.7878530575576932,271208.396560256,13329.065376094697
f021b650,3739,2,0,0,4.488741387652853,1.0189576529649849,75336.36037790621,3882.109097825769
f03f10fe,4145,0,0,1,6.369890671584218,2.6268382059386366,168185.47721109327,28601.656289941606
f053a1b9,4108,4,3,1,13.53390101661388,1.6027088765615343,752447.8863965791,10552.119952281528
f074d277,2453,4,0,0,10.261842037464213,1.339539909180256,258314.15111058133,4401.582663807149
f07d7037,5563,2,3,3,7.637025735910892,1.064993031522816,324457.31371203996,6309.611104459975
f08774c3,3900,1,3,1,8.957979467029661,1.5317205584353113,312957.0449137275,9150.054689620189
f140c2fa,4082,1,4,1,12.442370842680814,1.056705809741291,631945.0013064918,4558.072101167951
f16e25e3,4651,2,3,2,5.759882733415869,0.9487366964673395,154302.7345766682,4186.371235709711
f2d4c8c9,6249,0,4,4,4.660102171879421,1.892236076267828,135706.73502496825,22374.90299469083
f321a31c,5141,3,1,2,12.127888246590238,2.9080747736694055,756167.4465472795,43476.9171896464
f40cd091,5166,3,2,3,11.928560170257592,1.9956492621114932,735072.9696013647,20574.19413907352
f439a621,2821,1,0,0,7.767948989074465,1.0412721257698037,170222.04985265053,3058.662592172472
f49fdea3,5391,2,0,3,5.581123861855335,1.306147343221095,167923.95473935112,9197.158575959204
f4d12d23,3701,1,4,0,16.9795533496112,1.4912947739124363,1067017.6634554365,8230.876340087312
f56d3ace,5432,3,3,3,6.704683080222304,1.8165014062794036,244183.4749201829,17923.847414169755
f5859199,5790,2,2,3,11.950840781874488,2.921881481237709,826942.8273296064,49431.496150415245
f5d8aab6,4444,3,4,1,16.54476264471946,2.0997490115353368,1216452.4357911441,19593.355630455466
f631da6e,4093,2,4,1,5.6287486602001175,2.401906946283829,129677.747386431,23613.159513436443
f6824bb0,5015,0,2,2,16.80136320748266,1.559547541280731,1415663.3152332064,12197.425495576588
f6bc699b,3752,1,3,0,7.917954017248729,1.3078892042356391,235227.87231388333,6418.074287926612
f6d009f4,6715,3,4,4,31.957774162467036,4.0042939817259775,6858024.997050235,107670.79651136341
f72b268f,6404,3,4,4,7.80608622021858,1.6343446599586073,390227.6252242229,17105.61212209552
f8662c22,5429,2,2,3,11.378003971307917,4.759740338856004,702832.7718606951,122994.69041870521
f88ddb26,4990,2,0,2,27.642571725978495,1.3748866351087103,3812917.74041307,9432.663164408756
f8afa78a,6032,0,4,4,11.719514324394483,1.273941913052605,828477.2005101149,9789.501682923416
f8f59188,4807,3,4,2,5.056257817155485,1.770019402490662,122894.5271468154,15060.180469724672
f9fc81aa,5598,0,0,3,9.17570736443364,2.46417713121739,471315.80435996637,33992.00169261466
fa16d114,5686,0,4,3,28.593595766646917,2.2250759593730467,4648837.885474399,28151.175760035625
fa31da94,5027,4,1,2,10.198667878719544,2.3097450211540314,522872.4788176405,26818.653209423323
fa667be2,7296,4,1,4,8.562713158213342,1.5699338245434447,534943.1331713119,17982.394389299152
fae0c593,4403,2,3,1,8.5437112094235,1.9665657080277419,321396.9904158168,17028.07715161085
fb03ae90,6431,0,1,4,19.438683937932367,1.4405010797462547,2430033.3081589146,13344.603852984059
fb0904bd,3181,1,4,0,2.7452429583794826,0.8806984854608927,23973.157662592715,2467.278464714384
fb3848a1,5919,0,3,3,7.935329026797624,1.965075875581552,372716.155393375,22856.35580181542
fb73b13a,5640,3,4,3,11.974289282883799,3.3867295668118373,808683.5256022479,64690.44557516667
fba7683c,407,3,4,0,29.566401681106772,1.5295363629730834,355788.04810600117,952.1689646623697
fbd68d27,6829,0,1,4,22.058619511353157,2.3596344489562426,3322873.2224248745,38023.016549615335
fc03f21f,4803,3,4,2,8.743971645124182,2.307010235263572,367223.1637479235,25562.988771609067
fc0d20b2,3954,1,0,1,17.691958681460967,1.8404288845080579,1237623.3594547086,13392.903705695446
fcfcc902,2791,2,2,0,7.297261569207482,0.6135895194549901,148620.82370872595,1050.7894465925508
fd3b4faa,5022,3,3,2,6.9374687041600955,1.8873571615479685,241701.18649047017,17888.951851447444
fd710aea,4217,4,3,1,4.99700095218488,1.149036970929462,105298.56808254805,5567.645895693131
fd8f77fa,5272,3,3,3,21.8931123821763,2.257802617772945,2526913.725472786,26874.930267855503
fde20ecf,4667,4,1,2,7.385824471058646,1.3524017739941374,254586.73134838647,8535.89893559772
fdfd57da,5236,3,4,3,3.4432625352726594,1.0993825859737707,62078.31385934921,6328.449880312678
febb4411,4247,4,3,1,4.911604785323246,2.360303690508098,102454.04007594175,23660.17932302685
fef8af96,3826,1,0,0,31.11027163776159,1.1414959476861768,3702990.279261948,4985.327732582242
ff0aea78,3261,2,3,0,13.623104198122983,1.3865549122496295,605205.6246248992,6269.385084993148
ff8bb73a,5927,1,2,3,8.798601826899901,6.306573997456019,458841.04088004975,235733.83359459697
ffefef30,4570,1,2,2,8.325509317472322,1.3170613288263,316765.46165660536,7927.352985575923
