context,scope,candidate,selection,alpha,beta,gamma,inner_rmse,inner_minimum_domain_gain,fallback,t016_family,t016_scale,t016_cap,t016_train_rmse
repeated:v1:0,repeated,t025_fixed_050,fixed,0.5,0.0,0.0,nan,nan,False,ridge_visible_geometry_a25_f32,-0.5,5.0,12.661922594282688
repeated:v1:0,repeated,t016_fixed_100,fixed,0.0,1.0,0.0,nan,nan,False,ridge_visible_geometry_a25_f32,-0.5,5.0,12.661922594282688
repeated:v1:0,repeated,fixed_all_domain_040_060,fixed,0.4,0.6,0.0,nan,nan,False,ridge_visible_geometry_a25_f32,-0.5,5.0,12.661922594282688
repeated:v1:0,repeated,fixed_minimax_025_045,fixed,0.25,0.45,0.0,nan,nan,False,ridge_visible_geometry_a25_f32,-0.5,5.0,12.661922594282688
repeated:v1:0,repeated,fixed_pair_box_046_090,fixed,0.4623841380462943,0.896042906654928,0.0,nan,nan,False,ridge_visible_geometry_a25_f32,-0.5,5.0,12.661922594282688
repeated:v1:0,repeated,fixed_three_pooled_040_005_055,fixed,0.4,0.55,0.05,nan,nan,False,ridge_visible_geometry_a25_f32,-0.5,5.0,12.661922594282688
repeated:v1:0,repeated,nested_simplex_pooled,inner_pooled,0.2,0.8,0.0,12.609568694752795,-0.034323340966647464,False,ridge_visible_geometry_a25_f32,-0.5,5.0,12.661922594282688
repeated:v1:0,repeated,nested_box_pooled,inner_pooled,0.2,1.0,0.0,12.605590359048316,-0.04381839396885212,False,ridge_visible_geometry_a25_f32,-0.5,5.0,12.661922594282688
repeated:v1:0,repeated,nested_simplex_minimax,inner_maximum_minimum_domain_gain,0.05,0.15,0.0,12.66639699375996,0.005469788876592219,False,ridge_visible_geometry_a25_f32,-0.5,5.0,12.661922594282688
repeated:v1:0,repeated,nested_simplex_domain_safe,inner_lowest_pooled_rmse_among_nonnegative_available_domains_else_zero,0.1,0.4,0.0,12.636716010111611,0.0008214897246414665,False,ridge_visible_geometry_a25_f32,-0.5,5.0,12.661922594282688
repeated:v1:1,repeated,t025_fixed_050,fixed,0.5,0.0,0.0,nan,nan,False,ridge_visible_geometry_a25_f32,-0.75,10.0,12.395234592610395
repeated:v1:1,repeated,t016_fixed_100,fixed,0.0,1.0,0.0,nan,nan,False,ridge_visible_geometry_a25_f32,-0.75,10.0,12.395234592610395
repeated:v1:1,repeated,fixed_all_domain_040_060,fixed,0.4,0.6,0.0,nan,nan,False,ridge_visible_geometry_a25_f32,-0.75,10.0,12.395234592610395
repeated:v1:1,repeated,fixed_minimax_025_045,fixed,0.25,0.45,0.0,nan,nan,False,ridge_visible_geometry_a25_f32,-0.75,10.0,12.395234592610395
repeated:v1:1,repeated,fixed_pair_box_046_090,fixed,0.4623841380462943,0.896042906654928,0.0,nan,nan,False,ridge_visible_geometry_a25_f32,-0.75,10.0,12.395234592610395
repeated:v1:1,repeated,fixed_three_pooled_040_005_055,fixed,0.4,0.55,0.05,nan,nan,False,ridge_visible_geometry_a25_f32,-0.75,10.0,12.395234592610395
repeated:v1:1,repeated,nested_simplex_pooled,inner_pooled,0.25,0.75,0.0,12.339277905941817,0.03476895768965349,False,ridge_visible_geometry_a25_f32,-0.75,10.0,12.395234592610395
repeated:v1:1,repeated,nested_box_pooled,inner_pooled,0.3,0.7,0.0,12.340833540885303,0.011155366355970031,False,ridge_visible_geometry_a25_f32,-0.75,10.0,12.395234592610395
repeated:v1:1,repeated,nested_simplex_minimax,inner_maximum_minimum_domain_gain,0.15,0.85,0.0,12.353505864919706,0.06896046748206608,False,ridge_visible_geometry_a25_f32,-0.75,10.0,12.395234592610395
repeated:v1:1,repeated,nested_simplex_domain_safe,inner_lowest_pooled_rmse_among_nonnegative_available_domains_else_zero,0.25,0.75,0.0,12.339277905941817,0.03476895768965349,False,ridge_visible_geometry_a25_f32,-0.75,10.0,12.395234592610395
repeated:v1:2,repeated,t025_fixed_050,fixed,0.5,0.0,0.0,nan,nan,False,ridge_visible_geometry_a25_f32,-0.75,10.0,12.428706698586105
repeated:v1:2,repeated,t016_fixed_100,fixed,0.0,1.0,0.0,nan,nan,False,ridge_visible_geometry_a25_f32,-0.75,10.0,12.428706698586105
repeated:v1:2,repeated,fixed_all_domain_040_060,fixed,0.4,0.6,0.0,nan,nan,False,ridge_visible_geometry_a25_f32,-0.75,10.0,12.428706698586105
repeated:v1:2,repeated,fixed_minimax_025_045,fixed,0.25,0.45,0.0,nan,nan,False,ridge_visible_geometry_a25_f32,-0.75,10.0,12.428706698586105
repeated:v1:2,repeated,fixed_pair_box_046_090,fixed,0.4623841380462943,0.896042906654928,0.0,nan,nan,False,ridge_visible_geometry_a25_f32,-0.75,10.0,12.428706698586105
repeated:v1:2,repeated,fixed_three_pooled_040_005_055,fixed,0.4,0.55,0.05,nan,nan,False,ridge_visible_geometry_a25_f32,-0.75,10.0,12.428706698586105
repeated:v1:2,repeated,nested_simplex_pooled,inner_pooled,0.35,0.65,0.0,12.275619071152605,-0.04157931781257851,False,ridge_visible_geometry_a25_f32,-0.75,10.0,12.428706698586105
repeated:v1:2,repeated,nested_box_pooled,inner_pooled,0.3,0.7,0.0,12.276596821354902,0.010061718686872112,False,ridge_visible_geometry_a25_f32,-0.75,10.0,12.428706698586105
repeated:v1:2,repeated,nested_simplex_minimax,inner_maximum_minimum_domain_gain,0.1,0.85,0.0,12.361674539358933,0.0640363994231361,False,ridge_visible_geometry_a25_f32,-0.75,10.0,12.428706698586105
repeated:v1:2,repeated,nested_simplex_domain_safe,inner_lowest_pooled_rmse_among_nonnegative_available_domains_else_zero,0.3,0.7,0.0,12.276596821354902,0.010061718686872112,False,ridge_visible_geometry_a25_f32,-0.75,10.0,12.428706698586105
repeated:v1:3,repeated,t025_fixed_050,fixed,0.5,0.0,0.0,nan,nan,False,ridge_visible_geometry_a25_f32,-0.75,10.0,12.555683849791796
repeated:v1:3,repeated,t016_fixed_100,fixed,0.0,1.0,0.0,nan,nan,False,ridge_visible_geometry_a25_f32,-0.75,10.0,12.555683849791796
repeated:v1:3,repeated,fixed_all_domain_040_060,fixed,0.4,0.6,0.0,nan,nan,False,ridge_visible_geometry_a25_f32,-0.75,10.0,12.555683849791796
repeated:v1:3,repeated,fixed_minimax_025_045,fixed,0.25,0.45,0.0,nan,nan,False,ridge_visible_geometry_a25_f32,-0.75,10.0,12.555683849791796
repeated:v1:3,repeated,fixed_pair_box_046_090,fixed,0.4623841380462943,0.896042906654928,0.0,nan,nan,False,ridge_visible_geometry_a25_f32,-0.75,10.0,12.555683849791796
repeated:v1:3,repeated,fixed_three_pooled_040_005_055,fixed,0.4,0.55,0.05,nan,nan,False,ridge_visible_geometry_a25_f32,-0.75,10.0,12.555683849791796
repeated:v1:3,repeated,nested_simplex_pooled,inner_pooled,0.25,0.75,0.0,12.51503492507501,-0.02761444488645637,False,ridge_visible_geometry_a25_f32,-0.75,10.0,12.555683849791796
repeated:v1:3,repeated,nested_box_pooled,inner_pooled,0.2,0.8,0.0,12.51506953014806,-0.026753163157213322,False,ridge_visible_geometry_a25_f32,-0.75,10.0,12.555683849791796
repeated:v1:3,repeated,nested_simplex_minimax,inner_maximum_minimum_domain_gain,0.1,0.25,0.0,12.562581862040023,0.021463577724397,False,ridge_visible_geometry_a25_f32,-0.75,10.0,12.555683849791796
repeated:v1:3,repeated,nested_simplex_domain_safe,inner_lowest_pooled_rmse_among_nonnegative_available_domains_else_zero,0.2,0.55,0.0,12.521543554489389,0.002222448927314602,False,ridge_visible_geometry_a25_f32,-0.75,10.0,12.555683849791796
repeated:v1:4,repeated,t025_fixed_050,fixed,0.5,0.0,0.0,nan,nan,False,ridge_visible_geometry_a25_f32,-0.75,10.0,12.372638190344395
repeated:v1:4,repeated,t016_fixed_100,fixed,0.0,1.0,0.0,nan,nan,False,ridge_visible_geometry_a25_f32,-0.75,10.0,12.372638190344395
repeated:v1:4,repeated,fixed_all_domain_040_060,fixed,0.4,0.6,0.0,nan,nan,False,ridge_visible_geometry_a25_f32,-0.75,10.0,12.372638190344395
repeated:v1:4,repeated,fixed_minimax_025_045,fixed,0.25,0.45,0.0,nan,nan,False,ridge_visible_geometry_a25_f32,-0.75,10.0,12.372638190344395
repeated:v1:4,repeated,fixed_pair_box_046_090,fixed,0.4623841380462943,0.896042906654928,0.0,nan,nan,False,ridge_visible_geometry_a25_f32,-0.75,10.0,12.372638190344395
repeated:v1:4,repeated,fixed_three_pooled_040_005_055,fixed,0.4,0.55,0.05,nan,nan,False,ridge_visible_geometry_a25_f32,-0.75,10.0,12.372638190344395
repeated:v1:4,repeated,nested_simplex_pooled,inner_pooled,0.15,0.85,0.0,12.348754893499233,-0.15148679027422496,False,ridge_visible_geometry_a25_f32,-0.75,10.0,12.372638190344395
repeated:v1:4,repeated,nested_box_pooled,inner_pooled,0.2,1.0,0.0,12.349490630680632,-0.214403756092425,False,ridge_visible_geometry_a25_f32,-0.75,10.0,12.372638190344395
repeated:v1:4,repeated,nested_simplex_minimax,inner_maximum_minimum_domain_gain,0.0,0.0,0.0,12.440176096085663,0.0,False,ridge_visible_geometry_a25_f32,-0.75,10.0,12.372638190344395
repeated:v1:4,repeated,nested_simplex_domain_safe,inner_lowest_pooled_rmse_among_nonnegative_available_domains_else_zero,0.0,0.0,0.0,12.440176096085663,0.0,False,ridge_visible_geometry_a25_f32,-0.75,10.0,12.372638190344395
repeated:v2:0,repeated,t025_fixed_050,fixed,0.5,0.0,0.0,nan,nan,False,ridge_visible_geometry_a25_f32,-0.75,10.0,12.638232808885697
repeated:v2:0,repeated,t016_fixed_100,fixed,0.0,1.0,0.0,nan,nan,False,ridge_visible_geometry_a25_f32,-0.75,10.0,12.638232808885697
repeated:v2:0,repeated,fixed_all_domain_040_060,fixed,0.4,0.6,0.0,nan,nan,False,ridge_visible_geometry_a25_f32,-0.75,10.0,12.638232808885697
repeated:v2:0,repeated,fixed_minimax_025_045,fixed,0.25,0.45,0.0,nan,nan,False,ridge_visible_geometry_a25_f32,-0.75,10.0,12.638232808885697
repeated:v2:0,repeated,fixed_pair_box_046_090,fixed,0.4623841380462943,0.896042906654928,0.0,nan,nan,False,ridge_visible_geometry_a25_f32,-0.75,10.0,12.638232808885697
repeated:v2:0,repeated,fixed_three_pooled_040_005_055,fixed,0.4,0.55,0.05,nan,nan,False,ridge_visible_geometry_a25_f32,-0.75,10.0,12.638232808885697
repeated:v2:0,repeated,nested_simplex_pooled,inner_pooled,0.2,0.8,0.0,12.583684073127733,-0.0363693438276016,False,ridge_visible_geometry_a25_f32,-0.75,10.0,12.638232808885697
repeated:v2:0,repeated,nested_box_pooled,inner_pooled,0.2,0.9,0.0,12.582841570996807,-0.0479214460801316,False,ridge_visible_geometry_a25_f32,-0.75,10.0,12.638232808885697
repeated:v2:0,repeated,nested_simplex_minimax,inner_maximum_minimum_domain_gain,0.1,0.15,0.0,12.633493959767293,0.015024911718379386,False,ridge_visible_geometry_a25_f32,-0.75,10.0,12.638232808885697
repeated:v2:0,repeated,nested_simplex_domain_safe,inner_lowest_pooled_rmse_among_nonnegative_available_domains_else_zero,0.15,0.45,0.0,12.599879918800466,4.180700139855276e-05,False,ridge_visible_geometry_a25_f32,-0.75,10.0,12.638232808885697
repeated:v2:1,repeated,t025_fixed_050,fixed,0.5,0.0,0.0,nan,nan,False,ridge_visible_geometry_a25_f32,-0.75,10.0,12.325810377281316
repeated:v2:1,repeated,t016_fixed_100,fixed,0.0,1.0,0.0,nan,nan,False,ridge_visible_geometry_a25_f32,-0.75,10.0,12.325810377281316
repeated:v2:1,repeated,fixed_all_domain_040_060,fixed,0.4,0.6,0.0,nan,nan,False,ridge_visible_geometry_a25_f32,-0.75,10.0,12.325810377281316
repeated:v2:1,repeated,fixed_minimax_025_045,fixed,0.25,0.45,0.0,nan,nan,False,ridge_visible_geometry_a25_f32,-0.75,10.0,12.325810377281316
repeated:v2:1,repeated,fixed_pair_box_046_090,fixed,0.4623841380462943,0.896042906654928,0.0,nan,nan,False,ridge_visible_geometry_a25_f32,-0.75,10.0,12.325810377281316
repeated:v2:1,repeated,fixed_three_pooled_040_005_055,fixed,0.4,0.55,0.05,nan,nan,False,ridge_visible_geometry_a25_f32,-0.75,10.0,12.325810377281316
repeated:v2:1,repeated,nested_simplex_pooled,inner_pooled,0.15,0.85,0.0,12.30300717386962,-0.034774890660564495,False,ridge_visible_geometry_a25_f32,-0.75,10.0,12.325810377281316
repeated:v2:1,repeated,nested_box_pooled,inner_pooled,0.1,0.9,0.0,12.303571382289071,-0.014498159836442426,False,ridge_visible_geometry_a25_f32,-0.75,10.0,12.325810377281316
repeated:v2:1,repeated,nested_simplex_minimax,inner_maximum_minimum_domain_gain,0.05,0.45,0.0,12.336002571494186,0.0183760704187641,False,ridge_visible_geometry_a25_f32,-0.75,10.0,12.325810377281316
repeated:v2:1,repeated,nested_simplex_domain_safe,inner_lowest_pooled_rmse_among_nonnegative_available_domains_else_zero,0.1,0.65,0.0,12.311172412099028,0.0008182073157971814,False,ridge_visible_geometry_a25_f32,-0.75,10.0,12.325810377281316
repeated:v2:2,repeated,t025_fixed_050,fixed,0.5,0.0,0.0,nan,nan,False,ridge_visible_geometry_a25_f32,-0.75,5.0,12.546210098684279
repeated:v2:2,repeated,t016_fixed_100,fixed,0.0,1.0,0.0,nan,nan,False,ridge_visible_geometry_a25_f32,-0.75,5.0,12.546210098684279
repeated:v2:2,repeated,fixed_all_domain_040_060,fixed,0.4,0.6,0.0,nan,nan,False,ridge_visible_geometry_a25_f32,-0.75,5.0,12.546210098684279
repeated:v2:2,repeated,fixed_minimax_025_045,fixed,0.25,0.45,0.0,nan,nan,False,ridge_visible_geometry_a25_f32,-0.75,5.0,12.546210098684279
repeated:v2:2,repeated,fixed_pair_box_046_090,fixed,0.4623841380462943,0.896042906654928,0.0,nan,nan,False,ridge_visible_geometry_a25_f32,-0.75,5.0,12.546210098684279
repeated:v2:2,repeated,fixed_three_pooled_040_005_055,fixed,0.4,0.55,0.05,nan,nan,False,ridge_visible_geometry_a25_f32,-0.75,5.0,12.546210098684279
repeated:v2:2,repeated,nested_simplex_pooled,inner_pooled,0.25,0.75,0.0,12.456726317960104,-0.018880731638793335,False,ridge_visible_geometry_a25_f32,-0.75,5.0,12.546210098684279
repeated:v2:2,repeated,nested_box_pooled,inner_pooled,0.3,0.9,0.0,12.454491157552763,-0.04677080468860595,False,ridge_visible_geometry_a25_f32,-0.75,5.0,12.546210098684279
repeated:v2:2,repeated,nested_simplex_minimax,inner_maximum_minimum_domain_gain,0.05,0.6,0.0,12.528274267692092,0.027614781494802898,False,ridge_visible_geometry_a25_f32,-0.75,5.0,12.546210098684279
repeated:v2:2,repeated,nested_simplex_domain_safe,inner_lowest_pooled_rmse_among_nonnegative_available_domains_else_zero,0.2,0.8,0.0,12.462227569170171,0.001032015450981305,False,ridge_visible_geometry_a25_f32,-0.75,5.0,12.546210098684279
repeated:v2:3,repeated,t025_fixed_050,fixed,0.5,0.0,0.0,nan,nan,False,ridge_visible_geometry_a25_f32,-0.75,10.0,12.495590490814969
repeated:v2:3,repeated,t016_fixed_100,fixed,0.0,1.0,0.0,nan,nan,False,ridge_visible_geometry_a25_f32,-0.75,10.0,12.495590490814969
repeated:v2:3,repeated,fixed_all_domain_040_060,fixed,0.4,0.6,0.0,nan,nan,False,ridge_visible_geometry_a25_f32,-0.75,10.0,12.495590490814969
repeated:v2:3,repeated,fixed_minimax_025_045,fixed,0.25,0.45,0.0,nan,nan,False,ridge_visible_geometry_a25_f32,-0.75,10.0,12.495590490814969
repeated:v2:3,repeated,fixed_pair_box_046_090,fixed,0.4623841380462943,0.896042906654928,0.0,nan,nan,False,ridge_visible_geometry_a25_f32,-0.75,10.0,12.495590490814969
repeated:v2:3,repeated,fixed_three_pooled_040_005_055,fixed,0.4,0.55,0.05,nan,nan,False,ridge_visible_geometry_a25_f32,-0.75,10.0,12.495590490814969
repeated:v2:3,repeated,nested_simplex_pooled,inner_pooled,0.05,0.9,0.0,12.502679817908193,-0.15098430784552264,False,ridge_visible_geometry_a25_f32,-0.75,10.0,12.495590490814969
repeated:v2:3,repeated,nested_box_pooled,inner_pooled,0.0,0.9,0.0,12.503477931769961,-0.09378172746444946,False,ridge_visible_geometry_a25_f32,-0.75,10.0,12.495590490814969
repeated:v2:3,repeated,nested_simplex_minimax,inner_maximum_minimum_domain_gain,0.0,0.0,0.0,12.545196053594577,0.0,False,ridge_visible_geometry_a25_f32,-0.75,10.0,12.495590490814969
repeated:v2:3,repeated,nested_simplex_domain_safe,inner_lowest_pooled_rmse_among_nonnegative_available_domains_else_zero,0.0,0.0,0.0,12.545196053594577,0.0,False,ridge_visible_geometry_a25_f32,-0.75,10.0,12.495590490814969
repeated:v2:4,repeated,t025_fixed_050,fixed,0.5,0.0,0.0,nan,nan,False,ridge_visible_geometry_a25_f32,-0.75,10.0,12.411800383941232
repeated:v2:4,repeated,t016_fixed_100,fixed,0.0,1.0,0.0,nan,nan,False,ridge_visible_geometry_a25_f32,-0.75,10.0,12.411800383941232
repeated:v2:4,repeated,fixed_all_domain_040_060,fixed,0.4,0.6,0.0,nan,nan,False,ridge_visible_geometry_a25_f32,-0.75,10.0,12.411800383941232
repeated:v2:4,repeated,fixed_minimax_025_045,fixed,0.25,0.45,0.0,nan,nan,False,ridge_visible_geometry_a25_f32,-0.75,10.0,12.411800383941232
repeated:v2:4,repeated,fixed_pair_box_046_090,fixed,0.4623841380462943,0.896042906654928,0.0,nan,nan,False,ridge_visible_geometry_a25_f32,-0.75,10.0,12.411800383941232
repeated:v2:4,repeated,fixed_three_pooled_040_005_055,fixed,0.4,0.55,0.05,nan,nan,False,ridge_visible_geometry_a25_f32,-0.75,10.0,12.411800383941232
repeated:v2:4,repeated,nested_simplex_pooled,inner_pooled,0.3,0.7,0.0,12.309979046923756,-0.0450341451685059,False,ridge_visible_geometry_a25_f32,-0.75,10.0,12.411800383941232
repeated:v2:4,repeated,nested_box_pooled,inner_pooled,0.3,0.8,0.0,12.309339718608117,-0.05463918209442653,False,ridge_visible_geometry_a25_f32,-0.75,10.0,12.411800383941232
repeated:v2:4,repeated,nested_simplex_minimax,inner_maximum_minimum_domain_gain,0.1,0.0,0.0,12.414551838425911,0.012083380576008551,False,ridge_visible_geometry_a25_f32,-0.75,10.0,12.411800383941232
repeated:v2:4,repeated,nested_simplex_domain_safe,inner_lowest_pooled_rmse_among_nonnegative_available_domains_else_zero,0.2,0.3,0.0,12.343858049064638,0.001505580487297209,False,ridge_visible_geometry_a25_f32,-0.75,10.0,12.411800383941232
repeated:v3:0,repeated,t025_fixed_050,fixed,0.5,0.0,0.0,nan,nan,False,ridge_visible_geometry_a25_f32,-0.75,10.0,12.50036166860164
repeated:v3:0,repeated,t016_fixed_100,fixed,0.0,1.0,0.0,nan,nan,False,ridge_visible_geometry_a25_f32,-0.75,10.0,12.50036166860164
repeated:v3:0,repeated,fixed_all_domain_040_060,fixed,0.4,0.6,0.0,nan,nan,False,ridge_visible_geometry_a25_f32,-0.75,10.0,12.50036166860164
repeated:v3:0,repeated,fixed_minimax_025_045,fixed,0.25,0.45,0.0,nan,nan,False,ridge_visible_geometry_a25_f32,-0.75,10.0,12.50036166860164
repeated:v3:0,repeated,fixed_pair_box_046_090,fixed,0.4623841380462943,0.896042906654928,0.0,nan,nan,False,ridge_visible_geometry_a25_f32,-0.75,10.0,12.50036166860164
repeated:v3:0,repeated,fixed_three_pooled_040_005_055,fixed,0.4,0.55,0.05,nan,nan,False,ridge_visible_geometry_a25_f32,-0.75,10.0,12.50036166860164
repeated:v3:0,repeated,nested_simplex_pooled,inner_pooled,0.1,0.75,0.0,12.50623668054331,-0.09751134275817996,False,ridge_visible_geometry_a25_f32,-0.75,10.0,12.50036166860164
repeated:v3:0,repeated,nested_box_pooled,inner_pooled,0.1,0.8,0.0,12.506251409388653,-0.10271123390119108,False,ridge_visible_geometry_a25_f32,-0.75,10.0,12.50036166860164
repeated:v3:0,repeated,nested_simplex_minimax,inner_maximum_minimum_domain_gain,0.0,0.0,0.0,12.566680805319,0.0,False,ridge_visible_geometry_a25_f32,-0.75,10.0,12.50036166860164
repeated:v3:0,repeated,nested_simplex_domain_safe,inner_lowest_pooled_rmse_among_nonnegative_available_domains_else_zero,0.0,0.0,0.0,12.566680805319,0.0,False,ridge_visible_geometry_a25_f32,-0.75,10.0,12.50036166860164
repeated:v3:1,repeated,t025_fixed_050,fixed,0.5,0.0,0.0,nan,nan,False,ridge_visible_geometry_a25_f32,-0.75,10.0,12.628746477111926
repeated:v3:1,repeated,t016_fixed_100,fixed,0.0,1.0,0.0,nan,nan,False,ridge_visible_geometry_a25_f32,-0.75,10.0,12.628746477111926
repeated:v3:1,repeated,fixed_all_domain_040_060,fixed,0.4,0.6,0.0,nan,nan,False,ridge_visible_geometry_a25_f32,-0.75,10.0,12.628746477111926
repeated:v3:1,repeated,fixed_minimax_025_045,fixed,0.25,0.45,0.0,nan,nan,False,ridge_visible_geometry_a25_f32,-0.75,10.0,12.628746477111926
repeated:v3:1,repeated,fixed_pair_box_046_090,fixed,0.4623841380462943,0.896042906654928,0.0,nan,nan,False,ridge_visible_geometry_a25_f32,-0.75,10.0,12.628746477111926
repeated:v3:1,repeated,fixed_three_pooled_040_005_055,fixed,0.4,0.55,0.05,nan,nan,False,ridge_visible_geometry_a25_f32,-0.75,10.0,12.628746477111926
repeated:v3:1,repeated,nested_simplex_pooled,inner_pooled,0.35,0.65,0.0,12.496001362760463,-0.12228940240144581,False,ridge_visible_geometry_a25_f32,-0.75,10.0,12.628746477111926
repeated:v3:1,repeated,nested_box_pooled,inner_pooled,0.4,0.6,0.0,12.498496089153361,-0.1731493704678133,False,ridge_visible_geometry_a25_f32,-0.75,10.0,12.628746477111926
repeated:v3:1,repeated,nested_simplex_minimax,inner_maximum_minimum_domain_gain,0.1,0.9,0.0,12.577943048753562,0.05561713686502401,False,ridge_visible_geometry_a25_f32,-0.75,10.0,12.628746477111926
repeated:v3:1,repeated,nested_simplex_domain_safe,inner_lowest_pooled_rmse_among_nonnegative_available_domains_else_zero,0.15,0.7,0.0,12.547995076197806,0.022164211079488183,False,ridge_visible_geometry_a25_f32,-0.75,10.0,12.628746477111926
repeated:v3:2,repeated,t025_fixed_050,fixed,0.5,0.0,0.0,nan,nan,False,ridge_visible_geometry_a25_f32,-0.75,10.0,12.342559734159378
repeated:v3:2,repeated,t016_fixed_100,fixed,0.0,1.0,0.0,nan,nan,False,ridge_visible_geometry_a25_f32,-0.75,10.0,12.342559734159378
repeated:v3:2,repeated,fixed_all_domain_040_060,fixed,0.4,0.6,0.0,nan,nan,False,ridge_visible_geometry_a25_f32,-0.75,10.0,12.342559734159378
repeated:v3:2,repeated,fixed_minimax_025_045,fixed,0.25,0.45,0.0,nan,nan,False,ridge_visible_geometry_a25_f32,-0.75,10.0,12.342559734159378
repeated:v3:2,repeated,fixed_pair_box_046_090,fixed,0.4623841380462943,0.896042906654928,0.0,nan,nan,False,ridge_visible_geometry_a25_f32,-0.75,10.0,12.342559734159378
repeated:v3:2,repeated,fixed_three_pooled_040_005_055,fixed,0.4,0.55,0.05,nan,nan,False,ridge_visible_geometry_a25_f32,-0.75,10.0,12.342559734159378
repeated:v3:2,repeated,nested_simplex_pooled,inner_pooled,0.35,0.65,0.0,12.230895033297609,0.0449277786917186,False,ridge_visible_geometry_a25_f32,-0.75,10.0,12.342559734159378
repeated:v3:2,repeated,nested_box_pooled,inner_pooled,0.4,0.8,0.0,12.230392825160227,0.025159420970231494,False,ridge_visible_geometry_a25_f32,-0.75,10.0,12.342559734159378
repeated:v3:2,repeated,nested_simplex_minimax,inner_maximum_minimum_domain_gain,0.25,0.35,0.0,12.256956811717268,0.06463018078011729,False,ridge_visible_geometry_a25_f32,-0.75,10.0,12.342559734159378
repeated:v3:2,repeated,nested_simplex_domain_safe,inner_lowest_pooled_rmse_among_nonnegative_available_domains_else_zero,0.35,0.65,0.0,12.230895033297609,0.0449277786917186,False,ridge_visible_geometry_a25_f32,-0.75,10.0,12.342559734159378
repeated:v3:3,repeated,t025_fixed_050,fixed,0.5,0.0,0.0,nan,nan,False,ridge_visible_geometry_a25_f32,-0.75,10.0,12.303825243709866
repeated:v3:3,repeated,t016_fixed_100,fixed,0.0,1.0,0.0,nan,nan,False,ridge_visible_geometry_a25_f32,-0.75,10.0,12.303825243709866
repeated:v3:3,repeated,fixed_all_domain_040_060,fixed,0.4,0.6,0.0,nan,nan,False,ridge_visible_geometry_a25_f32,-0.75,10.0,12.303825243709866
repeated:v3:3,repeated,fixed_minimax_025_045,fixed,0.25,0.45,0.0,nan,nan,False,ridge_visible_geometry_a25_f32,-0.75,10.0,12.303825243709866
repeated:v3:3,repeated,fixed_pair_box_046_090,fixed,0.4623841380462943,0.896042906654928,0.0,nan,nan,False,ridge_visible_geometry_a25_f32,-0.75,10.0,12.303825243709866
repeated:v3:3,repeated,fixed_three_pooled_040_005_055,fixed,0.4,0.55,0.05,nan,nan,False,ridge_visible_geometry_a25_f32,-0.75,10.0,12.303825243709866
repeated:v3:3,repeated,nested_simplex_pooled,inner_pooled,0.1,0.75,0.0,12.315017190084864,-0.09595977388417687,False,ridge_visible_geometry_a25_f32,-0.75,10.0,12.303825243709866
repeated:v3:3,repeated,nested_box_pooled,inner_pooled,0.1,0.8,0.0,12.315110759294047,-0.10286565315585428,False,ridge_visible_geometry_a25_f32,-0.75,10.0,12.303825243709866
repeated:v3:3,repeated,nested_simplex_minimax,inner_maximum_minimum_domain_gain,0.0,0.0,0.0,12.360724693458984,0.0,False,ridge_visible_geometry_a25_f32,-0.75,10.0,12.303825243709866
repeated:v3:3,repeated,nested_simplex_domain_safe,inner_lowest_pooled_rmse_among_nonnegative_available_domains_else_zero,0.0,0.0,0.0,12.360724693458984,0.0,False,ridge_visible_geometry_a25_f32,-0.75,10.0,12.303825243709866
repeated:v3:4,repeated,t025_fixed_050,fixed,0.5,0.0,0.0,nan,nan,False,ridge_visible_geometry_a25_f32,-1.0,5.0,12.634636996877928
repeated:v3:4,repeated,t016_fixed_100,fixed,0.0,1.0,0.0,nan,nan,False,ridge_visible_geometry_a25_f32,-1.0,5.0,12.634636996877928
repeated:v3:4,repeated,fixed_all_domain_040_060,fixed,0.4,0.6,0.0,nan,nan,False,ridge_visible_geometry_a25_f32,-1.0,5.0,12.634636996877928
repeated:v3:4,repeated,fixed_minimax_025_045,fixed,0.25,0.45,0.0,nan,nan,False,ridge_visible_geometry_a25_f32,-1.0,5.0,12.634636996877928
repeated:v3:4,repeated,fixed_pair_box_046_090,fixed,0.4623841380462943,0.896042906654928,0.0,nan,nan,False,ridge_visible_geometry_a25_f32,-1.0,5.0,12.634636996877928
repeated:v3:4,repeated,fixed_three_pooled_040_005_055,fixed,0.4,0.55,0.05,nan,nan,False,ridge_visible_geometry_a25_f32,-1.0,5.0,12.634636996877928
repeated:v3:4,repeated,nested_simplex_pooled,inner_pooled,0.2,0.8,0.0,12.599445892439315,-0.12696527347818076,False,ridge_visible_geometry_a25_f32,-1.0,5.0,12.634636996877928
repeated:v3:4,repeated,nested_box_pooled,inner_pooled,0.2,0.9,0.0,12.59746171339157,-0.142093583695587,False,ridge_visible_geometry_a25_f32,-1.0,5.0,12.634636996877928
repeated:v3:4,repeated,nested_simplex_minimax,inner_maximum_minimum_domain_gain,0.0,0.0,0.0,12.732464887539916,0.0,False,ridge_visible_geometry_a25_f32,-1.0,5.0,12.634636996877928
repeated:v3:4,repeated,nested_simplex_domain_safe,inner_lowest_pooled_rmse_among_nonnegative_available_domains_else_zero,0.0,0.0,0.0,12.732464887539916,0.0,False,ridge_visible_geometry_a25_f32,-1.0,5.0,12.634636996877928
repeated:v4:0,repeated,t025_fixed_050,fixed,0.5,0.0,0.0,nan,nan,False,ridge_visible_geometry_a25_f32,-0.75,10.0,12.562812401767996
repeated:v4:0,repeated,t016_fixed_100,fixed,0.0,1.0,0.0,nan,nan,False,ridge_visible_geometry_a25_f32,-0.75,10.0,12.562812401767996
repeated:v4:0,repeated,fixed_all_domain_040_060,fixed,0.4,0.6,0.0,nan,nan,False,ridge_visible_geometry_a25_f32,-0.75,10.0,12.562812401767996
repeated:v4:0,repeated,fixed_minimax_025_045,fixed,0.25,0.45,0.0,nan,nan,False,ridge_visible_geometry_a25_f32,-0.75,10.0,12.562812401767996
repeated:v4:0,repeated,fixed_pair_box_046_090,fixed,0.4623841380462943,0.896042906654928,0.0,nan,nan,False,ridge_visible_geometry_a25_f32,-0.75,10.0,12.562812401767996
repeated:v4:0,repeated,fixed_three_pooled_040_005_055,fixed,0.4,0.55,0.05,nan,nan,False,ridge_visible_geometry_a25_f32,-0.75,10.0,12.562812401767996
repeated:v4:0,repeated,nested_simplex_pooled,inner_pooled,0.2,0.8,0.0,12.530615364611512,-0.034912156096755353,False,ridge_visible_geometry_a25_f32,-0.75,10.0,12.562812401767996
repeated:v4:0,repeated,nested_box_pooled,inner_pooled,0.2,0.9,0.0,12.529699525110928,-0.027895871354170154,False,ridge_visible_geometry_a25_f32,-0.75,10.0,12.562812401767996
repeated:v4:0,repeated,nested_simplex_minimax,inner_maximum_minimum_domain_gain,0.05,0.6,0.0,12.55647757297593,0.022789391267735937,False,ridge_visible_geometry_a25_f32,-0.75,10.0,12.562812401767996
repeated:v4:0,repeated,nested_simplex_domain_safe,inner_lowest_pooled_rmse_among_nonnegative_available_domains_else_zero,0.15,0.85,0.0,12.531035987162841,0.009302305571166514,False,ridge_visible_geometry_a25_f32,-0.75,10.0,12.562812401767996
repeated:v4:1,repeated,t025_fixed_050,fixed,0.5,0.0,0.0,nan,nan,False,ridge_visible_geometry_a25_f32,-0.75,10.0,12.224883025661981
repeated:v4:1,repeated,t016_fixed_100,fixed,0.0,1.0,0.0,nan,nan,False,ridge_visible_geometry_a25_f32,-0.75,10.0,12.224883025661981
repeated:v4:1,repeated,fixed_all_domain_040_060,fixed,0.4,0.6,0.0,nan,nan,False,ridge_visible_geometry_a25_f32,-0.75,10.0,12.224883025661981
repeated:v4:1,repeated,fixed_minimax_025_045,fixed,0.25,0.45,0.0,nan,nan,False,ridge_visible_geometry_a25_f32,-0.75,10.0,12.224883025661981
repeated:v4:1,repeated,fixed_pair_box_046_090,fixed,0.4623841380462943,0.896042906654928,0.0,nan,nan,False,ridge_visible_geometry_a25_f32,-0.75,10.0,12.224883025661981
repeated:v4:1,repeated,fixed_three_pooled_040_005_055,fixed,0.4,0.55,0.05,nan,nan,False,ridge_visible_geometry_a25_f32,-0.75,10.0,12.224883025661981
repeated:v4:1,repeated,nested_simplex_pooled,inner_pooled,0.15,0.85,0.0,12.21498561264276,-0.02325829927480072,False,ridge_visible_geometry_a25_f32,-0.75,10.0,12.224883025661981
repeated:v4:1,repeated,nested_box_pooled,inner_pooled,0.1,0.9,0.0,12.215932447971689,-0.018170352036001702,False,ridge_visible_geometry_a25_f32,-0.75,10.0,12.224883025661981
repeated:v4:1,repeated,nested_simplex_minimax,inner_maximum_minimum_domain_gain,0.0,0.35,0.0,12.256285747907507,0.007912274667798869,False,ridge_visible_geometry_a25_f32,-0.75,10.0,12.224883025661981
repeated:v4:1,repeated,nested_simplex_domain_safe,inner_lowest_pooled_rmse_among_nonnegative_available_domains_else_zero,0.1,0.55,0.0,12.224690679777781,7.051552593928534e-05,False,ridge_visible_geometry_a25_f32,-0.75,10.0,12.224883025661981
repeated:v4:2,repeated,t025_fixed_050,fixed,0.5,0.0,0.0,nan,nan,False,ridge_visible_geometry_a25_f32,-0.75,5.0,12.626291157854416
repeated:v4:2,repeated,t016_fixed_100,fixed,0.0,1.0,0.0,nan,nan,False,ridge_visible_geometry_a25_f32,-0.75,5.0,12.626291157854416
repeated:v4:2,repeated,fixed_all_domain_040_060,fixed,0.4,0.6,0.0,nan,nan,False,ridge_visible_geometry_a25_f32,-0.75,5.0,12.626291157854416
repeated:v4:2,repeated,fixed_minimax_025_045,fixed,0.25,0.45,0.0,nan,nan,False,ridge_visible_geometry_a25_f32,-0.75,5.0,12.626291157854416
repeated:v4:2,repeated,fixed_pair_box_046_090,fixed,0.4623841380462943,0.896042906654928,0.0,nan,nan,False,ridge_visible_geometry_a25_f32,-0.75,5.0,12.626291157854416
repeated:v4:2,repeated,fixed_three_pooled_040_005_055,fixed,0.4,0.55,0.05,nan,nan,False,ridge_visible_geometry_a25_f32,-0.75,5.0,12.626291157854416
repeated:v4:2,repeated,nested_simplex_pooled,inner_pooled,0.35,0.65,0.0,12.479167743675742,-0.004439352388835971,False,ridge_visible_geometry_a25_f32,-0.75,5.0,12.626291157854416
repeated:v4:2,repeated,nested_box_pooled,inner_pooled,0.4,0.9,0.0,12.47719142801175,-0.024173394591377573,False,ridge_visible_geometry_a25_f32,-0.75,5.0,12.626291157854416
repeated:v4:2,repeated,nested_simplex_minimax,inner_maximum_minimum_domain_gain,0.15,0.65,0.0,12.533374337108897,0.07892887830920081,False,ridge_visible_geometry_a25_f32,-0.75,5.0,12.626291157854416
repeated:v4:2,repeated,nested_simplex_domain_safe,inner_lowest_pooled_rmse_among_nonnegative_available_domains_else_zero,0.3,0.7,0.0,12.482257512180023,0.02914239936367835,False,ridge_visible_geometry_a25_f32,-0.75,5.0,12.626291157854416
repeated:v4:3,repeated,t025_fixed_050,fixed,0.5,0.0,0.0,nan,nan,False,ridge_visible_geometry_a25_f32,-0.75,10.0,12.704882982247085
repeated:v4:3,repeated,t016_fixed_100,fixed,0.0,1.0,0.0,nan,nan,False,ridge_visible_geometry_a25_f32,-0.75,10.0,12.704882982247085
repeated:v4:3,repeated,fixed_all_domain_040_060,fixed,0.4,0.6,0.0,nan,nan,False,ridge_visible_geometry_a25_f32,-0.75,10.0,12.704882982247085
repeated:v4:3,repeated,fixed_minimax_025_045,fixed,0.25,0.45,0.0,nan,nan,False,ridge_visible_geometry_a25_f32,-0.75,10.0,12.704882982247085
repeated:v4:3,repeated,fixed_pair_box_046_090,fixed,0.4623841380462943,0.896042906654928,0.0,nan,nan,False,ridge_visible_geometry_a25_f32,-0.75,10.0,12.704882982247085
repeated:v4:3,repeated,fixed_three_pooled_040_005_055,fixed,0.4,0.55,0.05,nan,nan,False,ridge_visible_geometry_a25_f32,-0.75,10.0,12.704882982247085
repeated:v4:3,repeated,nested_simplex_pooled,inner_pooled,0.1,0.9,0.0,12.699254775877515,-0.002203760538865396,False,ridge_visible_geometry_a25_f32,-0.75,10.0,12.704882982247085
repeated:v4:3,repeated,nested_box_pooled,inner_pooled,0.1,0.9,0.0,12.699254775877515,-0.002203760538865396,False,ridge_visible_geometry_a25_f32,-0.75,10.0,12.704882982247085
repeated:v4:3,repeated,nested_simplex_minimax,inner_maximum_minimum_domain_gain,0.05,0.45,0.0,12.715619863527184,0.00940112748126154,False,ridge_visible_geometry_a25_f32,-0.75,10.0,12.704882982247085
repeated:v4:3,repeated,nested_simplex_domain_safe,inner_lowest_pooled_rmse_among_nonnegative_available_domains_else_zero,0.1,0.85,0.0,12.699576302256235,0.0013526883454684224,False,ridge_visible_geometry_a25_f32,-0.75,10.0,12.704882982247085
repeated:v4:4,repeated,t025_fixed_050,fixed,0.5,0.0,0.0,nan,nan,False,ridge_visible_geometry_a25_f32,-1.0,10.0,12.29264319504431
repeated:v4:4,repeated,t016_fixed_100,fixed,0.0,1.0,0.0,nan,nan,False,ridge_visible_geometry_a25_f32,-1.0,10.0,12.29264319504431
repeated:v4:4,repeated,fixed_all_domain_040_060,fixed,0.4,0.6,0.0,nan,nan,False,ridge_visible_geometry_a25_f32,-1.0,10.0,12.29264319504431
repeated:v4:4,repeated,fixed_minimax_025_045,fixed,0.25,0.45,0.0,nan,nan,False,ridge_visible_geometry_a25_f32,-1.0,10.0,12.29264319504431
repeated:v4:4,repeated,fixed_pair_box_046_090,fixed,0.4623841380462943,0.896042906654928,0.0,nan,nan,False,ridge_visible_geometry_a25_f32,-1.0,10.0,12.29264319504431
repeated:v4:4,repeated,fixed_three_pooled_040_005_055,fixed,0.4,0.55,0.05,nan,nan,False,ridge_visible_geometry_a25_f32,-1.0,10.0,12.29264319504431
repeated:v4:4,repeated,nested_simplex_pooled,inner_pooled,0.2,0.8,0.0,12.252676955052282,-0.058853192053668124,False,ridge_visible_geometry_a25_f32,-1.0,10.0,12.29264319504431
repeated:v4:4,repeated,nested_box_pooled,inner_pooled,0.2,0.9,0.0,12.250982658471989,-0.055055678253777884,False,ridge_visible_geometry_a25_f32,-1.0,10.0,12.29264319504431
repeated:v4:4,repeated,nested_simplex_minimax,inner_maximum_minimum_domain_gain,0.05,0.35,0.0,12.31356448277168,0.01618228124795351,False,ridge_visible_geometry_a25_f32,-1.0,10.0,12.29264319504431
repeated:v4:4,repeated,nested_simplex_domain_safe,inner_lowest_pooled_rmse_among_nonnegative_available_domains_else_zero,0.1,0.75,0.0,12.267560537077252,0.0032885135628948348,False,ridge_visible_geometry_a25_f32,-1.0,10.0,12.29264319504431
repeated:v5:0,repeated,t025_fixed_050,fixed,0.5,0.0,0.0,nan,nan,False,ridge_visible_geometry_a25_f32,-0.75,10.0,12.447439080724124
repeated:v5:0,repeated,t016_fixed_100,fixed,0.0,1.0,0.0,nan,nan,False,ridge_visible_geometry_a25_f32,-0.75,10.0,12.447439080724124
repeated:v5:0,repeated,fixed_all_domain_040_060,fixed,0.4,0.6,0.0,nan,nan,False,ridge_visible_geometry_a25_f32,-0.75,10.0,12.447439080724124
repeated:v5:0,repeated,fixed_minimax_025_045,fixed,0.25,0.45,0.0,nan,nan,False,ridge_visible_geometry_a25_f32,-0.75,10.0,12.447439080724124
repeated:v5:0,repeated,fixed_pair_box_046_090,fixed,0.4623841380462943,0.896042906654928,0.0,nan,nan,False,ridge_visible_geometry_a25_f32,-0.75,10.0,12.447439080724124
repeated:v5:0,repeated,fixed_three_pooled_040_005_055,fixed,0.4,0.55,0.05,nan,nan,False,ridge_visible_geometry_a25_f32,-0.75,10.0,12.447439080724124
repeated:v5:0,repeated,nested_simplex_pooled,inner_pooled,0.15,0.75,0.0,12.432981942813703,-0.04376509627927483,False,ridge_visible_geometry_a25_f32,-0.75,10.0,12.447439080724124
repeated:v5:0,repeated,nested_box_pooled,inner_pooled,0.2,0.7,0.0,12.434554892146256,-0.04219868974867502,False,ridge_visible_geometry_a25_f32,-0.75,10.0,12.447439080724124
repeated:v5:0,repeated,nested_simplex_minimax,inner_maximum_minimum_domain_gain,0.05,0.15,0.0,12.480575136591815,0.006253325209707228,False,ridge_visible_geometry_a25_f32,-0.75,10.0,12.447439080724124
repeated:v5:0,repeated,nested_simplex_domain_safe,inner_lowest_pooled_rmse_among_nonnegative_available_domains_else_zero,0.1,0.35,0.0,12.451132736073617,0.0002127393532109778,False,ridge_visible_geometry_a25_f32,-0.75,10.0,12.447439080724124
repeated:v5:1,repeated,t025_fixed_050,fixed,0.5,0.0,0.0,nan,nan,False,ridge_visible_geometry_a25_f32,-0.75,5.0,12.786799880624857
repeated:v5:1,repeated,t016_fixed_100,fixed,0.0,1.0,0.0,nan,nan,False,ridge_visible_geometry_a25_f32,-0.75,5.0,12.786799880624857
repeated:v5:1,repeated,fixed_all_domain_040_060,fixed,0.4,0.6,0.0,nan,nan,False,ridge_visible_geometry_a25_f32,-0.75,5.0,12.786799880624857
repeated:v5:1,repeated,fixed_minimax_025_045,fixed,0.25,0.45,0.0,nan,nan,False,ridge_visible_geometry_a25_f32,-0.75,5.0,12.786799880624857
repeated:v5:1,repeated,fixed_pair_box_046_090,fixed,0.4623841380462943,0.896042906654928,0.0,nan,nan,False,ridge_visible_geometry_a25_f32,-0.75,5.0,12.786799880624857
repeated:v5:1,repeated,fixed_three_pooled_040_005_055,fixed,0.4,0.55,0.05,nan,nan,False,ridge_visible_geometry_a25_f32,-0.75,5.0,12.786799880624857
repeated:v5:1,repeated,nested_simplex_pooled,inner_pooled,0.25,0.75,0.0,12.696619825005744,-0.2165856384952214,False,ridge_visible_geometry_a25_f32,-0.75,5.0,12.786799880624857
repeated:v5:1,repeated,nested_box_pooled,inner_pooled,0.3,0.9,0.0,12.694762442824345,-0.30657011506414733,False,ridge_visible_geometry_a25_f32,-0.75,5.0,12.786799880624857
repeated:v5:1,repeated,nested_simplex_minimax,inner_maximum_minimum_domain_gain,0.05,0.6,0.0,12.767398376550261,0.028584685857016012,False,ridge_visible_geometry_a25_f32,-0.75,5.0,12.786799880624857
repeated:v5:1,repeated,nested_simplex_domain_safe,inner_lowest_pooled_rmse_among_nonnegative_available_domains_else_zero,0.05,0.85,0.0,12.76123325991577,0.0010917226906101973,False,ridge_visible_geometry_a25_f32,-0.75,5.0,12.786799880624857
repeated:v5:2,repeated,t025_fixed_050,fixed,0.5,0.0,0.0,nan,nan,False,ridge_visible_geometry_a25_f32,-1.0,10.0,12.522134442978825
repeated:v5:2,repeated,t016_fixed_100,fixed,0.0,1.0,0.0,nan,nan,False,ridge_visible_geometry_a25_f32,-1.0,10.0,12.522134442978825
repeated:v5:2,repeated,fixed_all_domain_040_060,fixed,0.4,0.6,0.0,nan,nan,False,ridge_visible_geometry_a25_f32,-1.0,10.0,12.522134442978825
repeated:v5:2,repeated,fixed_minimax_025_045,fixed,0.25,0.45,0.0,nan,nan,False,ridge_visible_geometry_a25_f32,-1.0,10.0,12.522134442978825
repeated:v5:2,repeated,fixed_pair_box_046_090,fixed,0.4623841380462943,0.896042906654928,0.0,nan,nan,False,ridge_visible_geometry_a25_f32,-1.0,10.0,12.522134442978825
repeated:v5:2,repeated,fixed_three_pooled_040_005_055,fixed,0.4,0.55,0.05,nan,nan,False,ridge_visible_geometry_a25_f32,-1.0,10.0,12.522134442978825
repeated:v5:2,repeated,nested_simplex_pooled,inner_pooled,0.25,0.75,0.0,12.427875958694129,0.037178180667263305,False,ridge_visible_geometry_a25_f32,-1.0,10.0,12.522134442978825
repeated:v5:2,repeated,nested_box_pooled,inner_pooled,0.3,0.9,0.0,12.424855438919051,0.014732689728782944,False,ridge_visible_geometry_a25_f32,-1.0,10.0,12.522134442978825
repeated:v5:2,repeated,nested_simplex_minimax,inner_maximum_minimum_domain_gain,0.15,0.65,0.0,12.45398287981797,0.05538853203806404,False,ridge_visible_geometry_a25_f32,-1.0,10.0,12.522134442978825
repeated:v5:2,repeated,nested_simplex_domain_safe,inner_lowest_pooled_rmse_among_nonnegative_available_domains_else_zero,0.25,0.75,0.0,12.427875958694129,0.037178180667263305,False,ridge_visible_geometry_a25_f32,-1.0,10.0,12.522134442978825
repeated:v5:3,repeated,t025_fixed_050,fixed,0.5,0.0,0.0,nan,nan,False,ridge_visible_geometry_a25_f32,-0.75,10.0,12.524833558463184
repeated:v5:3,repeated,t016_fixed_100,fixed,0.0,1.0,0.0,nan,nan,False,ridge_visible_geometry_a25_f32,-0.75,10.0,12.524833558463184
repeated:v5:3,repeated,fixed_all_domain_040_060,fixed,0.4,0.6,0.0,nan,nan,False,ridge_visible_geometry_a25_f32,-0.75,10.0,12.524833558463184
repeated:v5:3,repeated,fixed_minimax_025_045,fixed,0.25,0.45,0.0,nan,nan,False,ridge_visible_geometry_a25_f32,-0.75,10.0,12.524833558463184
repeated:v5:3,repeated,fixed_pair_box_046_090,fixed,0.4623841380462943,0.896042906654928,0.0,nan,nan,False,ridge_visible_geometry_a25_f32,-0.75,10.0,12.524833558463184
repeated:v5:3,repeated,fixed_three_pooled_040_005_055,fixed,0.4,0.55,0.05,nan,nan,False,ridge_visible_geometry_a25_f32,-0.75,10.0,12.524833558463184
repeated:v5:3,repeated,nested_simplex_pooled,inner_pooled,0.35,0.65,0.0,12.399876614922116,-0.16951375532022084,False,ridge_visible_geometry_a25_f32,-0.75,10.0,12.524833558463184
repeated:v5:3,repeated,nested_box_pooled,inner_pooled,0.3,0.7,0.0,12.40234982958884,-0.1339610117035992,False,ridge_visible_geometry_a25_f32,-0.75,10.0,12.524833558463184
repeated:v5:3,repeated,nested_simplex_minimax,inner_maximum_minimum_domain_gain,0.05,0.35,0.0,12.517139283776492,0.013026785224232285,False,ridge_visible_geometry_a25_f32,-0.75,10.0,12.524833558463184
repeated:v5:3,repeated,nested_simplex_domain_safe,inner_lowest_pooled_rmse_among_nonnegative_available_domains_else_zero,0.05,0.55,0.0,12.508000797696507,0.007247332916906046,False,ridge_visible_geometry_a25_f32,-0.75,10.0,12.524833558463184
repeated:v5:4,repeated,t025_fixed_050,fixed,0.5,0.0,0.0,nan,nan,False,ridge_visible_geometry_a25_f32,-0.5,5.0,12.127520012604405
repeated:v5:4,repeated,t016_fixed_100,fixed,0.0,1.0,0.0,nan,nan,False,ridge_visible_geometry_a25_f32,-0.5,5.0,12.127520012604405
repeated:v5:4,repeated,fixed_all_domain_040_060,fixed,0.4,0.6,0.0,nan,nan,False,ridge_visible_geometry_a25_f32,-0.5,5.0,12.127520012604405
repeated:v5:4,repeated,fixed_minimax_025_045,fixed,0.25,0.45,0.0,nan,nan,False,ridge_visible_geometry_a25_f32,-0.5,5.0,12.127520012604405
repeated:v5:4,repeated,fixed_pair_box_046_090,fixed,0.4623841380462943,0.896042906654928,0.0,nan,nan,False,ridge_visible_geometry_a25_f32,-0.5,5.0,12.127520012604405
repeated:v5:4,repeated,fixed_three_pooled_040_005_055,fixed,0.4,0.55,0.05,nan,nan,False,ridge_visible_geometry_a25_f32,-0.5,5.0,12.127520012604405
repeated:v5:4,repeated,nested_simplex_pooled,inner_pooled,0.25,0.75,0.0,12.022740047123103,-0.02135533650642074,False,ridge_visible_geometry_a25_f32,-0.5,5.0,12.127520012604405
repeated:v5:4,repeated,nested_box_pooled,inner_pooled,0.3,0.9,0.0,12.025353301045142,-0.06337462693698193,False,ridge_visible_geometry_a25_f32,-0.5,5.0,12.127520012604405
repeated:v5:4,repeated,nested_simplex_minimax,inner_maximum_minimum_domain_gain,0.1,0.3,0.0,12.08053972388113,0.024894437888431042,False,ridge_visible_geometry_a25_f32,-0.5,5.0,12.127520012604405
repeated:v5:4,repeated,nested_simplex_domain_safe,inner_lowest_pooled_rmse_among_nonnegative_available_domains_else_zero,0.2,0.65,0.0,12.029800280444265,0.001718497509845207,False,ridge_visible_geometry_a25_f32,-0.5,5.0,12.127520012604405
spatial:0,spatial,t025_fixed_050,fixed,0.5,0.0,0.0,nan,nan,False,ridge_visible_geometry_a25_f32,-0.75,10.0,12.592418976596411
spatial:0,spatial,t016_fixed_100,fixed,0.0,1.0,0.0,nan,nan,False,ridge_visible_geometry_a25_f32,-0.75,10.0,12.592418976596411
spatial:0,spatial,fixed_all_domain_040_060,fixed,0.4,0.6,0.0,nan,nan,False,ridge_visible_geometry_a25_f32,-0.75,10.0,12.592418976596411
spatial:0,spatial,fixed_minimax_025_045,fixed,0.25,0.45,0.0,nan,nan,False,ridge_visible_geometry_a25_f32,-0.75,10.0,12.592418976596411
spatial:0,spatial,fixed_pair_box_046_090,fixed,0.4623841380462943,0.896042906654928,0.0,nan,nan,False,ridge_visible_geometry_a25_f32,-0.75,10.0,12.592418976596411
spatial:0,spatial,fixed_three_pooled_040_005_055,fixed,0.4,0.55,0.05,nan,nan,False,ridge_visible_geometry_a25_f32,-0.75,10.0,12.592418976596411
spatial:0,spatial,nested_simplex_pooled,inner_pooled,0.35,0.65,0.0,12.39776342464224,0.02888184366956814,False,ridge_visible_geometry_a25_f32,-0.75,10.0,12.592418976596411
spatial:0,spatial,nested_box_pooled,inner_pooled,0.4,0.8,0.0,12.398235822050532,0.013408952025578458,False,ridge_visible_geometry_a25_f32,-0.75,10.0,12.592418976596411
spatial:0,spatial,nested_simplex_minimax,inner_maximum_minimum_domain_gain,0.15,0.85,0.0,12.468924890022691,0.08781562357837736,False,ridge_visible_geometry_a25_f32,-0.75,10.0,12.592418976596411
spatial:0,spatial,nested_simplex_domain_safe,inner_lowest_pooled_rmse_among_nonnegative_available_domains_else_zero,0.35,0.65,0.0,12.39776342464224,0.02888184366956814,False,ridge_visible_geometry_a25_f32,-0.75,10.0,12.592418976596411
spatial:1,spatial,t025_fixed_050,fixed,0.5,0.0,0.0,nan,nan,False,ridge_visible_geometry_a25_f32,-0.75,10.0,12.51107802047892
spatial:1,spatial,t016_fixed_100,fixed,0.0,1.0,0.0,nan,nan,False,ridge_visible_geometry_a25_f32,-0.75,10.0,12.51107802047892
spatial:1,spatial,fixed_all_domain_040_060,fixed,0.4,0.6,0.0,nan,nan,False,ridge_visible_geometry_a25_f32,-0.75,10.0,12.51107802047892
spatial:1,spatial,fixed_minimax_025_045,fixed,0.25,0.45,0.0,nan,nan,False,ridge_visible_geometry_a25_f32,-0.75,10.0,12.51107802047892
spatial:1,spatial,fixed_pair_box_046_090,fixed,0.4623841380462943,0.896042906654928,0.0,nan,nan,False,ridge_visible_geometry_a25_f32,-0.75,10.0,12.51107802047892
spatial:1,spatial,fixed_three_pooled_040_005_055,fixed,0.4,0.55,0.05,nan,nan,False,ridge_visible_geometry_a25_f32,-0.75,10.0,12.51107802047892
spatial:1,spatial,nested_simplex_pooled,inner_pooled,0.05,0.9,0.0,12.515548676618588,-0.08806966694032425,False,ridge_visible_geometry_a25_f32,-0.75,10.0,12.51107802047892
spatial:1,spatial,nested_box_pooled,inner_pooled,0.1,0.9,0.0,12.515780573278784,-0.14359805437102935,False,ridge_visible_geometry_a25_f32,-0.75,10.0,12.51107802047892
spatial:1,spatial,nested_simplex_minimax,inner_maximum_minimum_domain_gain,0.0,0.15,0.0,12.553693423442017,0.0013314634605539055,False,ridge_visible_geometry_a25_f32,-0.75,10.0,12.51107802047892
spatial:1,spatial,nested_simplex_domain_safe,inner_lowest_pooled_rmse_among_nonnegative_available_domains_else_zero,0.0,0.25,0.0,12.545405301860912,0.00045351011502248184,False,ridge_visible_geometry_a25_f32,-0.75,10.0,12.51107802047892
spatial:2,spatial,t025_fixed_050,fixed,0.5,0.0,0.0,nan,nan,False,ridge_visible_geometry_a25_f32,-0.75,5.0,12.576228269182613
spatial:2,spatial,t016_fixed_100,fixed,0.0,1.0,0.0,nan,nan,False,ridge_visible_geometry_a25_f32,-0.75,5.0,12.576228269182613
spatial:2,spatial,fixed_all_domain_040_060,fixed,0.4,0.6,0.0,nan,nan,False,ridge_visible_geometry_a25_f32,-0.75,5.0,12.576228269182613
spatial:2,spatial,fixed_minimax_025_045,fixed,0.25,0.45,0.0,nan,nan,False,ridge_visible_geometry_a25_f32,-0.75,5.0,12.576228269182613
spatial:2,spatial,fixed_pair_box_046_090,fixed,0.4623841380462943,0.896042906654928,0.0,nan,nan,False,ridge_visible_geometry_a25_f32,-0.75,5.0,12.576228269182613
spatial:2,spatial,fixed_three_pooled_040_005_055,fixed,0.4,0.55,0.05,nan,nan,False,ridge_visible_geometry_a25_f32,-0.75,5.0,12.576228269182613
spatial:2,spatial,nested_simplex_pooled,inner_pooled,0.15,0.8,0.0,12.565707036115286,-0.11056155339100648,False,ridge_visible_geometry_a25_f32,-0.75,5.0,12.576228269182613
spatial:2,spatial,nested_box_pooled,inner_pooled,0.1,0.8,0.0,12.567594345364128,-0.08181834841455782,False,ridge_visible_geometry_a25_f32,-0.75,5.0,12.576228269182613
spatial:2,spatial,nested_simplex_minimax,inner_maximum_minimum_domain_gain,0.0,0.0,0.0,12.63650304665152,0.0,False,ridge_visible_geometry_a25_f32,-0.75,5.0,12.576228269182613
spatial:2,spatial,nested_simplex_domain_safe,inner_lowest_pooled_rmse_among_nonnegative_available_domains_else_zero,0.0,0.0,0.0,12.63650304665152,0.0,False,ridge_visible_geometry_a25_f32,-0.75,5.0,12.576228269182613
spatial:3,spatial,t025_fixed_050,fixed,0.5,0.0,0.0,nan,nan,False,ridge_visible_geometry_a25_f32,-1.0,10.0,12.143643950734653
spatial:3,spatial,t016_fixed_100,fixed,0.0,1.0,0.0,nan,nan,False,ridge_visible_geometry_a25_f32,-1.0,10.0,12.143643950734653
spatial:3,spatial,fixed_all_domain_040_060,fixed,0.4,0.6,0.0,nan,nan,False,ridge_visible_geometry_a25_f32,-1.0,10.0,12.143643950734653
spatial:3,spatial,fixed_minimax_025_045,fixed,0.25,0.45,0.0,nan,nan,False,ridge_visible_geometry_a25_f32,-1.0,10.0,12.143643950734653
spatial:3,spatial,fixed_pair_box_046_090,fixed,0.4623841380462943,0.896042906654928,0.0,nan,nan,False,ridge_visible_geometry_a25_f32,-1.0,10.0,12.143643950734653
spatial:3,spatial,fixed_three_pooled_040_005_055,fixed,0.4,0.55,0.05,nan,nan,False,ridge_visible_geometry_a25_f32,-1.0,10.0,12.143643950734653
spatial:3,spatial,nested_simplex_pooled,inner_pooled,0.2,0.8,0.0,12.088670279793693,-0.0366911462736752,False,ridge_visible_geometry_a25_f32,-1.0,10.0,12.143643950734653
spatial:3,spatial,nested_box_pooled,inner_pooled,0.2,0.9,0.0,12.087908258424427,-0.05053304940963521,False,ridge_visible_geometry_a25_f32,-1.0,10.0,12.143643950734653
spatial:3,spatial,nested_simplex_minimax,inner_maximum_minimum_domain_gain,0.1,0.3,0.0,12.145774683142317,0.014950820676144616,False,ridge_visible_geometry_a25_f32,-1.0,10.0,12.143643950734653
spatial:3,spatial,nested_simplex_domain_safe,inner_lowest_pooled_rmse_among_nonnegative_available_domains_else_zero,0.15,0.5,0.0,12.110357447714307,0.00263205436129077,False,ridge_visible_geometry_a25_f32,-1.0,10.0,12.143643950734653
spatial:4,spatial,t025_fixed_050,fixed,0.5,0.0,0.0,nan,nan,False,ridge_visible_geometry_a25_f32,-0.75,10.0,12.588920069536606
spatial:4,spatial,t016_fixed_100,fixed,0.0,1.0,0.0,nan,nan,False,ridge_visible_geometry_a25_f32,-0.75,10.0,12.588920069536606
spatial:4,spatial,fixed_all_domain_040_060,fixed,0.4,0.6,0.0,nan,nan,False,ridge_visible_geometry_a25_f32,-0.75,10.0,12.588920069536606
spatial:4,spatial,fixed_minimax_025_045,fixed,0.25,0.45,0.0,nan,nan,False,ridge_visible_geometry_a25_f32,-0.75,10.0,12.588920069536606
spatial:4,spatial,fixed_pair_box_046_090,fixed,0.4623841380462943,0.896042906654928,0.0,nan,nan,False,ridge_visible_geometry_a25_f32,-0.75,10.0,12.588920069536606
spatial:4,spatial,fixed_three_pooled_040_005_055,fixed,0.4,0.55,0.05,nan,nan,False,ridge_visible_geometry_a25_f32,-0.75,10.0,12.588920069536606
spatial:4,spatial,nested_simplex_pooled,inner_pooled,0.2,0.8,0.0,12.566962453661,-0.012590600621420478,False,ridge_visible_geometry_a25_f32,-0.75,10.0,12.588920069536606
spatial:4,spatial,nested_box_pooled,inner_pooled,0.2,1.0,0.0,12.563479161369063,-0.019121712217247122,False,ridge_visible_geometry_a25_f32,-0.75,10.0,12.588920069536606
spatial:4,spatial,nested_simplex_minimax,inner_maximum_minimum_domain_gain,0.05,0.3,0.0,12.613076647219847,0.014007995247849792,False,ridge_visible_geometry_a25_f32,-0.75,10.0,12.588920069536606
spatial:4,spatial,nested_simplex_domain_safe,inner_lowest_pooled_rmse_among_nonnegative_available_domains_else_zero,0.15,0.85,0.0,12.567507578715857,0.0007380711322291234,False,ridge_visible_geometry_a25_f32,-0.75,10.0,12.588920069536606
typewell:0,typewell,t025_fixed_050,fixed,0.5,0.0,0.0,nan,nan,False,ridge_visible_geometry_a25_f32,-1.0,5.0,12.189628949635303
typewell:0,typewell,t016_fixed_100,fixed,0.0,1.0,0.0,nan,nan,False,ridge_visible_geometry_a25_f32,-1.0,5.0,12.189628949635303
typewell:0,typewell,fixed_all_domain_040_060,fixed,0.4,0.6,0.0,nan,nan,False,ridge_visible_geometry_a25_f32,-1.0,5.0,12.189628949635303
typewell:0,typewell,fixed_minimax_025_045,fixed,0.25,0.45,0.0,nan,nan,False,ridge_visible_geometry_a25_f32,-1.0,5.0,12.189628949635303
typewell:0,typewell,fixed_pair_box_046_090,fixed,0.4623841380462943,0.896042906654928,0.0,nan,nan,False,ridge_visible_geometry_a25_f32,-1.0,5.0,12.189628949635303
typewell:0,typewell,fixed_three_pooled_040_005_055,fixed,0.4,0.55,0.05,nan,nan,False,ridge_visible_geometry_a25_f32,-1.0,5.0,12.189628949635303
typewell:0,typewell,nested_simplex_pooled,inner_pooled,0.25,0.75,0.0,12.151232849231153,-0.10707634796388099,False,ridge_visible_geometry_a25_f32,-1.0,5.0,12.189628949635303
typewell:0,typewell,nested_box_pooled,inner_pooled,0.2,0.9,0.0,12.15069857181955,-0.09384865878514681,False,ridge_visible_geometry_a25_f32,-1.0,5.0,12.189628949635303
typewell:0,typewell,nested_simplex_minimax,inner_maximum_minimum_domain_gain,0.0,0.3,0.0,12.245461688433751,0.011474968743792502,False,ridge_visible_geometry_a25_f32,-1.0,5.0,12.189628949635303
typewell:0,typewell,nested_simplex_domain_safe,inner_lowest_pooled_rmse_among_nonnegative_available_domains_else_zero,0.05,0.45,0.0,12.206227411484091,0.0016507780672370131,False,ridge_visible_geometry_a25_f32,-1.0,5.0,12.189628949635303
typewell:1,typewell,t025_fixed_050,fixed,0.5,0.0,0.0,nan,nan,False,ridge_visible_geometry_a25_f32,-0.75,10.0,12.552697802778752
typewell:1,typewell,t016_fixed_100,fixed,0.0,1.0,0.0,nan,nan,False,ridge_visible_geometry_a25_f32,-0.75,10.0,12.552697802778752
typewell:1,typewell,fixed_all_domain_040_060,fixed,0.4,0.6,0.0,nan,nan,False,ridge_visible_geometry_a25_f32,-0.75,10.0,12.552697802778752
typewell:1,typewell,fixed_minimax_025_045,fixed,0.25,0.45,0.0,nan,nan,False,ridge_visible_geometry_a25_f32,-0.75,10.0,12.552697802778752
typewell:1,typewell,fixed_pair_box_046_090,fixed,0.4623841380462943,0.896042906654928,0.0,nan,nan,False,ridge_visible_geometry_a25_f32,-0.75,10.0,12.552697802778752
typewell:1,typewell,fixed_three_pooled_040_005_055,fixed,0.4,0.55,0.05,nan,nan,False,ridge_visible_geometry_a25_f32,-0.75,10.0,12.552697802778752
typewell:1,typewell,nested_simplex_pooled,inner_pooled,0.3,0.7,0.0,12.470600674040295,0.00964023927187796,False,ridge_visible_geometry_a25_f32,-0.75,10.0,12.552697802778752
typewell:1,typewell,nested_box_pooled,inner_pooled,0.3,0.9,0.0,12.46781157221203,0.01752487321665086,False,ridge_visible_geometry_a25_f32,-0.75,10.0,12.552697802778752
typewell:1,typewell,nested_simplex_minimax,inner_maximum_minimum_domain_gain,0.15,0.65,0.0,12.498289860075909,0.07146385656288778,False,ridge_visible_geometry_a25_f32,-0.75,10.0,12.552697802778752
typewell:1,typewell,nested_simplex_domain_safe,inner_lowest_pooled_rmse_among_nonnegative_available_domains_else_zero,0.3,0.7,0.0,12.470600674040295,0.00964023927187796,False,ridge_visible_geometry_a25_f32,-0.75,10.0,12.552697802778752
typewell:2,typewell,t025_fixed_050,fixed,0.5,0.0,0.0,nan,nan,False,ridge_visible_geometry_a25_f32,-0.75,10.0,12.602599220441759
typewell:2,typewell,t016_fixed_100,fixed,0.0,1.0,0.0,nan,nan,False,ridge_visible_geometry_a25_f32,-0.75,10.0,12.602599220441759
typewell:2,typewell,fixed_all_domain_040_060,fixed,0.4,0.6,0.0,nan,nan,False,ridge_visible_geometry_a25_f32,-0.75,10.0,12.602599220441759
typewell:2,typewell,fixed_minimax_025_045,fixed,0.25,0.45,0.0,nan,nan,False,ridge_visible_geometry_a25_f32,-0.75,10.0,12.602599220441759
typewell:2,typewell,fixed_pair_box_046_090,fixed,0.4623841380462943,0.896042906654928,0.0,nan,nan,False,ridge_visible_geometry_a25_f32,-0.75,10.0,12.602599220441759
typewell:2,typewell,fixed_three_pooled_040_005_055,fixed,0.4,0.55,0.05,nan,nan,False,ridge_visible_geometry_a25_f32,-0.75,10.0,12.602599220441759
typewell:2,typewell,nested_simplex_pooled,inner_pooled,0.25,0.75,0.0,12.546777997682508,-0.0011144777792662097,False,ridge_visible_geometry_a25_f32,-0.75,10.0,12.602599220441759
typewell:2,typewell,nested_box_pooled,inner_pooled,0.2,0.8,0.0,12.548914995474414,-0.0020178259622660732,False,ridge_visible_geometry_a25_f32,-0.75,10.0,12.602599220441759
typewell:2,typewell,nested_simplex_minimax,inner_maximum_minimum_domain_gain,0.15,0.3,0.0,12.574815017916032,0.025943542908871464,False,ridge_visible_geometry_a25_f32,-0.75,10.0,12.602599220441759
typewell:2,typewell,nested_simplex_domain_safe,inner_lowest_pooled_rmse_among_nonnegative_available_domains_else_zero,0.25,0.7,0.0,12.547562440550813,0.0026769905695633867,False,ridge_visible_geometry_a25_f32,-0.75,10.0,12.602599220441759
typewell:3,typewell,t025_fixed_050,fixed,0.5,0.0,0.0,nan,nan,False,ridge_visible_geometry_a25_f32,-0.75,10.0,12.50057981843314
typewell:3,typewell,t016_fixed_100,fixed,0.0,1.0,0.0,nan,nan,False,ridge_visible_geometry_a25_f32,-0.75,10.0,12.50057981843314
typewell:3,typewell,fixed_all_domain_040_060,fixed,0.4,0.6,0.0,nan,nan,False,ridge_visible_geometry_a25_f32,-0.75,10.0,12.50057981843314
typewell:3,typewell,fixed_minimax_025_045,fixed,0.25,0.45,0.0,nan,nan,False,ridge_visible_geometry_a25_f32,-0.75,10.0,12.50057981843314
typewell:3,typewell,fixed_pair_box_046_090,fixed,0.4623841380462943,0.896042906654928,0.0,nan,nan,False,ridge_visible_geometry_a25_f32,-0.75,10.0,12.50057981843314
typewell:3,typewell,fixed_three_pooled_040_005_055,fixed,0.4,0.55,0.05,nan,nan,False,ridge_visible_geometry_a25_f32,-0.75,10.0,12.50057981843314
typewell:3,typewell,nested_simplex_pooled,inner_pooled,0.2,0.8,0.0,12.475256820773776,0.02108064478937699,False,ridge_visible_geometry_a25_f32,-0.75,10.0,12.50057981843314
typewell:3,typewell,nested_box_pooled,inner_pooled,0.2,0.9,0.0,12.47466548993925,0.014354214005583898,False,ridge_visible_geometry_a25_f32,-0.75,10.0,12.50057981843314
typewell:3,typewell,nested_simplex_minimax,inner_maximum_minimum_domain_gain,0.15,0.5,0.0,12.48865227348883,0.03219370910567143,False,ridge_visible_geometry_a25_f32,-0.75,10.0,12.50057981843314
typewell:3,typewell,nested_simplex_domain_safe,inner_lowest_pooled_rmse_among_nonnegative_available_domains_else_zero,0.2,0.8,0.0,12.475256820773776,0.02108064478937699,False,ridge_visible_geometry_a25_f32,-0.75,10.0,12.50057981843314
typewell:4,typewell,t025_fixed_050,fixed,0.5,0.0,0.0,nan,nan,False,ridge_visible_geometry_a25_f32,-0.75,5.0,12.570855438170575
typewell:4,typewell,t016_fixed_100,fixed,0.0,1.0,0.0,nan,nan,False,ridge_visible_geometry_a25_f32,-0.75,5.0,12.570855438170575
typewell:4,typewell,fixed_all_domain_040_060,fixed,0.4,0.6,0.0,nan,nan,False,ridge_visible_geometry_a25_f32,-0.75,5.0,12.570855438170575
typewell:4,typewell,fixed_minimax_025_045,fixed,0.25,0.45,0.0,nan,nan,False,ridge_visible_geometry_a25_f32,-0.75,5.0,12.570855438170575
typewell:4,typewell,fixed_pair_box_046_090,fixed,0.4623841380462943,0.896042906654928,0.0,nan,nan,False,ridge_visible_geometry_a25_f32,-0.75,5.0,12.570855438170575
typewell:4,typewell,fixed_three_pooled_040_005_055,fixed,0.4,0.55,0.05,nan,nan,False,ridge_visible_geometry_a25_f32,-0.75,5.0,12.570855438170575
typewell:4,typewell,nested_simplex_pooled,inner_pooled,0.35,0.65,0.0,12.330234276045154,0.04281549385456884,False,ridge_visible_geometry_a25_f32,-0.75,5.0,12.570855438170575
typewell:4,typewell,nested_box_pooled,inner_pooled,0.4,0.9,0.0,12.32557449083492,0.03392510111580016,False,ridge_visible_geometry_a25_f32,-0.75,5.0,12.570855438170575
typewell:4,typewell,nested_simplex_minimax,inner_maximum_minimum_domain_gain,0.15,0.85,0.0,12.415311866028523,0.07379287904313259,False,ridge_visible_geometry_a25_f32,-0.75,5.0,12.570855438170575
typewell:4,typewell,nested_simplex_domain_safe,inner_lowest_pooled_rmse_among_nonnegative_available_domains_else_zero,0.35,0.65,0.0,12.330234276045154,0.04281549385456884,False,ridge_visible_geometry_a25_f32,-0.75,5.0,12.570855438170575
