candidate,map,fold,wells,rows_scored,sse,rmse
last_known_tvt,v1,0,159,758630,144024253.761,13.7785275968
last_known_tvt,v1,1,156,758223,222476611.903,17.1294612505
last_known_tvt,v1,2,154,757077,212681928.853,16.7608202643
last_known_tvt,v1,3,151,754075,180122499.85,15.4552740922
last_known_tvt,v1,4,153,755984,198510936.381,16.2045105158
last_known_tvt,v2,0,151,755021,177296395.705,15.3239398224
last_known_tvt,v2,1,154,758677,205262052.875,16.4484839325
last_known_tvt,v2,2,160,755260,165954920.3,14.823365748
last_known_tvt,v2,3,156,756289,218734300.421,17.0064847455
last_known_tvt,v2,4,152,758742,190568561.448,15.8481497165
last_known_tvt,v3,0,148,754707,184702833.865,15.643992185
last_known_tvt,v3,1,153,759374,171566071.826,15.0309988719
last_known_tvt,v3,2,155,754375,209915363.281,16.6812452981
last_known_tvt,v3,3,158,758692,221623677.878,17.091309021
last_known_tvt,v3,4,159,756841,170008283.899,14.9876214832
last_known_tvt,v4,0,154,754790,197105567.246,16.1598147063
last_known_tvt,v4,1,156,757687,233385240.963,17.5505922388
last_known_tvt,v4,2,153,756528,156656939.987,14.3900504442
last_known_tvt,v4,3,152,755483,149213081.066,14.0537136686
last_known_tvt,v4,4,158,759501,221455401.487,17.0757175996
last_known_tvt,v5,0,153,757854,212702199.379,16.7530242336
last_known_tvt,v5,1,157,753449,142432597.167,13.7492106667
last_known_tvt,v5,2,159,757626,202848993.837,16.3628516816
last_known_tvt,v5,3,151,759031,190165661.522,15.828373602
last_known_tvt,v5,4,153,756029,209666778.844,16.6531189533
constant_u,v1,0,159,758630,8768090283.03,107.507187414
constant_u,v1,1,156,758223,8631456564.53,106.694877124
constant_u,v1,2,154,757077,8128689045.87,103.619198565
constant_u,v1,3,151,754075,8434031201.37,105.757294059
constant_u,v1,4,153,755984,9762245123.54,113.636683987
constant_u,v2,0,151,755021,8896778677.58,108.551762148
constant_u,v2,1,154,758677,8386388951.44,105.137837767
constant_u,v2,2,160,755260,7811392797.45,101.698839311
constant_u,v2,3,156,756289,8937772917.13,108.710318032
constant_u,v2,4,152,758742,9692178874.75,113.022171678
constant_u,v3,0,148,754707,9433724044.15,111.802726572
constant_u,v3,1,153,759374,8925001137.19,108.41173089
constant_u,v3,2,155,754375,9341764225.88,111.280945582
constant_u,v3,3,158,758692,8418140027.75,105.335635667
constant_u,v3,4,159,756841,7605882783.37,100.2472548
constant_u,v4,0,154,754790,9200111309.89,110.403660279
constant_u,v4,1,156,757687,7843167949.67,101.742133283
constant_u,v4,2,153,756528,10077976111,115.418163344
constant_u,v4,3,152,755483,8551233871.21,106.390302577
constant_u,v4,4,158,759501,8052022976.61,102.964692715
constant_u,v5,0,153,757854,8763501445.38,107.534063618
constant_u,v5,1,157,753449,8861456793.47,108.44901997
constant_u,v5,2,159,757626,7791130414.69,101.40813645
constant_u,v5,3,151,759031,8590285769.88,106.383444786
constant_u,v5,4,153,756029,9718137794.93,113.376305016
robust_linear_u,v1,0,159,758630,936862238.821,35.1417076033
robust_linear_u,v1,1,156,758223,1352937365.66,42.2416008572
robust_linear_u,v1,2,154,757077,951111109.66,35.4442344862
robust_linear_u,v1,3,151,754075,1327867084.35,41.9633384139
robust_linear_u,v1,4,153,755984,1381489809.35,42.748171282
robust_linear_u,v2,0,151,755021,1368278028.7,42.5703931518
robust_linear_u,v2,1,154,758677,1208118777.28,39.9049120629
robust_linear_u,v2,2,160,755260,1264719667.74,40.9212502491
robust_linear_u,v2,3,156,756289,1257550536.2,40.7773342868
robust_linear_u,v2,4,152,758742,851600597.936,33.5020140439
robust_linear_u,v3,0,148,754707,1163878910.85,39.2703444336
robust_linear_u,v3,1,153,759374,1384031849.9,42.691870218
robust_linear_u,v3,2,155,754375,1119007744.6,38.5143792359
robust_linear_u,v3,3,158,758692,1178893272.42,39.4188992161
robust_linear_u,v3,4,159,756841,1104455830.08,38.2007465728
robust_linear_u,v4,0,154,754790,965919916.232,35.7731753705
robust_linear_u,v4,1,156,757687,1227306915.9,40.2468293966
robust_linear_u,v4,2,153,756528,1503544033.75,44.5805654444
robust_linear_u,v4,3,152,755483,1185253090.85,39.608938178
robust_linear_u,v4,4,158,759501,1068243651.12,37.5034296366
robust_linear_u,v5,0,153,757854,1301160950.83,41.4355146146
robust_linear_u,v5,1,157,753449,846971037.105,33.5279769577
robust_linear_u,v5,2,159,757626,1123514622.53,38.5089723712
robust_linear_u,v5,3,151,759031,1349563327.91,42.1664342975
robust_linear_u,v5,4,153,756029,1329057669.47,41.9278589472
quadratic_u,v1,0,159,758630,8536260828.58,106.076414552
quadratic_u,v1,1,156,758223,10639265472.8,118.456077005
quadratic_u,v1,2,154,757077,9897130444.88,114.336428177
quadratic_u,v1,3,151,754075,10886956513.6,120.156141239
quadratic_u,v1,4,153,755984,10820084677.3,119.635213173
quadratic_u,v2,0,151,755021,11392129061.2,122.835226966
quadratic_u,v2,1,154,758677,8679318723.96,106.958267426
quadratic_u,v2,2,160,755260,9476232090.96,112.013302641
quadratic_u,v2,3,156,756289,9358838235.33,111.241562021
quadratic_u,v2,4,152,758742,11873179825.7,125.093994387
quadratic_u,v3,0,148,754707,11691740960,124.465905575
quadratic_u,v3,1,153,759374,12390010495.6,127.734430324
quadratic_u,v3,2,155,754375,8540130727.28,106.399261992
quadratic_u,v3,3,158,758692,8692816703.78,107.040347112
quadratic_u,v3,4,159,756841,9464999050.51,111.829906537
quadratic_u,v4,0,154,754790,9730055259.11,113.538874429
quadratic_u,v4,1,156,757687,12069325581.8,126.210818588
quadratic_u,v4,2,153,756528,9831926847.92,114.000515743
quadratic_u,v4,3,152,755483,10004612615.7,115.076803641
quadratic_u,v4,4,158,759501,9143777632.51,109.723247482
quadratic_u,v5,0,153,757854,11821190020.1,124.892921754
quadratic_u,v5,1,157,753449,8522591237.03,106.355241772
quadratic_u,v5,2,159,757626,11420103131.4,122.774331424
quadratic_u,v5,3,151,759031,8811531411.72,107.74470592
quadratic_u,v5,4,153,756029,10204282136.8,116.177493277
constrained_spline_u,v1,0,159,758630,3386818602.81,66.8160752625
constrained_spline_u,v1,1,156,758223,3748829660.53,70.3152259379
constrained_spline_u,v1,2,154,757077,3271999505.14,65.7410427572
constrained_spline_u,v1,3,151,754075,3470800507.8,67.8433922098
constrained_spline_u,v1,4,153,755984,4263524578.73,75.0979502708
constrained_spline_u,v2,0,151,755021,3877532120.12,71.663528286
constrained_spline_u,v2,1,154,758677,3398398702.14,66.9281322637
constrained_spline_u,v2,2,160,755260,3036333132.17,63.4054321892
constrained_spline_u,v2,3,156,756289,3726105325.97,70.1913623252
constrained_spline_u,v2,4,152,758742,4103603574.6,73.5420339929
constrained_spline_u,v3,0,148,754707,3923512073.05,72.102165362
constrained_spline_u,v3,1,153,759374,3893170264.06,71.6017830054
constrained_spline_u,v3,2,155,754375,3854900498.93,71.4846742764
constrained_spline_u,v3,3,158,758692,3390723843.52,66.8518542673
constrained_spline_u,v3,4,159,756841,3079666175.45,63.7895437828
constrained_spline_u,v4,0,154,754790,3703382193.78,70.0464610257
constrained_spline_u,v4,1,156,757687,3102372762.46,63.9885208889
constrained_spline_u,v4,2,153,756528,4364282638.32,75.9528248813
constrained_spline_u,v4,3,152,755483,3853422274.92,71.4185376856
constrained_spline_u,v4,4,158,759501,3118512985.53,64.0780966844
constrained_spline_u,v5,0,153,757854,3794717423.15,70.7614864073
constrained_spline_u,v5,1,157,753449,3491160868.78,68.0703525856
constrained_spline_u,v5,2,159,757626,3155551673.86,64.5372139408
constrained_spline_u,v5,3,151,759031,3664821812.45,69.4858980912
constrained_spline_u,v5,4,153,756029,4035721076.77,73.061964291
wrong_sign_constant,v1,0,159,758630,8879475172.4,108.18788786
wrong_sign_constant,v1,1,156,758223,9779370825.1,113.568262148
wrong_sign_constant,v1,2,154,757077,8809755505.24,107.872787571
wrong_sign_constant,v1,3,151,754075,9100396725.83,109.855774778
wrong_sign_constant,v1,4,153,755984,10322304657.7,116.850892663
wrong_sign_constant,v2,0,151,755021,9013389876.49,109.260847007
wrong_sign_constant,v2,1,154,758677,9381037406.84,111.197999647
wrong_sign_constant,v2,2,160,755260,8719642951.42,107.448686008
wrong_sign_constant,v2,3,156,756289,9779458513.56,113.713888962
wrong_sign_constant,v2,4,152,758742,9997774137.97,114.790143325
wrong_sign_constant,v3,0,148,754707,9943743635.41,114.785167006
wrong_sign_constant,v3,1,153,759374,9320725003.51,110.789087592
wrong_sign_constant,v3,2,155,754375,10107452485.3,115.751655339
wrong_sign_constant,v3,3,158,758692,8868785067.86,108.118325949
wrong_sign_constant,v3,4,159,756841,8650596694.26,106.910585266
wrong_sign_constant,v4,0,154,754790,9909826126.25,114.582936611
wrong_sign_constant,v4,1,156,757687,9100410710.96,109.593697245
wrong_sign_constant,v4,2,153,756528,9408578504.42,111.519163536
wrong_sign_constant,v4,3,152,755483,9365936257.85,111.343085146
wrong_sign_constant,v4,4,158,759501,9106551286.81,109.499665855
wrong_sign_constant,v5,0,153,757854,9690355787.18,113.077731611
wrong_sign_constant,v5,1,157,753449,9080888136.28,109.783540478
wrong_sign_constant,v5,2,159,757626,8828906630.49,107.9508402
wrong_sign_constant,v5,3,151,759031,9032734294.9,109.088723751
wrong_sign_constant,v5,4,153,756029,10258418037.4,116.485258859
noop,v1,0,159,758630,144024253.761,13.7785275968
noop,v1,1,156,758223,222476611.903,17.1294612505
noop,v1,2,154,757077,212681928.853,16.7608202643
noop,v1,3,151,754075,180122499.85,15.4552740922
noop,v1,4,153,755984,198510936.381,16.2045105158
noop,v2,0,151,755021,177296395.705,15.3239398224
noop,v2,1,154,758677,205262052.875,16.4484839325
noop,v2,2,160,755260,165954920.3,14.823365748
noop,v2,3,156,756289,218734300.421,17.0064847455
noop,v2,4,152,758742,190568561.448,15.8481497165
noop,v3,0,148,754707,184702833.865,15.643992185
noop,v3,1,153,759374,171566071.826,15.0309988719
noop,v3,2,155,754375,209915363.281,16.6812452981
noop,v3,3,158,758692,221623677.878,17.091309021
noop,v3,4,159,756841,170008283.899,14.9876214832
noop,v4,0,154,754790,197105567.246,16.1598147063
noop,v4,1,156,757687,233385240.963,17.5505922388
noop,v4,2,153,756528,156656939.987,14.3900504442
noop,v4,3,152,755483,149213081.066,14.0537136686
noop,v4,4,158,759501,221455401.487,17.0757175996
noop,v5,0,153,757854,212702199.379,16.7530242336
noop,v5,1,157,753449,142432597.167,13.7492106667
noop,v5,2,159,757626,202848993.837,16.3628516816
noop,v5,3,151,759031,190165661.522,15.828373602
noop,v5,4,153,756029,209666778.844,16.6531189533
duplicate_constant_u,v1,0,159,758630,8768090283.03,107.507187414
duplicate_constant_u,v1,1,156,758223,8631456564.53,106.694877124
duplicate_constant_u,v1,2,154,757077,8128689045.87,103.619198565
duplicate_constant_u,v1,3,151,754075,8434031201.37,105.757294059
duplicate_constant_u,v1,4,153,755984,9762245123.54,113.636683987
duplicate_constant_u,v2,0,151,755021,8896778677.58,108.551762148
duplicate_constant_u,v2,1,154,758677,8386388951.44,105.137837767
duplicate_constant_u,v2,2,160,755260,7811392797.45,101.698839311
duplicate_constant_u,v2,3,156,756289,8937772917.13,108.710318032
duplicate_constant_u,v2,4,152,758742,9692178874.75,113.022171678
duplicate_constant_u,v3,0,148,754707,9433724044.15,111.802726572
duplicate_constant_u,v3,1,153,759374,8925001137.19,108.41173089
duplicate_constant_u,v3,2,155,754375,9341764225.88,111.280945582
duplicate_constant_u,v3,3,158,758692,8418140027.75,105.335635667
duplicate_constant_u,v3,4,159,756841,7605882783.37,100.2472548
duplicate_constant_u,v4,0,154,754790,9200111309.89,110.403660279
duplicate_constant_u,v4,1,156,757687,7843167949.67,101.742133283
duplicate_constant_u,v4,2,153,756528,10077976111,115.418163344
duplicate_constant_u,v4,3,152,755483,8551233871.21,106.390302577
duplicate_constant_u,v4,4,158,759501,8052022976.61,102.964692715
duplicate_constant_u,v5,0,153,757854,8763501445.38,107.534063618
duplicate_constant_u,v5,1,157,753449,8861456793.47,108.44901997
duplicate_constant_u,v5,2,159,757626,7791130414.69,101.40813645
duplicate_constant_u,v5,3,151,759031,8590285769.88,106.383444786
duplicate_constant_u,v5,4,153,756029,9718137794.93,113.376305016
shuffled_linear_u,v1,0,159,758630,17485203702.6,151.816977777
shuffled_linear_u,v1,1,156,758223,17109011205.2,150.215233865
shuffled_linear_u,v1,2,154,757077,17922362202.6,153.860662718
shuffled_linear_u,v1,3,151,754075,14442270056,138.391832305
shuffled_linear_u,v1,4,153,755984,21558543134.9,168.870349638
shuffled_linear_u,v2,0,151,755021,22955096611.6,174.365294192
shuffled_linear_u,v2,1,154,758677,19308216659.9,159.530094558
shuffled_linear_u,v2,2,160,755260,16489275964.6,147.758526354
shuffled_linear_u,v2,3,156,756289,14982848490.3,140.751587568
shuffled_linear_u,v2,4,152,758742,14781952575.2,139.578600592
shuffled_linear_u,v3,0,148,754707,21696013373.6,169.551166044
shuffled_linear_u,v3,1,153,759374,16712317621.3,148.351000216
shuffled_linear_u,v3,2,155,754375,18848205925.5,158.067056237
shuffled_linear_u,v3,3,158,758692,17017949020.9,149.768629899
shuffled_linear_u,v3,4,159,756841,14242904360.2,137.181944207
shuffled_linear_u,v4,0,154,754790,20405969876.2,164.42412968
shuffled_linear_u,v4,1,156,757687,16640533557.4,148.196758921
shuffled_linear_u,v4,2,153,756528,18979505042.7,158.390794781
shuffled_linear_u,v4,3,152,755483,19238972706.4,159.58004792
shuffled_linear_u,v4,4,158,759501,13252409118.7,132.094045885
shuffled_linear_u,v5,0,153,757854,18784686963.4,157.437870726
shuffled_linear_u,v5,1,157,753449,18575919579.5,157.01756232
shuffled_linear_u,v5,2,159,757626,17084004053.5,150.164542669
shuffled_linear_u,v5,3,151,759031,16363657385.8,146.828523706
shuffled_linear_u,v5,4,153,756029,17709122319.2,153.04857542
oracle_target,v1,0,159,758630,0,0
oracle_target,v1,1,156,758223,0,0
oracle_target,v1,2,154,757077,0,0
oracle_target,v1,3,151,754075,0,0
oracle_target,v1,4,153,755984,0,0
oracle_target,v2,0,151,755021,0,0
oracle_target,v2,1,154,758677,0,0
oracle_target,v2,2,160,755260,0,0
oracle_target,v2,3,156,756289,0,0
oracle_target,v2,4,152,758742,0,0
oracle_target,v3,0,148,754707,0,0
oracle_target,v3,1,153,759374,0,0
oracle_target,v3,2,155,754375,0,0
oracle_target,v3,3,158,758692,0,0
oracle_target,v3,4,159,756841,0,0
oracle_target,v4,0,154,754790,0,0
oracle_target,v4,1,156,757687,0,0
oracle_target,v4,2,153,756528,0,0
oracle_target,v4,3,152,755483,0,0
oracle_target,v4,4,158,759501,0,0
oracle_target,v5,0,153,757854,0,0
oracle_target,v5,1,157,753449,0,0
oracle_target,v5,2,159,757626,0,0
oracle_target,v5,3,151,759031,0,0
oracle_target,v5,4,153,756029,0,0
