candidate,regime,rows_scored,wells_scored,sse,rmse,median_well_rmse,p90_well_rmse,p95_well_rmse,max_well_rmse,worst_5pct_sse_share,worst_10pct_sse_share,mean_error_sse_share,linear_trend_sse_share,shape_sse_share,datum_removed_rmse,datum_trend_removed_rmse
last_known_tvt,short_hidden,914915,258,179422136.455,14.0038560511,9.20960242519,21.5699220983,25.7386143609,50.9372022765,0.339765960911,0.488696799715,0.62516199517,0.216068393159,0.158769611671,8.57372296997,5.57996312825
last_known_tvt,medium_hidden,1246075,257,342405698.962,16.5767123272,11.2161967797,22.6065668039,28.5056648446,70.6393746197,0.395081898227,0.519229771258,0.672732652651,0.155005966421,0.172261380928,9.48308708845,6.88006217522
last_known_tvt,long_hidden,1622999,258,435988395.332,16.389976799,10.9749685778,24.3537423562,31.3459681899,70.2633851373,0.359233403782,0.51141557826,0.702727750008,0.108618159776,0.188654090216,8.93625440009,7.11887638266
constant_u,short_hidden,914915,258,5500417058.95,77.5367219478,71.8939559884,101.915164885,107.566685961,150.47252856,0.15252885139,0.255362747241,0.743597685151,0.253526946733,0.00287536811606,39.261637334,4.1577096986
constant_u,medium_hidden,1246075,257,11438231677.7,95.8092306901,92.4293337681,123.164913475,137.111091314,186.782243786,0.137117695479,0.23124416084,0.742864789884,0.253708857019,0.00342635309714,48.5834249623,5.60819894255
constant_u,long_hidden,1622999,258,26785863481.7,128.467626207,118.053952125,170.692403109,178.692152071,257.698378138,0.167654789828,0.265673802754,0.747171031017,0.249857837949,0.00297113103389,64.5962216746,7.00252393964
robust_linear_u,short_hidden,914915,258,583210650.014,25.2477306903,12.3311482426,36.4999394359,51.1903276014,120.202279993,0.464167801796,0.610341981566,0.678123826616,0.29475780057,0.0271183728143,14.324080857,4.1577096986
robust_linear_u,medium_hidden,1246075,257,1541089020.73,35.1675223198,24.8149277119,57.9189377739,72.5145505209,95.9057803509,0.26541310017,0.43776274526,0.690946735212,0.283622274101,0.0254309906874,19.5505256948,5.60819894255
robust_linear_u,long_hidden,1622999,258,3825967937.1,48.5524932967,28.2501039921,72.6746159473,86.6685118484,200.433832821,0.390944214081,0.537944725748,0.713197626463,0.266001281743,0.0208010917939,26.00176971,7.00252393964
quadratic_u,short_hidden,914915,258,5585790810,78.1361412204,48.5339657663,133.506298021,161.080178022,222.770294463,0.31734892453,0.521642808881,0.611720463108,0.348357869121,0.0399216677712,48.688255171,15.6119193003
quadratic_u,medium_hidden,1246075,257,10993457804.2,93.9279979313,60.8993771971,169.502534343,194.630126241,217.671021965,0.258477497957,0.452249029355,0.621218409083,0.325906801114,0.0528747898025,57.8082067369,21.5982912077
quadratic_u,long_hidden,1622999,258,34200449322.9,145.163282394,66.3588116939,246.804899027,275.802650302,367.403949479,0.276456170468,0.454601098516,0.665275607945,0.301323240099,0.0334011519557,83.9847551707,26.5300154201
constrained_spline_u,short_hidden,914915,258,1351202366.86,38.4299504677,31.247954278,52.2518927792,64.1189111156,106.910392363,0.254821133505,0.385208867137,0.503713500881,0.430809586662,0.0654769124573,27.0729795462,9.83363129748
constrained_spline_u,medium_hidden,1246075,257,3864929479.91,55.6927541798,47.9234017898,80.5228831636,90.8387195636,116.371129888,0.175250009935,0.295945237584,0.523979542382,0.431004233014,0.0450162246041,38.4247901526,11.81634684
constrained_spline_u,long_hidden,1622999,258,12925841008.2,89.2422022061,77.7954623252,118.171356509,134.290841235,233.147003474,0.21046510698,0.328936140754,0.599062627482,0.38331155816,0.0176258143584,56.5078194283,11.8479953358
wrong_sign_constant,short_hidden,914915,258,6082639615.86,81.5371766246,70.1852864644,115.491314342,123.578660265,174.432830153,0.179691459538,0.300905683253,0.737494044449,0.246413702784,0.0160922527676,41.7758456167,10.3434183835
wrong_sign_constant,medium_hidden,1246075,257,13440532977.9,103.857090994,98.2172378487,140.744761233,151.089941086,234.023982562,0.154539828297,0.256177694617,0.754264475295,0.231156994264,0.0145785304416,51.4837444967,12.5398698203
wrong_sign_constant,long_hidden,1622999,258,27368130292.5,129.85642376,117.018501081,174.447773526,188.692209066,263.346801148,0.147003225637,0.25917161288,0.746366439408,0.243700051065,0.00993350952732,65.3983509479,12.9423992999
noop,short_hidden,914915,258,179422136.455,14.0038560511,9.20960242519,21.5699220983,25.7386143609,50.9372022765,0.339765960911,0.488696799715,0.62516199517,0.216068393159,0.158769611671,8.57372296997,5.57996312825
noop,medium_hidden,1246075,257,342405698.962,16.5767123272,11.2161967797,22.6065668039,28.5056648446,70.6393746197,0.395081898227,0.519229771258,0.672732652651,0.155005966421,0.172261380928,9.48308708845,6.88006217522
noop,long_hidden,1622999,258,435988395.332,16.389976799,10.9749685778,24.3537423562,31.3459681899,70.2633851373,0.359233403782,0.51141557826,0.702727750008,0.108618159776,0.188654090216,8.93625440009,7.11887638266
duplicate_constant_u,short_hidden,914915,258,5500417058.95,77.5367219478,71.8939559884,101.915164885,107.566685961,150.47252856,0.15252885139,0.255362747241,0.743597685151,0.253526946733,0.00287536811606,39.261637334,4.1577096986
duplicate_constant_u,medium_hidden,1246075,257,11438231677.7,95.8092306901,92.4293337681,123.164913475,137.111091314,186.782243786,0.137117695479,0.23124416084,0.742864789884,0.253708857019,0.00342635309714,48.5834249623,5.60819894255
duplicate_constant_u,long_hidden,1622999,258,26785863481.7,128.467626207,118.053952125,170.692403109,178.692152071,257.698378138,0.167654789828,0.265673802754,0.747171031017,0.249857837949,0.00297113103389,64.5962216746,7.00252393964
shuffled_linear_u,short_hidden,914915,258,11271682748.2,110.995150496,78.8574952908,175.987645106,196.818098891,240.065213836,0.222176984335,0.37500660862,0.748590296858,0.250006565369,0.00140313777362,55.6538255035,4.1577096986
shuffled_linear_u,medium_hidden,1246075,257,23690111520.3,137.883234024,96.9896210583,215.191335145,235.435894747,346.579895475,0.204684688054,0.338838961523,0.746381436211,0.251964227105,0.00165433668394,69.4387637954,5.60819894255
shuffled_linear_u,long_hidden,1622999,258,53555596032.9,181.653304405,128.481250883,278.454384192,310.833200778,494.998954257,0.250473325113,0.388181709155,0.747758945401,0.25075504163,0.00148601296886,91.2328389198,7.00252393964
oracle_target,short_hidden,914915,258,0,0,0,0,0,0,,,,,,0,0
oracle_target,medium_hidden,1246075,257,0,0,0,0,0,0,,,,,,0,0
oracle_target,long_hidden,1622999,258,0,0,0,0,0,0,,,,,,0,0
