candidate,panel,well_id,fold,n,sse,rmse
e011,primary,000d7d20,0,3836,536136.4646723068,11.82220195168921
e011,primary,00bbac68,2,6014,1668035.6013716913,16.654091482716222
e011,primary,00e12e8b,4,4301,196721.19115364636,6.763022798022841
e011,primary,03a935ae,1,2786,2435809.3224370857,29.568622185691858
e011,primary,060ab2b8,3,6258,295953.55576007295,6.876920467524861
e011,primary,46d24a09,4,4449,542039.5829324964,11.037845182954495
e011,primary,46dfcfca,3,3606,415192.82329531823,10.730304783013441
e011,primary,57796579,2,5890,3376901.3034411008,23.944266439401932
e011,primary,58850d2c,1,4995,1519142.904226202,17.439401181198832
e011,primary,6dbe4b60,0,4648,371530.02953008167,8.940543104333644
e011,primary,995ff498,4,4526,131896.70208530314,5.398333282440408
e011,primary,a7fc3e6b,2,4764,1510318.3882158753,17.80526240982596
e011,primary,ae0784a8,1,7823,384301.93203986675,7.008896047645929
e011,primary,b37fd114,3,8161,1324698.3299155645,12.740509777014775
e011,primary,c07fd0cd,0,4191,121215.73151065971,5.377998328836901
e011,primary,fd710aea,2,4217,105298.56808254804,4.99700095218488
e011,primary,febb4411,4,4247,102454.04007594177,4.911604785323246
e011,primary,ff0aea78,0,3261,605205.624624899,13.62310419812298
e011,primary,ff8bb73a,1,5927,458841.0408800498,8.798601826899901
e011,primary,ffefef30,3,4570,316765.4616566053,8.325509317472322
e011,edge,015fe0d2,2,4296,866175.9054636589,14.19943006324421
e011,edge,01869cd4,4,5557,499422.94354273827,9.480124625727969
e011,edge,0dc835f3,4,4428,1178255.926383014,16.312330437312553
e011,edge,25050f63,1,6124,1015485.1370616504,12.87713339646653
e011,edge,2be5c96a,3,4210,58610.91249192309,3.7311971196688285
e011,edge,86454a6f,4,7964,24496896.057007264,55.4612819832215
e011,edge,89fdb2f2,0,2031,40516.13835766514,4.466414873319883
e011,edge,d07aed8f,2,2957,29083.348784158265,3.1361479565646153
e011,edge,d90aa14c,0,10018,952036.5576808548,9.74846639699381
e011,edge,ea3a0e38,2,10052,794812.6455453568,8.89213697793489
hmm_gauss_std_s070_l100_zero,primary,000d7d20,0,3836,195356.32998338316,7.136322114510375
hmm_gauss_std_s070_l100_zero,primary,00bbac68,2,6014,2161439.4236647016,18.95788228966156
hmm_gauss_std_s070_l100_zero,primary,00e12e8b,4,4301,285512.0020476843,8.147558049708797
hmm_gauss_std_s070_l100_zero,primary,03a935ae,1,2786,4086.508185212047,1.2111156902128306
hmm_gauss_std_s070_l100_zero,primary,060ab2b8,3,6258,49220.02154702216,2.804484992534219
hmm_gauss_std_s070_l100_zero,primary,46d24a09,4,4449,310029.8834150224,8.347771938645181
hmm_gauss_std_s070_l100_zero,primary,46dfcfca,3,3606,110918.98175934074,5.546130392378824
hmm_gauss_std_s070_l100_zero,primary,57796579,2,5890,266257.625974949,6.723468589716275
hmm_gauss_std_s070_l100_zero,primary,58850d2c,1,4995,457435.90315651224,9.569679168639517
hmm_gauss_std_s070_l100_zero,primary,6dbe4b60,0,4648,237843.766006049,7.153405210908741
hmm_gauss_std_s070_l100_zero,primary,995ff498,4,4526,203633.78569523452,6.707607517363364
hmm_gauss_std_s070_l100_zero,primary,a7fc3e6b,2,4764,1375757.806647596,16.993589240736362
hmm_gauss_std_s070_l100_zero,primary,ae0784a8,1,7823,31454.0093634943,2.0051706573607446
hmm_gauss_std_s070_l100_zero,primary,b37fd114,3,8161,6445234.427291562,28.102675599442733
hmm_gauss_std_s070_l100_zero,primary,c07fd0cd,0,4191,1124359.7813948027,16.379242800010466
hmm_gauss_std_s070_l100_zero,primary,fd710aea,2,4217,76420.8338385819,4.257004267142283
hmm_gauss_std_s070_l100_zero,primary,febb4411,4,4247,93176.57708816444,4.6839499482310245
hmm_gauss_std_s070_l100_zero,primary,ff0aea78,0,3261,15243.49573235141,2.162055745161525
hmm_gauss_std_s070_l100_zero,primary,ff8bb73a,1,5927,2117866.9284211625,18.9030494620381
hmm_gauss_std_s070_l100_zero,primary,ffefef30,3,4570,38490.08935663505,2.9021266388133506
hmm_gauss_std_s070_l100_zero,edge,015fe0d2,2,4296,246224.3798290996,7.570653853796181
hmm_gauss_std_s070_l100_zero,edge,01869cd4,4,5557,397485.0483227591,8.45746482305283
hmm_gauss_std_s070_l100_zero,edge,0dc835f3,4,4428,227456.50643413872,7.167131554124249
hmm_gauss_std_s070_l100_zero,edge,25050f63,1,6124,24574.992191466044,2.003222102076034
hmm_gauss_std_s070_l100_zero,edge,2be5c96a,3,4210,305171.11695515516,8.51394157702509
hmm_gauss_std_s070_l100_zero,edge,86454a6f,4,7964,32661816.168170404,64.04047424526394
hmm_gauss_std_s070_l100_zero,edge,89fdb2f2,0,2031,8010.5955874572755,1.9859917580770108
hmm_gauss_std_s070_l100_zero,edge,d07aed8f,2,2957,23611.164598157768,2.8257454834825992
hmm_gauss_std_s070_l100_zero,edge,d90aa14c,0,10018,582146.5331351421,7.622995160311253
hmm_gauss_std_s070_l100_zero,edge,ea3a0e38,2,10052,1480885.3471011876,12.137646309268058
hmm_gauss_std_s070_l050_zero,primary,000d7d20,0,3836,218228.7515427968,7.5425237231572
hmm_gauss_std_s070_l050_zero,primary,00bbac68,2,6014,1489941.468979116,15.739933459752786
hmm_gauss_std_s070_l050_zero,primary,00e12e8b,4,4301,277218.8587064743,8.02835678101228
hmm_gauss_std_s070_l050_zero,primary,03a935ae,1,2786,3020.62424136432,1.0412566682435396
hmm_gauss_std_s070_l050_zero,primary,060ab2b8,3,6258,842047.1411903736,11.599797920281492
hmm_gauss_std_s070_l050_zero,primary,46d24a09,4,4449,3828403.2726534694,29.334428832248353
hmm_gauss_std_s070_l050_zero,primary,46dfcfca,3,3606,206937.96260603573,7.575428845083334
hmm_gauss_std_s070_l050_zero,primary,57796579,2,5890,271678.76040373364,6.791570231879796
hmm_gauss_std_s070_l050_zero,primary,58850d2c,1,4995,60021.62823701255,3.466459575617737
hmm_gauss_std_s070_l050_zero,primary,6dbe4b60,0,4648,217873.63446965473,6.846510513480526
hmm_gauss_std_s070_l050_zero,primary,995ff498,4,4526,159741.80317323242,5.940896911601838
hmm_gauss_std_s070_l050_zero,primary,a7fc3e6b,2,4764,794305.3470935738,12.912426625334776
hmm_gauss_std_s070_l050_zero,primary,ae0784a8,1,7823,46684.66501095648,2.442870574678905
hmm_gauss_std_s070_l050_zero,primary,b37fd114,3,8161,160959.11003923463,4.441054390833853
hmm_gauss_std_s070_l050_zero,primary,c07fd0cd,0,4191,973331.2810656679,15.23952778553665
hmm_gauss_std_s070_l050_zero,primary,fd710aea,2,4217,104731.47120027113,4.983526840268004
hmm_gauss_std_s070_l050_zero,primary,febb4411,4,4247,82143.44067036346,4.397899638639231
hmm_gauss_std_s070_l050_zero,primary,ff0aea78,0,3261,14400.322027277596,2.101409555071802
hmm_gauss_std_s070_l050_zero,primary,ff8bb73a,1,5927,1869460.4245022212,17.75990646926101
hmm_gauss_std_s070_l050_zero,primary,ffefef30,3,4570,39740.112858734734,2.9488755732196386
hmm_gauss_std_s070_l050_zero,edge,015fe0d2,2,4296,212637.8714238023,7.0353899128107935
hmm_gauss_std_s070_l050_zero,edge,01869cd4,4,5557,990350.4961247041,13.34978475282207
hmm_gauss_std_s070_l050_zero,edge,0dc835f3,4,4428,209550.54978001432,6.879242138373763
hmm_gauss_std_s070_l050_zero,edge,25050f63,1,6124,24271.504496519054,1.9908143278242996
hmm_gauss_std_s070_l050_zero,edge,2be5c96a,3,4210,276249.8925967928,8.100466140025462
hmm_gauss_std_s070_l050_zero,edge,86454a6f,4,7964,33422121.337401763,64.7815567317727
hmm_gauss_std_s070_l050_zero,edge,89fdb2f2,0,2031,12002.094033990144,2.4309361434892476
hmm_gauss_std_s070_l050_zero,edge,d07aed8f,2,2957,23765.625952273767,2.834973257201486
hmm_gauss_std_s070_l050_zero,edge,d90aa14c,0,10018,733248.3620411975,8.555295941378038
hmm_gauss_std_s070_l050_zero,edge,ea3a0e38,2,10052,1505419.8653369972,12.2377783033169
hmm_t_mad_s070_l100_zero,primary,000d7d20,0,3836,9690843.485691806,50.26219959840826
hmm_t_mad_s070_l100_zero,primary,00bbac68,2,6014,2992944.308989982,22.308358034807842
hmm_t_mad_s070_l100_zero,primary,00e12e8b,4,4301,1136042.0846479144,16.252212373482056
hmm_t_mad_s070_l100_zero,primary,03a935ae,1,2786,924112.1995596556,18.212593557529484
hmm_t_mad_s070_l100_zero,primary,060ab2b8,3,6258,164926.41715861438,5.13366272697628
hmm_t_mad_s070_l100_zero,primary,46d24a09,4,4449,24768.46651458322,2.359491171254793
hmm_t_mad_s070_l100_zero,primary,46dfcfca,3,3606,5208090.047023397,38.00374374756611
hmm_t_mad_s070_l100_zero,primary,57796579,2,5890,207685.07015168722,5.938065603859254
hmm_t_mad_s070_l100_zero,primary,58850d2c,1,4995,13416655.950413954,51.82680008731082
hmm_t_mad_s070_l100_zero,primary,6dbe4b60,0,4648,164333.31858737604,5.946066378366583
hmm_t_mad_s070_l100_zero,primary,995ff498,4,4526,3004550.0492876293,25.76513643856101
hmm_t_mad_s070_l100_zero,primary,a7fc3e6b,2,4764,1544368.6852521645,18.004854539725557
hmm_t_mad_s070_l100_zero,primary,ae0784a8,1,7823,39213788.83524117,70.7999152462796
hmm_t_mad_s070_l100_zero,primary,b37fd114,3,8161,11749385.877799407,37.94336946796441
hmm_t_mad_s070_l100_zero,primary,c07fd0cd,0,4191,81049.84595808669,4.397615619268398
hmm_t_mad_s070_l100_zero,primary,fd710aea,2,4217,44921.85977363231,3.2638264935564303
hmm_t_mad_s070_l100_zero,primary,febb4411,4,4247,698594.4646318719,12.825415378855629
hmm_t_mad_s070_l100_zero,primary,ff0aea78,0,3261,29722.88966699504,3.019048676600298
hmm_t_mad_s070_l100_zero,primary,ff8bb73a,1,5927,1056790.3439713256,13.352941753756664
hmm_t_mad_s070_l100_zero,primary,ffefef30,3,4570,1783486.4129762365,19.7549894701656
hmm_t_mad_s070_l100_zero,edge,015fe0d2,2,4296,299877.26024543797,8.354868731959089
hmm_t_mad_s070_l100_zero,edge,01869cd4,4,5557,97681.66379516301,4.192627955059364
hmm_t_mad_s070_l100_zero,edge,0dc835f3,4,4428,516603.14462055743,10.801267371651852
hmm_t_mad_s070_l100_zero,edge,25050f63,1,6124,104574.84364835673,4.1323397509366595
hmm_t_mad_s070_l100_zero,edge,2be5c96a,3,4210,316587.0924843004,8.671726144160184
hmm_t_mad_s070_l100_zero,edge,86454a6f,4,7964,3715602.7192026814,21.59976421314875
hmm_t_mad_s070_l100_zero,edge,89fdb2f2,0,2031,10640.537555412207,2.2889000189192776
hmm_t_mad_s070_l100_zero,edge,d07aed8f,2,2957,287478.53828461585,9.860003105440786
hmm_t_mad_s070_l100_zero,edge,d90aa14c,0,10018,6869296.290577233,26.18578578882906
hmm_t_mad_s070_l100_zero,edge,ea3a0e38,2,10052,760111.1822572758,8.695855628925093
hmm_gauss_std_s100_l100_tail,primary,000d7d20,0,3836,198000.97247722367,7.1844638253726005
hmm_gauss_std_s100_l100_tail,primary,00bbac68,2,6014,1347068.8373301364,14.966256455096024
hmm_gauss_std_s100_l100_tail,primary,00e12e8b,4,4301,287969.1803411328,8.18254276642784
hmm_gauss_std_s100_l100_tail,primary,03a935ae,1,2786,66625.83493775941,4.890246784906282
hmm_gauss_std_s100_l100_tail,primary,060ab2b8,3,6258,67448.11492101282,3.2829716221651943
hmm_gauss_std_s100_l100_tail,primary,46d24a09,4,4449,290772.97371562687,8.0843631928913
hmm_gauss_std_s100_l100_tail,primary,46dfcfca,3,3606,182397.14451418683,7.1120721915673935
hmm_gauss_std_s100_l100_tail,primary,57796579,2,5890,277251.6226505994,6.86087332582165
hmm_gauss_std_s100_l100_tail,primary,58850d2c,1,4995,3518624.384993091,26.541087134948395
hmm_gauss_std_s100_l100_tail,primary,6dbe4b60,0,4648,253274.05452085432,7.3818002943307635
hmm_gauss_std_s100_l100_tail,primary,995ff498,4,4526,212740.83008473943,6.855958023884248
hmm_gauss_std_s100_l100_tail,primary,a7fc3e6b,2,4764,1024478.9225490998,14.664445216773938
hmm_gauss_std_s100_l100_tail,primary,ae0784a8,1,7823,5620390.4019542225,26.80381282952974
hmm_gauss_std_s100_l100_tail,primary,b37fd114,3,8161,368988.58187206613,6.7241094627219296
hmm_gauss_std_s100_l100_tail,primary,c07fd0cd,0,4191,918967.248726692,14.807822040659897
hmm_gauss_std_s100_l100_tail,primary,fd710aea,2,4217,87340.30409893044,4.550986522235637
hmm_gauss_std_s100_l100_tail,primary,febb4411,4,4247,128144.23050207681,5.492984812703962
hmm_gauss_std_s100_l100_tail,primary,ff0aea78,0,3261,138025.22890917127,6.505846895195601
hmm_gauss_std_s100_l100_tail,primary,ff8bb73a,1,5927,443404.97392497654,8.649336960176738
hmm_gauss_std_s100_l100_tail,primary,ffefef30,3,4570,60688.22638895025,3.6441321914352014
hmm_gauss_std_s100_l100_tail,edge,015fe0d2,2,4296,250840.61826508353,7.6412919831383475
hmm_gauss_std_s100_l100_tail,edge,01869cd4,4,5557,759981.3851083986,11.694489789458045
hmm_gauss_std_s100_l100_tail,edge,0dc835f3,4,4428,219601.15345573385,7.042283466768254
hmm_gauss_std_s100_l100_tail,edge,25050f63,1,6124,26466.351719879403,2.0788801326964683
hmm_gauss_std_s100_l100_tail,edge,2be5c96a,3,4210,285372.14737798757,8.23312565475761
hmm_gauss_std_s100_l100_tail,edge,86454a6f,4,7964,33903340.06744327,65.24625922590344
hmm_gauss_std_s100_l100_tail,edge,89fdb2f2,0,2031,9265.603312319505,2.1359047901151818
hmm_gauss_std_s100_l100_tail,edge,d07aed8f,2,2957,42208.671308390614,3.7781150459056008
hmm_gauss_std_s100_l100_tail,edge,d90aa14c,0,10018,658682.9965017634,8.108634270988128
hmm_gauss_std_s100_l100_tail,edge,ea3a0e38,2,10052,1527338.7364105375,12.326547207452476
likelihood_pf_384x16,primary,000d7d20,0,3836,60467.58222130483,3.9702879226925627
likelihood_pf_384x16,primary,00bbac68,2,6014,103968.56446098833,4.157854732857532
likelihood_pf_384x16,primary,00e12e8b,4,4301,289970.51634401584,8.210927163735484
likelihood_pf_384x16,primary,03a935ae,1,2786,3318.4577911410424,1.0913840260410514
likelihood_pf_384x16,primary,060ab2b8,3,6258,36969.77873141779,2.4305560815087537
likelihood_pf_384x16,primary,46d24a09,4,4449,66762.79810904269,3.8737898975241536
likelihood_pf_384x16,primary,46dfcfca,3,3606,90673.97955528446,5.014509716509975
likelihood_pf_384x16,primary,57796579,2,5890,176766.41461456736,5.478254815714835
likelihood_pf_384x16,primary,58850d2c,1,4995,297063.3644988708,7.711818530335045
likelihood_pf_384x16,primary,6dbe4b60,0,4648,237615.17699317538,7.149966855254221
likelihood_pf_384x16,primary,995ff498,4,4526,222376.5880886301,7.009503492783228
likelihood_pf_384x16,primary,a7fc3e6b,2,4764,240320.91777856654,7.102478218684401
likelihood_pf_384x16,primary,ae0784a8,1,7823,26476.48685416737,1.8396851980123337
likelihood_pf_384x16,primary,b37fd114,3,8161,164221.90593555968,4.485840784635566
likelihood_pf_384x16,primary,c07fd0cd,0,4191,791836.6228050301,13.745449977570962
likelihood_pf_384x16,primary,fd710aea,2,4217,80204.8208140986,4.3611240078485185
likelihood_pf_384x16,primary,febb4411,4,4247,110749.06711668643,5.106565512119729
likelihood_pf_384x16,primary,ff0aea78,0,3261,156835.84116457857,6.935012678270327
likelihood_pf_384x16,primary,ff8bb73a,1,5927,710763.7605592753,10.950783038576184
likelihood_pf_384x16,primary,ffefef30,3,4570,46022.88593884793,3.173429277343944
likelihood_pf_384x16,edge,015fe0d2,2,4296,147861.29183787602,5.866716630437502
likelihood_pf_384x16,edge,01869cd4,4,5557,1478967.4020024003,16.313949082837542
likelihood_pf_384x16,edge,0dc835f3,4,4428,115459.35767079165,5.106352157425495
likelihood_pf_384x16,edge,25050f63,1,6124,63088.91039423546,3.209659205164585
likelihood_pf_384x16,edge,2be5c96a,3,4210,253908.19828150963,7.765998708076784
likelihood_pf_384x16,edge,86454a6f,4,7964,23657883.79731574,54.50324016987463
likelihood_pf_384x16,edge,89fdb2f2,0,2031,14869.146850083212,2.7057524702697506
likelihood_pf_384x16,edge,d07aed8f,2,2957,37216.62215902929,3.5476667235345967
likelihood_pf_384x16,edge,d90aa14c,0,10018,1415623.232692878,11.88730284485183
likelihood_pf_384x16,edge,ea3a0e38,2,10052,552051.6518781064,7.410774814711882
blend_e011_hmm_gauss_std_s070_l100_zero_w0.25,primary,000d7d20,0,3836,434111.384435643,10.638031901686713
blend_e011_hmm_gauss_std_s070_l100_zero_w0.25,primary,00bbac68,2,6014,989730.2171557241,12.828524354189764
blend_e011_hmm_gauss_std_s070_l100_zero_w0.25,primary,00e12e8b,4,4301,194805.01150166203,6.730004294270394
blend_e011_hmm_gauss_std_s070_l100_zero_w0.25,primary,03a935ae,1,2786,1369913.5847101817,22.17461203214361
blend_e011_hmm_gauss_std_s070_l100_zero_w0.25,primary,060ab2b8,3,6258,187908.84578491718,5.479688019420022
blend_e011_hmm_gauss_std_s070_l100_zero_w0.25,primary,46d24a09,4,4449,456316.0047106376,10.127485914069705
blend_e011_hmm_gauss_std_s070_l100_zero_w0.25,primary,46dfcfca,3,3606,307191.2997592506,9.229785211010574
blend_e011_hmm_gauss_std_s070_l100_zero_w0.25,primary,57796579,2,5890,1769020.8197045638,17.330409496848272
blend_e011_hmm_gauss_std_s070_l100_zero_w0.25,primary,58850d2c,1,4995,1136978.9404911075,15.08719362604362
blend_e011_hmm_gauss_std_s070_l100_zero_w0.25,primary,6dbe4b60,0,4648,254944.24683172983,7.406099599687588
blend_e011_hmm_gauss_std_s070_l100_zero_w0.25,primary,995ff498,4,4526,137363.1556914045,5.509064472224486
blend_e011_hmm_gauss_std_s070_l100_zero_w0.25,primary,a7fc3e6b,2,4764,1428768.3190118466,17.31789210216614
blend_e011_hmm_gauss_std_s070_l100_zero_w0.25,primary,ae0784a8,1,7823,223827.8651547341,5.3489730665346755
blend_e011_hmm_gauss_std_s070_l100_zero_w0.25,primary,b37fd114,3,8161,772086.5058377143,9.72660528478958
blend_e011_hmm_gauss_std_s070_l100_zero_w0.25,primary,c07fd0cd,0,4191,73527.04833337979,4.188559948107231
blend_e011_hmm_gauss_std_s070_l100_zero_w0.25,primary,fd710aea,2,4217,71485.00595314468,4.117235211792123
blend_e011_hmm_gauss_std_s070_l100_zero_w0.25,primary,febb4411,4,4247,93646.62653430189,4.695749685924132
blend_e011_hmm_gauss_std_s070_l100_zero_w0.25,primary,ff0aea78,0,3261,350911.917379671,10.373460543573994
blend_e011_hmm_gauss_std_s070_l100_zero_w0.25,primary,ff8bb73a,1,5927,537464.9508464737,9.522645355412147
blend_e011_hmm_gauss_std_s070_l100_zero_w0.25,primary,ffefef30,3,4570,178572.4862214693,6.2509953031824494
blend_e011_hmm_gauss_std_s070_l100_zero_w0.25,edge,015fe0d2,2,4296,412753.3923212802,9.801965945035468
blend_e011_hmm_gauss_std_s070_l100_zero_w0.25,edge,01869cd4,4,5557,372047.6548422968,8.182369495889679
blend_e011_hmm_gauss_std_s070_l100_zero_w0.25,edge,0dc835f3,4,4428,802749.4457006332,13.46437507083118
blend_e011_hmm_gauss_std_s070_l100_zero_w0.25,edge,25050f63,1,6124,582152.0412495224,9.74991032507893
blend_e011_hmm_gauss_std_s070_l100_zero_w0.25,edge,2be5c96a,3,4210,91666.98169330995,4.666222225301008
blend_e011_hmm_gauss_std_s070_l100_zero_w0.25,edge,86454a6f,4,7964,26361206.778529815,57.532999700708764
blend_e011_hmm_gauss_std_s070_l100_zero_w0.25,edge,89fdb2f2,0,2031,20881.21106612627,3.2064382446422104
blend_e011_hmm_gauss_std_s070_l100_zero_w0.25,edge,d07aed8f,2,2957,18709.030366104875,2.515358999873201
blend_e011_hmm_gauss_std_s070_l100_zero_w0.25,edge,d90aa14c,0,10018,754249.5425012151,8.676948384670448
blend_e011_hmm_gauss_std_s070_l100_zero_w0.25,edge,ea3a0e38,2,10052,848711.9038989408,9.188696493247559
blend_e011_hmm_gauss_std_s070_l100_zero_w0.50,primary,000d7d20,0,3836,343306.33524193557,9.460228135840707
blend_e011_hmm_gauss_std_s070_l100_zero_w0.50,primary,00bbac68,2,6014,845862.3927992358,11.859548251745924
blend_e011_hmm_gauss_std_s070_l100_zero_w0.50,primary,00e12e8b,4,4301,208964.75343333988,6.970305259705005
blend_e011_hmm_gauss_std_s070_l100_zero_w0.50,primary,03a935ae,1,2786,609327.8697592388,14.78886911127886
blend_e011_hmm_gauss_std_s070_l100_zero_w0.50,primary,060ab2b8,3,6258,110771.68675769158,4.20723339509403
blend_e011_hmm_gauss_std_s070_l100_zero_w0.50,primary,46d24a09,4,4449,389073.1953837729,9.351568362298556
blend_e011_hmm_gauss_std_s070_l100_zero_w0.50,primary,46dfcfca,3,3606,220478.48499123196,7.819342688181459
blend_e011_hmm_gauss_std_s070_l100_zero_w0.50,primary,57796579,2,5890,714620.0455480233,11.014884554859393
blend_e011_hmm_gauss_std_s070_l100_zero_w0.50,primary,58850d2c,1,4995,832639.7857344619,12.911028301366668
blend_e011_hmm_gauss_std_s070_l100_zero_w0.50,primary,6dbe4b60,0,4648,193801.27534494095,6.4572151292701845
blend_e011_hmm_gauss_std_s070_l100_zero_w0.50,primary,995ff498,4,4526,151141.4874950949,5.778758845909852
blend_e011_hmm_gauss_std_s070_l100_zero_w0.50,primary,a7fc3e6b,2,4764,1379158.19901579,17.01457738593945
blend_e011_hmm_gauss_std_s070_l100_zero_w0.50,primary,ae0784a8,1,7823,111528.52241362637,3.7757767606398156
blend_e011_hmm_gauss_std_s070_l100_zero_w0.50,primary,b37fd114,3,8161,1441305.2473744268,13.289428195885986
blend_e011_hmm_gauss_std_s070_l100_zero_w0.50,primary,c07fd0cd,0,4191,224821.49558831094,7.3241981601843005
blend_e011_hmm_gauss_std_s070_l100_zero_w0.50,primary,fd710aea,2,4217,55400.86286934917,3.624569769775562
blend_e011_hmm_gauss_std_s070_l100_zero_w0.50,primary,febb4411,4,4247,89164.57818912562,4.581999623867933
blend_e011_hmm_gauss_std_s070_l100_zero_w0.50,primary,ff0aea78,0,3261,167820.3268158363,7.173760639291971
blend_e011_hmm_gauss_std_s070_l100_zero_w0.50,primary,ff8bb73a,1,5927,840177.2354254689,11.906057933946219
blend_e011_hmm_gauss_std_s070_l100_zero_w0.50,primary,ffefef30,3,4570,86128.93235976236,4.341266349139522
blend_e011_hmm_gauss_std_s070_l100_zero_w0.50,edge,015fe0d2,2,4296,158287.30033472704,6.070030869116848
blend_e011_hmm_gauss_std_s070_l100_zero_w0.50,edge,01869cd4,4,5557,312599.5760721532,7.500219852481015
blend_e011_hmm_gauss_std_s070_l100_zero_w0.50,edge,0dc835f3,4,4428,519114.04881502606,10.827484858836966
blend_e011_hmm_gauss_std_s070_l100_zero_w0.50,edge,25050f63,1,6124,272555.98516711546,6.671296925832222
blend_e011_hmm_gauss_std_s070_l100_zero_w0.50,edge,2be5c96a,3,4210,143779.03883764392,5.843953344935058
blend_e011_hmm_gauss_std_s070_l100_zero_w0.50,edge,86454a6f,4,7964,28343463.704231124,59.656921057528436
blend_e011_hmm_gauss_std_s070_l100_zero_w0.50,edge,89fdb2f2,0,2031,8918.644840579149,2.0955328492989476
blend_e011_hmm_gauss_std_s070_l100_zero_w0.50,edge,d07aed8f,2,2957,14338.893529087107,2.20207526010406
blend_e011_hmm_gauss_std_s070_l100_zero_w0.50,edge,d90aa14c,0,10018,626672.2000170505,7.909147974508773
blend_e011_hmm_gauss_std_s070_l100_zero_w0.50,edge,ea3a0e38,2,10052,981023.773609441,9.879012297002651
blend_e011_hmm_gauss_std_s070_l100_zero_w0.75,primary,000d7d20,0,3836,263721.31709117943,8.29150408002472
blend_e011_hmm_gauss_std_s070_l100_zero_w0.75,primary,00bbac68,2,6014,1236432.1283022268,14.338490366946958
blend_e011_hmm_gauss_std_s070_l100_zero_w0.75,primary,00e12e8b,4,4301,239200.416948682,7.4575512203602825
blend_e011_hmm_gauss_std_s070_l100_zero_w0.75,primary,03a935ae,1,2786,154052.17758424825,7.43606820863922
blend_e011_hmm_gauss_std_s070_l100_zero_w0.75,primary,060ab2b8,3,6258,64542.07867839244,3.2114687089428546
blend_e011_hmm_gauss_std_s070_l100_zero_w0.75,primary,46d24a09,4,4449,340311.1549519029,8.745947974237035
blend_e011_hmm_gauss_std_s070_l100_zero_w0.75,primary,46dfcfca,3,3606,155054.37899126168,6.557361957208322
blend_e011_hmm_gauss_std_s070_l100_zero_w0.75,primary,57796579,2,5890,213698.98097148686,6.023425985796164
blend_e011_hmm_gauss_std_s070_l100_zero_w0.75,primary,58850d2c,1,4995,606125.4399562632,11.015735764154762
blend_e011_hmm_gauss_std_s070_l100_zero_w0.75,primary,6dbe4b60,0,4648,188101.1150697135,6.3615453182380834
blend_e011_hmm_gauss_std_s070_l100_zero_w0.75,primary,995ff498,4,4526,173231.69749637228,6.186662230029158
blend_e011_hmm_gauss_std_s070_l100_zero_w0.75,primary,a7fc3e6b,2,4764,1361488.0282277032,16.9052281783572
blend_e011_hmm_gauss_std_s070_l100_zero_w0.75,primary,ae0784a8,1,7823,47403.90381654694,2.461616470072084
blend_e011_hmm_gauss_std_s070_l100_zero_w0.75,primary,b37fd114,3,8161,3332354.5545257074,20.207096367384118
blend_e011_hmm_gauss_std_s070_l100_zero_w0.75,primary,c07fd0cd,0,4191,575099.0732754534,11.714196463148879
blend_e011_hmm_gauss_std_s070_l100_zero_w0.75,primary,fd710aea,2,4217,57046.138831161035,3.6779966281096974
blend_e011_hmm_gauss_std_s070_l100_zero_w0.75,primary,febb4411,4,4247,89007.89504041271,4.577972027876324
blend_e011_hmm_gauss_std_s070_l100_zero_w0.75,primary,ff0aea78,0,3261,55930.8529333966,4.141429967441352
blend_e011_hmm_gauss_std_s070_l100_zero_w0.75,primary,ff8bb73a,1,5927,1366977.8946170306,15.186695394091466
blend_e011_hmm_gauss_std_s070_l100_zero_w0.75,primary,ffefef30,3,4570,39434.80007148413,2.937526016328169
blend_e011_hmm_gauss_std_s070_l100_zero_w0.75,edge,015fe0d2,2,4296,102777.62950399978,4.891219603958981
blend_e011_hmm_gauss_std_s070_l100_zero_w0.75,edge,01869cd4,4,5557,321078.7072323083,7.601259416977374
blend_e011_hmm_gauss_std_s070_l100_zero_w0.75,edge,0dc835f3,4,4428,327349.73572619504,8.598094047929747
blend_e011_hmm_gauss_std_s070_l100_zero_w0.75,edge,25050f63,1,6124,86696.96881443,3.7625680707472733
blend_e011_hmm_gauss_std_s070_l100_zero_w0.75,edge,2be5c96a,3,4210,214947.083924926,7.145370142370433
blend_e011_hmm_gauss_std_s070_l100_zero_w0.75,edge,86454a6f,4,7964,30443666.834111325,61.82766634549374
blend_e011_hmm_gauss_std_s070_l100_zero_w0.75,edge,89fdb2f2,0,2031,4628.439681022543,1.5096015825285474
blend_e011_hmm_gauss_std_s070_l100_zero_w0.75,edge,d07aed8f,2,2957,15972.938273104523,2.3241638634618735
blend_e011_hmm_gauss_std_s070_l100_zero_w0.75,edge,d90aa14c,0,10018,569304.5302283602,7.538445617674831
blend_e011_hmm_gauss_std_s070_l100_zero_w0.75,edge,ea3a0e38,2,10052,1191748.254676858,10.888449026022297
blend_e011_hmm_gauss_std_s070_l050_zero_w0.25,primary,000d7d20,0,3836,442461.9197372685,10.739860748593701
blend_e011_hmm_gauss_std_s070_l050_zero_w0.25,primary,00bbac68,2,6014,1611465.549207538,16.369250726269183
blend_e011_hmm_gauss_std_s070_l050_zero_w0.25,primary,00e12e8b,4,4301,193413.34110104394,6.705921917998762
blend_e011_hmm_gauss_std_s070_l050_zero_w0.25,primary,03a935ae,1,2786,1369440.6671870784,22.170784174706604
blend_e011_hmm_gauss_std_s070_l050_zero_w0.25,primary,060ab2b8,3,6258,216910.18729256943,5.88738172275824
blend_e011_hmm_gauss_std_s070_l050_zero_w0.25,primary,46d24a09,4,4449,907387.9725821982,14.28121989741046
blend_e011_hmm_gauss_std_s070_l050_zero_w0.25,primary,46dfcfca,3,3606,344554.7673393195,9.774988844804989
blend_e011_hmm_gauss_std_s070_l050_zero_w0.25,primary,57796579,2,5890,1774144.2119201322,17.355487293805822
blend_e011_hmm_gauss_std_s070_l050_zero_w0.25,primary,58850d2c,1,4995,844078.831006663,12.999413484934037
blend_e011_hmm_gauss_std_s070_l050_zero_w0.25,primary,6dbe4b60,0,4648,253047.58018276648,7.378499201708578
blend_e011_hmm_gauss_std_s070_l050_zero_w0.25,primary,995ff498,4,4526,131763.40699096915,5.39560480923083
blend_e011_hmm_gauss_std_s070_l050_zero_w0.25,primary,a7fc3e6b,2,4764,1278454.684387648,16.38161794398107
blend_e011_hmm_gauss_std_s070_l050_zero_w0.25,primary,ae0784a8,1,7823,238992.1959054189,5.527200191227704
blend_e011_hmm_gauss_std_s070_l050_zero_w0.25,primary,b37fd114,3,8161,792783.8107410681,9.856113533795325
blend_e011_hmm_gauss_std_s070_l050_zero_w0.25,primary,c07fd0cd,0,4191,72747.60045860976,4.166299686781867
blend_e011_hmm_gauss_std_s070_l050_zero_w0.25,primary,fd710aea,2,4217,77445.6743798365,4.285453454020625
blend_e011_hmm_gauss_std_s070_l050_zero_w0.25,primary,febb4411,4,4247,88442.08579489545,4.563398104397336
blend_e011_hmm_gauss_std_s070_l050_zero_w0.25,primary,ff0aea78,0,3261,358698.46351759776,10.487919826491103
blend_e011_hmm_gauss_std_s070_l050_zero_w0.25,primary,ff8bb73a,1,5927,526820.2654736592,9.42787406719942
blend_e011_hmm_gauss_std_s070_l050_zero_w0.25,primary,ffefef30,3,4570,171058.71209622323,6.118070806475409
blend_e011_hmm_gauss_std_s070_l050_zero_w0.25,edge,015fe0d2,2,4296,410577.95145615947,9.776100902159262
blend_e011_hmm_gauss_std_s070_l050_zero_w0.25,edge,01869cd4,4,5557,424629.8569846336,8.74148195362092
blend_e011_hmm_gauss_std_s070_l050_zero_w0.25,edge,0dc835f3,4,4428,795627.1670718545,13.404511630033905
blend_e011_hmm_gauss_std_s070_l050_zero_w0.25,edge,25050f63,1,6124,583742.0999427626,9.763216435028541
blend_e011_hmm_gauss_std_s070_l050_zero_w0.25,edge,2be5c96a,3,4210,87728.07008664244,4.564868168770306
blend_e011_hmm_gauss_std_s070_l050_zero_w0.25,edge,86454a6f,4,7964,26535496.502743527,57.72287892355549
blend_e011_hmm_gauss_std_s070_l050_zero_w0.25,edge,89fdb2f2,0,2031,20555.736626197417,3.1813508015928362
blend_e011_hmm_gauss_std_s070_l050_zero_w0.25,edge,d07aed8f,2,2957,19308.878725877592,2.55536454728525
blend_e011_hmm_gauss_std_s070_l050_zero_w0.25,edge,d90aa14c,0,10018,845172.1364525044,9.18506156780903
blend_e011_hmm_gauss_std_s070_l050_zero_w0.25,edge,ea3a0e38,2,10052,862247.2318105727,9.26167771388439
blend_e011_hmm_gauss_std_s070_l050_zero_w0.50,primary,000d7d20,0,3836,358252.4525706722,9.663963630832228
blend_e011_hmm_gauss_std_s070_l050_zero_w0.50,primary,00bbac68,2,6014,1562926.5097540582,16.120836261854393
blend_e011_hmm_gauss_std_s070_l050_zero_w0.50,primary,00e12e8b,4,4301,205727.00234231466,6.916094643003203
blend_e011_hmm_gauss_std_s070_l050_zero_w0.50,primary,03a935ae,1,2786,608519.6657377916,14.779057981594358
blend_e011_hmm_gauss_std_s070_l050_zero_w0.50,primary,060ab2b8,3,6258,281577.995375121,6.707822732167826
blend_e011_hmm_gauss_std_s070_l050_zero_w0.50,primary,46d24a09,4,4449,1576898.0507522558,18.82654407182919
blend_e011_hmm_gauss_std_s070_l050_zero_w0.50,primary,46dfcfca,3,3606,286299.6052391053,8.910406418960656
blend_e011_hmm_gauss_std_s070_l050_zero_w0.50,primary,57796579,2,5890,722354.7575735778,11.07433409506704
blend_e011_hmm_gauss_std_s070_l050_zero_w0.50,primary,58850d2c,1,4995,375870.59393528354,8.674639367444154
blend_e011_hmm_gauss_std_s070_l050_zero_w0.50,primary,6dbe4b60,0,4648,187944.03122359025,6.358888489963856
blend_e011_hmm_gauss_std_s070_l050_zero_w0.50,primary,995ff498,4,4526,136359.82547417915,5.488907898184716
blend_e011_hmm_gauss_std_s070_l050_zero_w0.50,primary,a7fc3e6b,2,4764,1081831.2762578558,15.069328145866752
blend_e011_hmm_gauss_std_s070_l050_zero_w0.50,primary,ae0784a8,1,7823,134286.07268911603,4.143132487538282
blend_e011_hmm_gauss_std_s070_l050_zero_w0.50,primary,b37fd114,3,8161,421522.4343701831,7.186851279666056
blend_e011_hmm_gauss_std_s070_l050_zero_w0.50,primary,c07fd0cd,0,4191,198610.81503376193,6.884027814342617
blend_e011_hmm_gauss_std_s070_l050_zero_w0.50,primary,fd710aea,2,4217,68066.86033188604,4.017594111568921
blend_e011_hmm_gauss_std_s070_l050_zero_w0.50,primary,febb4411,4,4247,80386.33446694985,4.350608283210701
blend_e011_hmm_gauss_std_s070_l050_zero_w0.50,primary,ff0aea78,0,3261,178061.85938222622,7.389414911825325
blend_e011_hmm_gauss_std_s070_l050_zero_w0.50,primary,ff8bb73a,1,5927,784583.2376085599,11.505408662072037
blend_e011_hmm_gauss_std_s070_l050_zero_w0.50,primary,ffefef30,3,4570,76318.9041097839,4.086560781079633
blend_e011_hmm_gauss_std_s070_l050_zero_w0.50,edge,015fe0d2,2,4296,149788.96111368402,5.904835019653856
blend_e011_hmm_gauss_std_s070_l050_zero_w0.50,edge,01869cd4,4,5557,481520.0868955917,9.308656528133007
blend_e011_hmm_gauss_std_s070_l050_zero_w0.50,edge,0dc835f3,4,4428,506633.35120096826,10.69653414139264
blend_e011_hmm_gauss_std_s070_l050_zero_w0.50,edge,25050f63,1,6124,274625.4821422763,6.696576356795801
blend_e011_hmm_gauss_std_s070_l050_zero_w0.50,edge,2be5c96a,3,4210,133706.95263569342,5.63554533052248
blend_e011_hmm_gauss_std_s070_l050_zero_w0.50,edge,86454a6f,4,7964,28702567.531387977,60.033649876148885
blend_e011_hmm_gauss_std_s070_l050_zero_w0.50,edge,89fdb2f2,0,2031,9149.928661762417,2.1225302688947463
blend_e011_hmm_gauss_std_s070_l050_zero_w0.50,edge,d07aed8f,2,2957,15164.434901136392,2.2645788831786775
blend_e011_hmm_gauss_std_s070_l050_zero_w0.50,edge,d90aa14c,0,10018,773085.9634364438,8.784628102545055
blend_e011_hmm_gauss_std_s070_l050_zero_w0.50,edge,ea3a0e38,2,10052,1003159.9638642466,9.98984743214298
blend_e011_hmm_gauss_std_s070_l050_zero_w0.75,primary,000d7d20,0,3836,283508.0631725146,8.596930351184453
blend_e011_hmm_gauss_std_s070_l050_zero_w0.75,primary,00bbac68,2,6014,1522418.4830112504,15.910554372517836
blend_e011_hmm_gauss_std_s070_l050_zero_w0.75,primary,00e12e8b,4,4301,233662.17487745828,7.370712746310281
blend_e011_hmm_gauss_std_s070_l050_zero_w0.75,primary,03a935ae,1,2786,153046.3180892211,7.4117521319798945
blend_e011_hmm_gauss_std_s070_l050_zero_w0.75,primary,060ab2b8,3,6258,489956.9800077199,8.848327632203729
blend_e011_hmm_gauss_std_s070_l050_zero_w0.75,primary,46d24a09,4,4449,2550569.817442686,23.94348734152731
blend_e011_hmm_gauss_std_s070_l050_zero_w0.75,primary,46dfcfca,3,3606,240427.3369946778,8.165430034073012
blend_e011_hmm_gauss_std_s070_l050_zero_w0.75,primary,57796579,2,5890,221532.9404014468,6.132838221590237
blend_e011_hmm_gauss_std_s070_l050_zero_w0.75,primary,58850d2c,1,4995,114518.19301206662,4.78816929186729
blend_e011_hmm_gauss_std_s070_l050_zero_w0.75,primary,6dbe4b60,0,4648,176219.38265255408,6.15734911102092
blend_e011_hmm_gauss_std_s070_l050_zero_w0.75,primary,995ff498,4,4526,145685.95753493297,5.673506693428932
blend_e011_hmm_gauss_std_s070_l050_zero_w0.75,primary,a7fc3e6b,2,4764,920448.1638264981,13.899967712139091
blend_e011_hmm_gauss_std_s070_l050_zero_w0.75,primary,ae0784a8,1,7823,70183.56239096243,2.995235946110098
blend_e011_hmm_gauss_std_s070_l050_zero_w0.75,primary,b37fd114,3,8161,210914.2008029041,5.08371531000028
blend_e011_hmm_gauss_std_s070_l050_zero_w0.75,primary,c07fd0cd,0,4191,498805.3752361137,10.90954736140158
blend_e011_hmm_gauss_std_s070_l050_zero_w0.75,primary,fd710aea,2,4217,77162.12593869836,4.277601189024624
blend_e011_hmm_gauss_std_s070_l050_zero_w0.75,primary,febb4411,4,4247,78286.78609210599,4.293417297606134
blend_e011_hmm_gauss_std_s070_l050_zero_w0.75,primary,ff0aea78,0,3261,63295.81221878722,4.4056712711595685
blend_e011_hmm_gauss_std_s070_l050_zero_w0.75,primary,ff8bb73a,1,5927,1232129.9572847444,14.418191678267343
blend_e011_hmm_gauss_std_s070_l050_zero_w0.75,primary,ffefef30,3,4570,32546.037697287422,2.668645961635422
blend_e011_hmm_gauss_std_s070_l050_zero_w0.75,edge,015fe0d2,2,4296,83808.93443623243,4.416853789900413
blend_e011_hmm_gauss_std_s070_l050_zero_w0.75,edge,01869cd4,4,5557,670093.6332756185,10.981143007863706
blend_e011_hmm_gauss_std_s070_l050_zero_w0.75,edge,0dc835f3,4,4428,311274.47877035453,8.384322041218716
blend_e011_hmm_gauss_std_s070_l050_zero_w0.75,edge,25050f63,1,6124,88135.28366019532,3.793650451207859
blend_e011_hmm_gauss_std_s070_l050_zero_w0.75,edge,2be5c96a,3,4210,196547.56013907646,6.832706730731913
blend_e011_hmm_gauss_std_s070_l050_zero_w0.75,edge,86454a6f,4,7964,30998109.142940726,62.38813106599826
blend_e011_hmm_gauss_std_s070_l050_zero_w0.75,edge,89fdb2f2,0,2031,6298.7144643597285,1.7610472109940551
blend_e011_hmm_gauss_std_s070_l050_zero_w0.75,edge,d07aed8f,2,2957,16650.017309935287,2.372912272148705
blend_e011_hmm_gauss_std_s070_l050_zero_w0.75,edge,d90aa14c,0,10018,735778.0386326734,8.570040943896547
blend_e011_hmm_gauss_std_s070_l050_zero_w0.75,edge,ea3a0e38,2,10052,1217550.8417063884,11.005690935114012
blend_e011_hmm_t_mad_s070_l100_zero_w0.25,primary,000d7d20,0,3836,1729718.1975913267,21.23480992749308
blend_e011_hmm_t_mad_s070_l100_zero_w0.25,primary,00bbac68,2,6014,1135258.2674444607,13.739332212964632
blend_e011_hmm_t_mad_s070_l100_zero_w0.25,primary,00e12e8b,4,4301,317416.0998096542,8.59072375967835
blend_e011_hmm_t_mad_s070_l100_zero_w0.25,primary,03a935ae,1,2786,1921166.3452898413,26.259831135401726
blend_e011_hmm_t_mad_s070_l100_zero_w0.25,primary,060ab2b8,3,6258,229237.5014460968,6.052364199839092
blend_e011_hmm_t_mad_s070_l100_zero_w0.25,primary,46d24a09,4,4449,310366.35081488395,8.352300520590896
blend_e011_hmm_t_mad_s070_l100_zero_w0.25,primary,46dfcfca,3,3606,126031.80615935767,5.911901899627113
blend_e011_hmm_t_mad_s070_l100_zero_w0.25,primary,57796579,2,5890,2009602.1719228385,18.47129729488429
blend_e011_hmm_t_mad_s070_l100_zero_w0.25,primary,58850d2c,1,4995,3300882.386392199,25.706756205189187
blend_e011_hmm_t_mad_s070_l100_zero_w0.25,primary,6dbe4b60,0,4648,266878.8116186522,7.577465851480088
blend_e011_hmm_t_mad_s070_l100_zero_w0.25,primary,995ff498,4,4526,351500.7634989057,8.812636594264935
blend_e011_hmm_t_mad_s070_l100_zero_w0.25,primary,a7fc3e6b,2,4764,1465556.2296742192,17.539425600441223
blend_e011_hmm_t_mad_s070_l100_zero_w0.25,primary,ae0784a8,1,7823,3318612.752395888,20.596414517764646
blend_e011_hmm_t_mad_s070_l100_zero_w0.25,primary,b37fd114,3,8161,739427.0987494212,9.518663901719117
blend_e011_hmm_t_mad_s070_l100_zero_w0.25,primary,c07fd0cd,0,4191,57419.220099669416,3.7014323325244076
blend_e011_hmm_t_mad_s070_l100_zero_w0.25,primary,fd710aea,2,4217,63657.829686154364,3.8852960222480664
blend_e011_hmm_t_mad_s070_l100_zero_w0.25,primary,febb4411,4,4247,92173.56635937092,4.658671257495871
blend_e011_hmm_t_mad_s070_l100_zero_w0.25,primary,ff0aea78,0,3261,335483.89424591267,10.142860171778372
blend_e011_hmm_t_mad_s070_l100_zero_w0.25,primary,ff8bb73a,1,5927,373661.2374922557,7.940019339941993
blend_e011_hmm_t_mad_s070_l100_zero_w0.25,primary,ffefef30,3,4570,529355.5226153125,10.762560954371747
blend_e011_hmm_t_mad_s070_l100_zero_w0.25,edge,015fe0d2,2,4296,417288.4236231636,9.855667243826487
blend_e011_hmm_t_mad_s070_l100_zero_w0.25,edge,01869cd4,4,5557,327083.76596009784,7.672012404284252
blend_e011_hmm_t_mad_s070_l100_zero_w0.25,edge,0dc835f3,4,4428,718635.5624740333,12.739446120623159
blend_e011_hmm_t_mad_s070_l100_zero_w0.25,edge,25050f63,1,6124,643341.9401030481,10.249515609645771
blend_e011_hmm_t_mad_s070_l100_zero_w0.25,edge,2be5c96a,3,4210,95332.64149490968,4.758606192642246
blend_e011_hmm_t_mad_s070_l100_zero_w0.25,edge,86454a6f,4,7964,17103572.386078395,46.342321875857756
blend_e011_hmm_t_mad_s070_l100_zero_w0.25,edge,89fdb2f2,0,2031,21543.114997214274,3.2568614837569094
blend_e011_hmm_t_mad_s070_l100_zero_w0.25,edge,d07aed8f,2,2957,55871.17914685243,4.346785966711093
blend_e011_hmm_t_mad_s070_l100_zero_w0.25,edge,d90aa14c,0,10018,525051.398133036,7.239530397244897
blend_e011_hmm_t_mad_s070_l100_zero_w0.25,edge,ea3a0e38,2,10052,604985.7971763925,7.757938806288962
blend_e011_hmm_t_mad_s070_l100_zero_w0.50,primary,000d7d20,0,3836,3653363.278734253,30.86079647050805
blend_e011_hmm_t_mad_s070_l100_zero_w0.50,primary,00bbac68,2,6014,1178483.940738431,13.998455546540319
blend_e011_hmm_t_mad_s070_l100_zero_w0.50,primary,00e12e8b,4,4301,514201.218277368,10.934069482233424
blend_e011_hmm_t_mad_s070_l100_zero_w0.50,primary,03a935ae,1,2786,1497669.1657611923,23.18554923614318
blend_e011_hmm_t_mad_s070_l100_zero_w0.50,primary,060ab2b8,3,6258,185160.96024119528,5.439474345074009
blend_e011_hmm_t_mad_s070_l100_zero_w0.50,primary,46d24a09,4,4449,146930.08737269393,5.7467746262391595
blend_e011_hmm_t_mad_s070_l100_zero_w0.50,primary,46dfcfca,3,3606,828461.0044020505,15.15734634419948
blend_e011_hmm_t_mad_s070_l100_zero_w0.50,primary,57796579,2,5890,1025633.089201849,13.195880210634714
blend_e011_hmm_t_mad_s070_l100_zero_w0.50,primary,58850d2c,1,4995,5877714.38814549,34.303346735068345
blend_e011_hmm_t_mad_s070_l100_zero_w0.50,primary,6dbe4b60,0,4648,197462.28715772362,6.517919941941745
blend_e011_hmm_t_mad_s070_l100_zero_w0.50,primary,995ff498,4,4526,903477.6751704944,14.128675090947564
blend_e011_hmm_t_mad_s070_l100_zero_w0.50,primary,a7fc3e6b,2,4764,1456310.5596663812,17.48401308670149
blend_e011_hmm_t_mad_s070_l100_zero_w0.50,primary,ae0784a8,1,7823,10768297.509714775,37.10110612762765
blend_e011_hmm_t_mad_s070_l100_zero_w0.50,primary,b37fd114,3,8161,2281784.613008015,16.721130435464744
blend_e011_hmm_t_mad_s070_l100_zero_w0.50,primary,c07fd0cd,0,4191,29459.40203724401,2.6512649672050514
blend_e011_hmm_t_mad_s070_l100_zero_w0.50,primary,fd710aea,2,4217,39714.79883587062,3.0688409667604803
blend_e011_hmm_t_mad_s070_l100_zero_w0.50,primary,febb4411,4,4247,188103.47921317056,6.655141346131116
blend_e011_hmm_t_mad_s070_l100_zero_w0.50,primary,ff0aea78,0,3261,149662.8616265994,6.7745682598833925
blend_e011_hmm_t_mad_s070_l100_zero_w0.50,primary,ff8bb73a,1,5927,444926.18687820283,8.664161125997346
blend_e011_hmm_t_mad_s070_l100_zero_w0.50,primary,ffefef30,3,4570,844672.368154821,13.595213858517377
blend_e011_hmm_t_mad_s070_l100_zero_w0.50,edge,015fe0d2,2,4296,173276.155473296,6.350929114883554
blend_e011_hmm_t_mad_s070_l100_zero_w0.50,edge,01869cd4,4,5557,202680.4934746225,6.0392885213336704
blend_e011_hmm_t_mad_s070_l100_zero_w0.50,edge,0dc835f3,4,4428,455153.31087729754,10.138531317271537
blend_e011_hmm_t_mad_s070_l100_zero_w0.50,edge,25050f63,1,6124,367475.8255479648,7.74634430064669
blend_e011_hmm_t_mad_s070_l100_zero_w0.50,edge,2be5c96a,3,4210,150569.24782796716,5.98035675712662
blend_e011_hmm_t_mad_s070_l100_zero_w0.50,edge,86454a6f,4,7964,11175582.272801291,37.460145023658576
blend_e011_hmm_t_mad_s070_l100_zero_w0.50,edge,89fdb2f2,0,2031,10239.507076688828,2.2453526682834077
blend_e011_hmm_t_mad_s070_l100_zero_w0.50,edge,d07aed8f,2,2957,107866.32085116109,6.039726472091303
blend_e011_hmm_t_mad_s070_l100_zero_w0.50,edge,d90aa14c,0,10018,1368932.967099829,11.689624951779209
blend_e011_hmm_t_mad_s070_l100_zero_w0.50,edge,ea3a0e38,2,10052,535926.6038387234,7.30174090192458
blend_e011_hmm_t_mad_s070_l100_zero_w0.75,primary,000d7d20,0,3836,6307071.708101078,40.548480580640906
blend_e011_hmm_t_mad_s070_l100_zero_w0.75,primary,00bbac68,2,6014,1797712.6212536064,17.289340276755937
blend_e011_hmm_t_mad_s070_l100_zero_w0.75,primary,00e12e8b,4,4301,787076.5465567866,13.527693800060488
blend_e011_hmm_t_mad_s070_l100_zero_w0.75,primary,03a935ae,1,2786,1165317.7838511334,20.45180442713073
blend_e011_hmm_t_mad_s070_l100_zero_w0.75,primary,060ab2b8,3,6258,163723.9321453679,5.11491362061331
blend_e011_hmm_t_mad_s070_l100_zero_w0.75,primary,46d24a09,4,4449,51730.79260592738,3.4099135089385713
blend_e011_hmm_t_mad_s070_l100_zero_w0.75,primary,46dfcfca,3,3606,2522480.4180233954,26.44849963831538
blend_e011_hmm_t_mad_s070_l100_zero_w0.75,primary,57796579,2,5890,424994.05527813255,8.494420972222485
blend_e011_hmm_t_mad_s070_l100_zero_w0.75,primary,58850d2c,1,4995,9249638.909486078,43.032308344529625
blend_e011_hmm_t_mad_s070_l100_zero_w0.75,primary,6dbe4b60,0,4648,163280.4561472994,5.926987929639614
blend_e011_hmm_t_mad_s070_l100_zero_w0.75,primary,995ff498,4,4526,1787827.43710007,19.874926175391398
blend_e011_hmm_t_mad_s070_l100_zero_w0.75,primary,a7fc3e6b,2,4764,1482581.3781923642,17.641007883632113
blend_e011_hmm_t_mad_s070_l100_zero_w0.75,primary,ae0784a8,1,7823,22733356.203996547,53.906993781182244
blend_e011_hmm_t_mad_s070_l100_zero_w0.75,primary,b37fd114,3,8161,5951770.872691338,27.005449655134655
blend_e011_hmm_t_mad_s070_l100_zero_w0.75,primary,c07fd0cd,0,4191,37336.27732338286,2.984741172562122
blend_e011_hmm_t_mad_s070_l100_zero_w0.75,primary,fd710aea,2,4217,33469.475531697164,2.8172322610052825
blend_e011_hmm_t_mad_s070_l100_zero_w0.75,primary,febb4411,4,4247,390243.77863733773,9.585766892737727
blend_e011_hmm_t_mad_s070_l100_zero_w0.75,primary,ff0aea78,0,3261,47742.52676696113,3.826284872252866
blend_e011_hmm_t_mad_s070_l100_zero_w0.75,primary,ff8bb73a,1,5927,672635.889037893,10.653015385518726
blend_e011_hmm_t_mad_s070_l100_zero_w0.75,primary,ffefef30,3,4570,1262715.9982751268,16.622438752544245
blend_e011_hmm_t_mad_s070_l100_zero_w0.75,edge,015fe0d2,2,4296,134139.10101405304,5.587860549860426
blend_e011_hmm_t_mad_s070_l100_zero_w0.75,edge,01869cd4,4,5557,126213.12608631089,4.765758854222194
blend_e011_hmm_t_mad_s070_l100_zero_w0.75,edge,0dc835f3,4,4428,387809.17159280524,9.35847817378334
blend_e011_hmm_t_mad_s070_l100_zero_w0.75,edge,25050f63,1,6124,187886.79339640148,5.538989428204498
blend_e011_hmm_t_mad_s070_l100_zero_w0.75,edge,2be5c96a,3,4210,224320.73149109728,7.299509167293102
blend_e011_hmm_t_mad_s070_l100_zero_w0.75,edge,86454a6f,4,7964,6712925.717176061,29.032891765482226
blend_e011_hmm_t_mad_s070_l100_zero_w0.75,edge,89fdb2f2,0,2031,6605.314596088093,1.8033988639170204
blend_e011_hmm_t_mad_s070_l100_zero_w0.75,edge,d07aed8f,2,2957,185068.7738970831,7.9111735448867435
blend_e011_hmm_t_mad_s070_l100_zero_w0.75,edge,d90aa14c,0,10018,3483681.264581231,18.64784680640625
blend_e011_hmm_t_mad_s070_l100_zero_w0.75,edge,ea3a0e38,2,10052,587635.0655323504,7.645882360100739
blend_e011_hmm_gauss_std_s100_l100_tail_w0.25,primary,000d7d20,0,3836,435157.95630503236,10.650847463736643
blend_e011_hmm_gauss_std_s100_l100_tail_w0.25,primary,00bbac68,2,6014,1563332.691688485,16.122930911551535
blend_e011_hmm_gauss_std_s100_l100_tail_w0.25,primary,00e12e8b,4,4301,200020.66180597403,6.819502747136263
blend_e011_hmm_gauss_std_s100_l100_tail_w0.25,primary,03a935ae,1,2786,1491792.957673177,23.140019483081222
blend_e011_hmm_gauss_std_s100_l100_tail_w0.25,primary,060ab2b8,3,6258,193734.03439436818,5.563975152186286
blend_e011_hmm_gauss_std_s100_l100_tail_w0.25,primary,46d24a09,4,4449,434626.3610182367,9.883865547496498
blend_e011_hmm_gauss_std_s100_l100_tail_w0.25,primary,46dfcfca,3,3606,332508.3481052237,9.60259064614162
blend_e011_hmm_gauss_std_s100_l100_tail_w0.25,primary,57796579,2,5890,1767708.626659333,17.32398078182145
blend_e011_hmm_gauss_std_s100_l100_tail_w0.25,primary,58850d2c,1,4995,1902101.0366266577,19.514123304254927
blend_e011_hmm_gauss_std_s100_l100_tail_w0.25,primary,6dbe4b60,0,4648,252883.508900714,7.376106773930879
blend_e011_hmm_gauss_std_s100_l100_tail_w0.25,primary,995ff498,4,4526,138719.97928626565,5.53620588730771
blend_e011_hmm_gauss_std_s100_l100_tail_w0.25,primary,a7fc3e6b,2,4764,1331520.5850998615,16.71814416971573
blend_e011_hmm_gauss_std_s100_l100_tail_w0.25,primary,ae0784a8,1,7823,429368.9371362944,7.4084720353140785
blend_e011_hmm_gauss_std_s100_l100_tail_w0.25,primary,b37fd114,3,8161,723101.8920863105,9.413000029141761
blend_e011_hmm_gauss_std_s100_l100_tail_w0.25,primary,c07fd0cd,0,4191,70597.68712691811,4.104274564815631
blend_e011_hmm_gauss_std_s100_l100_tail_w0.25,primary,fd710aea,2,4217,72673.90681673151,4.151331867750286
blend_e011_hmm_gauss_std_s100_l100_tail_w0.25,primary,febb4411,4,4247,85683.77178951113,4.491673268085732
blend_e011_hmm_gauss_std_s100_l100_tail_w0.25,primary,ff0aea78,0,3261,304818.0022822159,9.668183994350212
blend_e011_hmm_gauss_std_s100_l100_tail_w0.25,primary,ff8bb73a,1,5927,447436.0144157569,8.688564016147252
blend_e011_hmm_gauss_std_s100_l100_tail_w0.25,primary,ffefef30,3,4570,150175.39322110143,5.732463377312781
blend_e011_hmm_gauss_std_s100_l100_tail_w0.25,edge,015fe0d2,2,4296,412991.5884837418,9.804793849017306
blend_e011_hmm_gauss_std_s100_l100_tail_w0.25,edge,01869cd4,4,5557,405360.6703696683,8.540840398831577
blend_e011_hmm_gauss_std_s100_l100_tail_w0.25,edge,0dc835f3,4,4428,798782.5303079381,13.431065682332497
blend_e011_hmm_gauss_std_s100_l100_tail_w0.25,edge,25050f63,1,6124,574286.8993304498,9.68382346286677
blend_e011_hmm_gauss_std_s100_l100_tail_w0.25,edge,2be5c96a,3,4210,90088.14988620358,4.625863208556472
blend_e011_hmm_gauss_std_s100_l100_tail_w0.25,edge,86454a6f,4,7964,26653309.556968726,57.850876850804276
blend_e011_hmm_gauss_std_s100_l100_tail_w0.25,edge,89fdb2f2,0,2031,20598.9161004467,3.1846904287165168
blend_e011_hmm_gauss_std_s100_l100_tail_w0.25,edge,d07aed8f,2,2957,17864.887634435905,2.4579581388878093
blend_e011_hmm_gauss_std_s100_l100_tail_w0.25,edge,d90aa14c,0,10018,823661.9392243605,9.067425277351196
blend_e011_hmm_gauss_std_s100_l100_tail_w0.25,edge,ea3a0e38,2,10052,830811.4527655555,9.091279239680386
blend_e011_hmm_gauss_std_s100_l100_tail_w0.50,primary,000d7d20,0,3836,345142.53815009457,9.485493811295914
blend_e011_hmm_gauss_std_s100_l100_tail_w0.50,primary,00bbac68,2,6014,1474937.261120484,15.660479730651963
blend_e011_hmm_gauss_std_s100_l100_tail_w0.50,primary,00e12e8b,4,4301,216328.4835546645,7.092055599639677
blend_e011_hmm_gauss_std_s100_l100_tail_w0.50,primary,03a935ae,1,2786,782256.9215019888,16.756532423484654
blend_e011_hmm_gauss_std_s100_l100_tail_w0.50,primary,060ab2b8,3,6258,121576.62046595648,4.407651552983857
blend_e011_hmm_gauss_std_s100_l100_tail_w0.50,primary,46d24a09,4,4449,356944.1855106711,8.957131559767198
blend_e011_hmm_gauss_std_s100_l100_tail_w0.50,primary,46dfcfca,3,3606,266147.5765783371,8.591092534207696
blend_e011_hmm_gauss_std_s100_l100_tail_w0.50,primary,57796579,2,5890,714702.7876003301,11.015522213836235
blend_e011_hmm_gauss_std_s100_l100_tail_w0.50,primary,58850d2c,1,4995,2363000.6608879506,21.750246099365704
blend_e011_hmm_gauss_std_s100_l100_tail_w0.50,primary,6dbe4b60,0,4648,193625.33952272154,6.454283483437851
blend_e011_hmm_gauss_std_s100_l100_tail_w0.50,primary,995ff498,4,4526,154468.42635316035,5.842013904377457
blend_e011_hmm_gauss_std_s100_l100_tail_w0.50,primary,a7fc3e6b,2,4764,1190948.0731167232,15.811043613577368
blend_e011_hmm_gauss_std_s100_l100_tail_w0.50,primary,ae0784a8,1,7823,1317072.6838208279,12.97532384929555
blend_e011_hmm_gauss_std_s100_l100_tail_w0.50,primary,b37fd114,3,8161,363284.7881359749,6.671936704348804
blend_e011_hmm_gauss_std_s100_l100_tail_w0.50,primary,c07fd0cd,0,4191,186683.59186834376,6.674123577170725
blend_e011_hmm_gauss_std_s100_l100_tail_w0.50,primary,fd710aea,2,4217,58805.97573085653,3.734297635583641
blend_e011_hmm_gauss_std_s100_l100_tail_w0.50,primary,febb4411,4,4247,84375.38076505775,4.457247420939947
blend_e011_hmm_gauss_std_s100_l100_tail_w0.50,primary,ff0aea78,0,3261,126825.39554869883,6.236310258396019
blend_e011_hmm_gauss_std_s100_l100_tail_w0.50,primary,ff8bb73a,1,5927,441061.6611018142,8.626451615305216
blend_e011_hmm_gauss_std_s100_l100_tail_w0.50,primary,ffefef30,3,4570,51965.831197989995,3.3721030584428022
blend_e011_hmm_gauss_std_s100_l100_tail_w0.50,edge,015fe0d2,2,4296,159374.26829067437,6.090836836080164
blend_e011_hmm_gauss_std_s100_l100_tail_w0.50,edge,01869cd4,4,5557,417432.9862395898,8.667087557961697
blend_e011_hmm_gauss_std_s100_l100_tail_w0.50,edge,0dc835f3,4,4428,512515.6027950319,10.758450836769613
blend_e011_hmm_gauss_std_s100_l100_tail_w0.50,edge,25050f63,1,6124,262384.3558630878,6.545628871680842
blend_e011_hmm_gauss_std_s100_l100_tail_w0.50,edge,2be5c96a,3,4210,138374.10149864148,5.733058311287914
blend_e011_hmm_gauss_std_s100_l100_tail_w0.50,edge,86454a6f,4,7964,28939854.72536184,60.281291410301186
blend_e011_hmm_gauss_std_s100_l100_tail_w0.50,edge,89fdb2f2,0,2031,8751.41950715028,2.075794178327437
blend_e011_hmm_gauss_std_s100_l100_tail_w0.50,edge,d07aed8f,2,2957,16312.95433856768,2.3487708481921863
blend_e011_hmm_gauss_std_s100_l100_tail_w0.50,edge,d90aa14c,0,10018,731978.1395423522,8.547882464324845
blend_e011_hmm_gauss_std_s100_l100_tail_w0.50,edge,ea3a0e38,2,10052,964898.7369831498,9.797485490890256
blend_e011_hmm_gauss_std_s100_l100_tail_w0.75,primary,000d7d20,0,3836,266090.21020749223,8.32866030232758
blend_e011_hmm_gauss_std_s100_l100_tail_w0.75,primary,00bbac68,2,6014,1402849.3096677056,15.272980578825301
blend_e011_hmm_gauss_std_s100_l100_tail_w0.75,primary,00e12e8b,4,4301,245644.65639971558,7.557339617690909
blend_e011_hmm_gauss_std_s100_l100_tail_w0.75,primary,03a935ae,1,2786,307201.21392351686,10.50076423437497
blend_e011_hmm_gauss_std_s100_l100_tail_w0.75,primary,060ab2b8,3,6258,79481.31397483783,3.5638116212541546
blend_e011_hmm_gauss_std_s100_l100_tail_w0.75,primary,46d24a09,4,4449,308993.05640980194,8.33380160172056
blend_e011_hmm_gauss_std_s100_l100_tail_w0.75,primary,46dfcfca,3,3606,216110.50871465937,7.741499349494222
blend_e011_hmm_gauss_std_s100_l100_tail_w0.75,primary,57796579,2,5890,217883.78626408475,6.082117547768218
blend_e011_hmm_gauss_std_s100_l100_tail_w0.75,primary,58850d2c,1,4995,2901841.7770100934,24.102889965867693
blend_e011_hmm_gauss_std_s100_l100_tail_w0.75,primary,6dbe4b60,0,4648,193755.52139610145,6.456452852216624
blend_e011_hmm_gauss_std_s100_l100_tail_w0.75,primary,995ff498,4,4526,179142.0432859848,6.291315818264114
blend_e011_hmm_gauss_std_s100_l100_tail_w0.75,primary,a7fc3e6b,2,4764,1088600.8522664711,15.116402895394815
blend_e011_hmm_gauss_std_s100_l100_tail_w0.75,primary,ae0784a8,1,7823,3047413.172093475,19.736902925608902
blend_e011_hmm_gauss_std_s100_l100_tail_w0.75,primary,b37fd114,3,8161,245247.01806455842,5.48188825979253
blend_e011_hmm_gauss_std_s100_l100_tail_w0.75,primary,c07fd0cd,0,4191,469473.4457349363,10.583923350290917
blend_e011_hmm_gauss_std_s100_l100_tail_w0.75,primary,fd710aea,2,4217,63694.774824923086,3.8864233146835763
blend_e011_hmm_gauss_std_s100_l100_tail_w0.75,primary,febb4411,4,4247,98528.86700257882,4.8166003612432995
blend_e011_hmm_gauss_std_s100_l100_tail_w0.75,primary,ff0aea78,0,3261,71227.80442435131,4.67357675276811
blend_e011_hmm_gauss_std_s100_l100_tail_w0.75,primary,ff8bb73a,1,5927,439717.9809382191,8.613301488620099
blend_e011_hmm_gauss_std_s100_l100_tail_w0.75,primary,ffefef30,3,4570,22136.77558727313,2.200893770471448
blend_e011_hmm_gauss_std_s100_l100_tail_w0.75,edge,015fe0d2,2,4296,105323.94488445527,4.951438876431108
blend_e011_hmm_gauss_std_s100_l100_tail_w0.75,edge,01869cd4,4,5557,535639.8911525002,9.817846962369913
blend_e011_hmm_gauss_std_s100_l100_tail_w0.75,edge,0dc835f3,4,4428,319455.1438442972,8.493782515949617
blend_e011_hmm_gauss_std_s100_l100_tail_w0.75,edge,25050f63,1,6124,79777.50665956487,3.609297148730245
blend_e011_hmm_gauss_std_s100_l100_tail_w0.75,edge,2be5c96a,3,4210,203468.7673292363,6.95196903581122
blend_e011_hmm_gauss_std_s100_l100_tail_w0.75,edge,86454a6f,4,7964,31356531.56218668,62.7477826244291
blend_e011_hmm_gauss_std_s100_l100_tail_w0.75,edge,89fdb2f2,0,2031,4973.648577774338,1.5648855717498236
blend_e011_hmm_gauss_std_s100_l100_tail_w0.75,edge,d07aed8f,2,2957,24427.54889655184,2.874182120158999
blend_e011_hmm_gauss_std_s100_l100_tail_w0.75,edge,d90aa14c,0,10018,676985.1586348189,8.220515645871046
blend_e011_hmm_gauss_std_s100_l100_tail_w0.75,edge,ea3a0e38,2,10052,1197074.498198142,10.912753604175341
blend_e011_likelihood_pf_384x16_w0.25,primary,000d7d20,0,3836,348357.3705021129,9.529567763418727
blend_e011_likelihood_pf_384x16_w0.25,primary,00bbac68,2,6014,1041107.7467980267,13.157280306906033
blend_e011_likelihood_pf_384x16_w0.25,primary,00e12e8b,4,4301,207116.42944237305,6.939410102095971
blend_e011_likelihood_pf_384x16_w0.25,primary,03a935ae,1,2786,1374619.4673798792,22.212666133266904
blend_e011_likelihood_pf_384x16_w0.25,primary,060ab2b8,3,6258,173459.21190111066,5.264788207586622
blend_e011_likelihood_pf_384x16_w0.25,primary,46d24a09,4,4449,314408.08579599153,8.406508382576687
blend_e011_likelihood_pf_384x16_w0.25,primary,46dfcfca,3,3606,298579.2188468703,9.09948739127294
blend_e011_likelihood_pf_384x16_w0.25,primary,57796579,2,5890,1908831.2908338762,18.002222513392915
blend_e011_likelihood_pf_384x16_w0.25,primary,58850d2c,1,4995,1088949.034195556,14.7650876954309
blend_e011_likelihood_pf_384x16_w0.25,primary,6dbe4b60,0,4648,215364.8859018964,6.806978642577871
blend_e011_likelihood_pf_384x16_w0.25,primary,995ff498,4,4526,135536.31226964336,5.472308311550076
blend_e011_likelihood_pf_384x16_w0.25,primary,a7fc3e6b,2,4764,719845.6283937423,12.292318637254517
blend_e011_likelihood_pf_384x16_w0.25,primary,ae0784a8,1,7823,222197.50950481073,5.329456580198034
blend_e011_likelihood_pf_384x16_w0.25,primary,b37fd114,3,8161,719429.7207569033,9.389068308157423
blend_e011_likelihood_pf_384x16_w0.25,primary,c07fd0cd,0,4191,80097.0259008585,4.371690066760626
blend_e011_likelihood_pf_384x16_w0.25,primary,fd710aea,2,4217,52871.13618211281,3.5408499340108226
blend_e011_likelihood_pf_384x16_w0.25,primary,febb4411,4,4247,89328.08367684051,4.58619881910847
blend_e011_likelihood_pf_384x16_w0.25,primary,ff0aea78,0,3261,344037.50381164753,10.27134920434796
blend_e011_likelihood_pf_384x16_w0.25,primary,ff8bb73a,1,5927,431692.6207238373,8.534338194398677
blend_e011_likelihood_pf_384x16_w0.25,primary,ffefef30,3,4570,168135.1286249472,6.06556317186559
blend_e011_likelihood_pf_384x16_w0.25,edge,015fe0d2,2,4296,458663.8643144947,10.332731078681103
blend_e011_likelihood_pf_384x16_w0.25,edge,01869cd4,4,5557,407846.3564327562,8.566986746213605
blend_e011_likelihood_pf_384x16_w0.25,edge,0dc835f3,4,4428,735799.9434182814,12.89068716503447
blend_e011_likelihood_pf_384x16_w0.25,edge,25050f63,1,6124,580722.966925543,9.737935869120705
blend_e011_likelihood_pf_384x16_w0.25,edge,2be5c96a,3,4210,82913.38647505769,4.437836306885602
blend_e011_likelihood_pf_384x16_w0.25,edge,86454a6f,4,7964,24228852.252307698,55.157020110244815
blend_e011_likelihood_pf_384x16_w0.25,edge,89fdb2f2,0,2031,20780.984026310987,3.198733749524969
blend_e011_likelihood_pf_384x16_w0.25,edge,d07aed8f,2,2957,18970.33478935368,2.532863790624726
blend_e011_likelihood_pf_384x16_w0.25,edge,d90aa14c,0,10018,909336.8031542478,9.527344529647749
blend_e011_likelihood_pf_384x16_w0.25,edge,ea3a0e38,2,10052,631759.7306608193,7.927746050887079
blend_e011_likelihood_pf_384x16_w0.50,primary,000d7d20,0,3836,206486.19203688213,7.336792024791015
blend_e011_likelihood_pf_384x16_w0.50,primary,00bbac68,2,6014,571453.955788357,9.747851619985157
blend_e011_likelihood_pf_384x16_w0.50,primary,00e12e8b,4,4301,226123.06307034427,7.250829760666628
blend_e011_likelihood_pf_384x16_w0.50,primary,03a935ae,1,2786,615474.3715864865,14.86327217896288
blend_e011_likelihood_pf_384x16_w0.50,primary,060ab2b8,3,6258,89463.80111001406,3.7809931781944415
blend_e011_likelihood_pf_384x16_w0.50,primary,46d24a09,4,4449,159318.12261324824,5.984135064376508
blend_e011_likelihood_pf_384x16_w0.50,primary,46dfcfca,3,3606,205621.5434073805,7.551295162193133
blend_e011_likelihood_pf_384x16_w0.50,primary,57796579,2,5890,886118.8051603795,12.265586772459358
blend_e011_likelihood_pf_384x16_w0.50,primary,58850d2c,1,4995,741871.154230784,12.186991162701176
blend_e011_likelihood_pf_384x16_w0.50,primary,6dbe4b60,0,4648,140990.69593634954,5.507597161406228
blend_e011_likelihood_pf_384x16_w0.50,primary,995ff498,4,4526,151829.49666497705,5.7918966177425855
blend_e011_likelihood_pf_384x16_w0.50,primary,a7fc3e6b,2,4764,244688.463380147,7.166727149786958
blend_e011_likelihood_pf_384x16_w0.50,primary,ae0784a8,1,7823,108525.12779550915,3.7245901279960707
blend_e011_likelihood_pf_384x16_w0.50,primary,b37fd114,3,8161,324260.78037401533,6.303409513541608
blend_e011_likelihood_pf_384x16_w0.50,primary,c07fd0cd,0,4191,178160.93924665352,6.519997307380538
blend_e011_likelihood_pf_384x16_w0.50,primary,fd710aea,2,4217,31213.03433722564,2.720609401858885
blend_e011_likelihood_pf_384x16_w0.50,primary,febb4411,4,4247,86335.26938393095,4.508717177037454
blend_e011_likelihood_pf_384x16_w0.50,primary,ff0aea78,0,3261,182253.1662971794,7.4758769016339315
blend_e011_likelihood_pf_384x16_w0.50,primary,ff8bb73a,1,5927,464630.2672849706,8.853934098880993
blend_e011_likelihood_pf_384x16_w0.50,primary,ffefef30,3,4570,73467.92166143417,4.009505163306413
blend_e011_likelihood_pf_384x16_w0.50,edge,015fe0d2,2,4296,203107.4149938095,6.875919017528983
blend_e011_likelihood_pf_384x16_w0.50,edge,01869cd4,4,5557,540578.237139375,9.863001074705183
blend_e011_likelihood_pf_384x16_w0.50,edge,0dc835f3,4,4428,411181.85431133246,9.63636328498894
blend_e011_likelihood_pf_384x16_w0.50,edge,25050f63,1,6124,277069.5391022695,6.7263087773678665
blend_e011_likelihood_pf_384x16_w0.50,edge,2be5c96a,3,4210,123563.75876770058,5.417569700983275
blend_e011_likelihood_pf_384x16_w0.50,edge,86454a6f,4,7964,23999668.94079254,54.895532196593464
blend_e011_likelihood_pf_384x16_w0.50,edge,89fdb2f2,0,2031,9928.100664595873,2.210945942778489
blend_e011_likelihood_pf_384x16_w0.50,edge,d07aed8f,2,2957,16954.875686897496,2.39453749952347
blend_e011_likelihood_pf_384x16_w0.50,edge,d90aa14c,0,10018,972367.9974807187,9.852009337677792
blend_e011_likelihood_pf_384x16_w0.50,edge,ea3a0e38,2,10052,536948.5934214301,7.308699643006971
blend_e011_likelihood_pf_384x16_w0.75,primary,000d7d20,0,3836,110522.929276613,5.367683425730954
blend_e011_likelihood_pf_384x16_w0.75,primary,00bbac68,2,6014,259074.22834267645,6.563423002285462
blend_e011_likelihood_pf_384x16_w0.75,primary,00e12e8b,4,4301,253741.0920375602,7.680874710986273
blend_e011_likelihood_pf_384x16_w0.75,primary,03a935ae,1,2786,158374.03505690832,7.539654323245691
blend_e011_likelihood_pf_384x16_w0.75,primary,060ab2b8,3,6258,43967.323386782446,2.6506185589577904
blend_e011_likelihood_pf_384x16_w0.75,primary,46d24a09,4,4449,76769.69338426435,4.1539732943263195
blend_e011_likelihood_pf_384x16_w0.75,primary,46dfcfca,3,3606,136319.7969768528,6.148463569400159
blend_e011_likelihood_pf_384x16_w0.75,primary,57796579,2,5890,308763.84642060834,7.240283535478915
blend_e011_likelihood_pf_384x16_w0.75,primary,58850d2c,1,4995,477909.2643318896,9.781489170712948
blend_e011_likelihood_pf_384x16_w0.75,primary,6dbe4b60,0,4648,148407.45963344263,5.650603132047426
blend_e011_likelihood_pf_384x16_w0.75,primary,995ff498,4,4526,180776.2552713068,6.319946736340288
blend_e011_likelihood_pf_384x16_w0.75,primary,a7fc3e6b,2,4764,84846.89317508787,4.220190891637158
blend_e011_likelihood_pf_384x16_w0.75,primary,ae0784a8,1,7823,43284.78691196113,2.3522364572371566
blend_e011_likelihood_pf_384x16_w0.75,primary,b37fd114,3,8161,139191.5087669008,4.129853844713083
blend_e011_likelihood_pf_384x16_w0.75,primary,c07fd0cd,0,4191,415407.4715480438,9.955849465027084
blend_e011_likelihood_pf_384x16_w0.75,primary,fd710aea,2,4217,40324.262547887774,3.0922985468793978
blend_e011_likelihood_pf_384x16_w0.75,primary,febb4411,4,4247,93475.59719721257,4.691459739736883
blend_e011_likelihood_pf_384x16_w0.75,primary,ff0aea78,0,3261,119852.61208148811,6.062452548687439
blend_e011_likelihood_pf_384x16_w0.75,primary,ff8bb73a,1,5927,557653.9805634508,9.69984824320427
blend_e011_likelihood_pf_384x16_w0.75,primary,ffefef30,3,4570,32763.840766067755,2.6775605657733736
blend_e011_likelihood_pf_384x16_w0.75,edge,015fe0d2,2,4296,99506.55750160402,4.812754564154169
blend_e011_likelihood_pf_384x16_w0.75,edge,01869cd4,4,5557,897618.5856625881,12.709419647994977
blend_e011_likelihood_pf_384x16_w0.75,edge,0dc835f3,4,4428,204401.6590621681,6.794201175750474
blend_e011_likelihood_pf_384x16_w0.75,edge,25050f63,1,6124,104524.85359183374,4.131351938840287
blend_e011_likelihood_pf_384x16_w0.75,edge,2be5c96a,3,4210,180562.02936985105,6.548957404100649
blend_e011_likelihood_pf_384x16_w0.75,edge,86454a6f,4,7964,23809346.122461893,54.67743192888871
blend_e011_likelihood_pf_384x16_w0.75,edge,89fdb2f2,0,2031,7957.488272520097,1.9793976117063996
blend_e011_likelihood_pf_384x16_w0.75,edge,d07aed8f,2,2957,23036.97147678902,2.7911747651773693
blend_e011_likelihood_pf_384x16_w0.75,edge,d90aa14c,0,10018,1141130.14066026,10.672768136831298
blend_e011_likelihood_pf_384x16_w0.75,edge,ea3a0e38,2,10052,510379.2338271914,7.125580615455899
blend_hmm_gauss_std_s070_l050_zero_likelihood_pf_384x16_w050,primary,000d7d20,0,3836,108041.32625676974,5.3070802417702865
blend_hmm_gauss_std_s070_l050_zero_likelihood_pf_384x16_w050,primary,00bbac68,2,6014,515513.1391178768,9.258447271506233
blend_hmm_gauss_std_s070_l050_zero_likelihood_pf_384x16_w050,primary,00e12e8b,4,4301,268098.6474724511,7.895190078953551
blend_hmm_gauss_std_s070_l050_zero_likelihood_pf_384x16_w050,primary,03a935ae,1,2786,2534.3118128380565,0.9537607981186988
blend_hmm_gauss_std_s070_l050_zero_likelihood_pf_384x16_w050,primary,060ab2b8,3,6258,249031.0336653295,6.30825086924222
blend_hmm_gauss_std_s070_l050_zero_likelihood_pf_384x16_w050,primary,46d24a09,4,4449,1081798.193497807,15.59343962356383
blend_hmm_gauss_std_s070_l050_zero_likelihood_pf_384x16_w050,primary,46dfcfca,3,3606,113693.76468339315,5.615073719861276
blend_hmm_gauss_std_s070_l050_zero_likelihood_pf_384x16_w050,primary,57796579,2,5890,191268.2267796711,5.698542195548201
blend_hmm_gauss_std_s070_l050_zero_likelihood_pf_384x16_w050,primary,58850d2c,1,4995,63212.46115775924,3.557407395692933
blend_hmm_gauss_std_s070_l050_zero_likelihood_pf_384x16_w050,primary,6dbe4b60,0,4648,204236.12270244598,6.628774096340869
blend_hmm_gauss_std_s070_l050_zero_likelihood_pf_384x16_w050,primary,995ff498,4,4526,181704.5482756598,6.336152543063871
blend_hmm_gauss_std_s070_l050_zero_likelihood_pf_384x16_w050,primary,a7fc3e6b,2,4764,93677.18341981707,4.4343608956960345
blend_hmm_gauss_std_s070_l050_zero_likelihood_pf_384x16_w050,primary,ae0784a8,1,7823,23299.969614951005,1.725802175893778
blend_hmm_gauss_std_s070_l050_zero_likelihood_pf_384x16_w050,primary,b37fd114,3,8161,121991.22747832161,3.8662738465450905
blend_hmm_gauss_std_s070_l050_zero_likelihood_pf_384x16_w050,primary,c07fd0cd,0,4191,859081.9740705596,14.317212561661757
blend_hmm_gauss_std_s070_l050_zero_likelihood_pf_384x16_w050,primary,fd710aea,2,4217,71934.64983746101,4.130163710257311
blend_hmm_gauss_std_s070_l050_zero_likelihood_pf_384x16_w050,primary,febb4411,4,4247,87551.52061724555,4.5403644669907
blend_hmm_gauss_std_s070_l050_zero_likelihood_pf_384x16_w050,primary,ff0aea78,0,3261,58045.43951532639,4.218991521179976
blend_hmm_gauss_std_s070_l050_zero_likelihood_pf_384x16_w050,primary,ff8bb73a,1,5927,486071.36072462646,9.055919493246785
blend_hmm_gauss_std_s070_l050_zero_likelihood_pf_384x16_w050,primary,ffefef30,3,4570,38641.45905414108,2.907827625532857
blend_hmm_gauss_std_s070_l050_zero_likelihood_pf_384x16_w050,edge,015fe0d2,2,4296,168283.43697554586,6.258763631981288
blend_hmm_gauss_std_s070_l050_zero_likelihood_pf_384x16_w050,edge,01869cd4,4,5557,1119445.2009590496,14.193229363153849
blend_hmm_gauss_std_s070_l050_zero_likelihood_pf_384x16_w050,edge,0dc835f3,4,4428,149495.50433552812,5.8104565807255515
blend_hmm_gauss_std_s070_l050_zero_likelihood_pf_384x16_w050,edge,25050f63,1,6124,28756.76045801745,2.166967455222854
blend_hmm_gauss_std_s070_l050_zero_likelihood_pf_384x16_w050,edge,2be5c96a,3,4210,258541.11658167554,7.836529307486595
blend_hmm_gauss_std_s070_l050_zero_likelihood_pf_384x16_w050,edge,86454a6f,4,7964,28282178.762233082,59.592390317101824
blend_hmm_gauss_std_s070_l050_zero_likelihood_pf_384x16_w050,edge,89fdb2f2,0,2031,13039.294525693002,2.5337985649507404
blend_hmm_gauss_std_s070_l050_zero_likelihood_pf_384x16_w050,edge,d07aed8f,2,2957,28112.815036004053,3.083376125518641
blend_hmm_gauss_std_s070_l050_zero_likelihood_pf_384x16_w050,edge,d90aa14c,0,10018,940218.071891638,9.68776919726769
blend_hmm_gauss_std_s070_l050_zero_likelihood_pf_384x16_w050,edge,ea3a0e38,2,10052,890500.8033658749,9.41219503498674
blend3_e011_hmm_gauss_std_s070_l050_zero_likelihood_pf_384x16_0.50_0.25_0.25,primary,000d7d20,0,3836,274542.6121474552,8.459906856565018
blend3_e011_hmm_gauss_std_s070_l050_zero_likelihood_pf_384x16_0.50_0.25_0.25,primary,00bbac68,2,6014,996829.7633706619,12.874453009781599
blend3_e011_hmm_gauss_std_s070_l050_zero_likelihood_pf_384x16_0.50_0.25_0.25,primary,00e12e8b,4,4301,212051.0226931296,7.021589960532456
blend3_e011_hmm_gauss_std_s070_l050_zero_likelihood_pf_384x16_0.50_0.25_0.25,primary,03a935ae,1,2786,611838.2113612867,14.819301786587484
blend3_e011_hmm_gauss_std_s070_l050_zero_likelihood_pf_384x16_0.50_0.25_0.25,primary,060ab2b8,3,6258,137901.54166867508,4.694256121591906
blend3_e011_hmm_gauss_std_s070_l050_zero_likelihood_pf_384x16_0.50_0.25_0.25,primary,46d24a09,4,4449,651661.8762118893,12.10263551944351
blend3_e011_hmm_gauss_std_s070_l050_zero_likelihood_pf_384x16_0.50_0.25_0.25,primary,46dfcfca,3,3606,237182.5227239256,8.110142420031272
blend3_e011_hmm_gauss_std_s070_l050_zero_likelihood_pf_384x16_0.50_0.25_0.25,primary,57796579,2,5890,795998.1911846121,11.625145388101656
blend3_e011_hmm_gauss_std_s070_l050_zero_likelihood_pf_384x16_0.50_0.25_0.25,primary,58850d2c,1,4995,530038.3652804864,10.301154636395875
blend3_e011_hmm_gauss_std_s070_l050_zero_likelihood_pf_384x16_0.50_0.25_0.25,primary,6dbe4b60,0,4648,158590.29282272822,5.841242559151114
blend3_e011_hmm_gauss_std_s070_l050_zero_likelihood_pf_384x16_0.50_0.25_0.25,primary,995ff498,4,4526,141755.99923076192,5.596460579574181
blend3_e011_hmm_gauss_std_s070_l050_zero_likelihood_pf_384x16_0.50_0.25_0.25,primary,a7fc3e6b,2,4764,557350.88256494,10.816293670513021
blend3_e011_hmm_gauss_std_s070_l050_zero_likelihood_pf_384x16_0.50_0.25_0.25,primary,ae0784a8,1,7823,118085.44866291038,3.885183421533435
blend3_e011_hmm_gauss_std_s070_l050_zero_likelihood_pf_384x16_0.50_0.25_0.25,primary,b37fd114,3,8161,362741.78724483005,6.666948575916218
blend3_e011_hmm_gauss_std_s070_l050_zero_likelihood_pf_384x16_0.50_0.25_0.25,primary,c07fd0cd,0,4191,182510.38267401,6.599103766867982
blend3_e011_hmm_gauss_std_s070_l050_zero_likelihood_pf_384x16_0.50_0.25_0.25,primary,fd710aea,2,4217,44506.573292125155,3.248705011591811
blend3_e011_hmm_gauss_std_s070_l050_zero_likelihood_pf_384x16_0.50_0.25_0.25,primary,febb4411,4,4247,81137.11860637057,4.370877750677295
blend3_e011_hmm_gauss_std_s070_l050_zero_likelihood_pf_384x16_0.50_0.25_0.25,primary,ff0aea78,0,3261,173264.35231955198,7.289188986914283
blend3_e011_hmm_gauss_std_s070_l050_zero_likelihood_pf_384x16_0.50_0.25_0.25,primary,ff8bb73a,1,5927,423596.5694952338,8.453932064547725
blend3_e011_hmm_gauss_std_s070_l050_zero_likelihood_pf_384x16_0.50_0.25_0.25,primary,ffefef30,3,4570,73833.40279944689,4.019465840804371
blend3_e011_hmm_gauss_std_s070_l050_zero_likelihood_pf_384x16_0.50_0.25_0.25,edge,015fe0d2,2,4296,173456.65188992367,6.354236037230213
blend3_e011_hmm_gauss_std_s070_l050_zero_likelihood_pf_384x16_0.50_0.25_0.25,edge,01869cd4,4,5557,482245.7249913566,9.315667837839396
blend3_e011_hmm_gauss_std_s070_l050_zero_likelihood_pf_384x16_0.50_0.25_0.25,edge,0dc835f3,4,4428,455655.2404086818,10.144120012302803
blend3_e011_hmm_gauss_std_s070_l050_zero_likelihood_pf_384x16_0.50_0.25_0.25,edge,25050f63,1,6124,272116.6488754357,6.665917985228998
blend3_e011_hmm_gauss_std_s070_l050_zero_likelihood_pf_384x16_0.50_0.25_0.25,edge,2be5c96a,3,4210,127000.87348732821,5.492401866490045
blend3_e011_hmm_gauss_std_s070_l050_zero_likelihood_pf_384x16_0.50_0.25_0.25,edge,86454a6f,4,7964,26286662.284808826,57.451595904946075
blend3_e011_hmm_gauss_std_s070_l050_zero_likelihood_pf_384x16_0.50_0.25_0.25,edge,89fdb2f2,0,2031,9439.933184093155,2.155904398055826
blend3_e011_hmm_gauss_std_s070_l050_zero_likelihood_pf_384x16_0.50_0.25_0.25,edge,d07aed8f,2,2957,15465.078039105065,2.286916962079241
blend3_e011_hmm_gauss_std_s070_l050_zero_likelihood_pf_384x16_0.50_0.25_0.25,edge,d90aa14c,0,10018,839172.5490897312,9.152402703854152
blend3_e011_hmm_gauss_std_s070_l050_zero_likelihood_pf_384x16_0.50_0.25_0.25,edge,ea3a0e38,2,10052,735495.5398324186,8.553892376825386
blend3_e011_hmm_gauss_std_s070_l050_zero_likelihood_pf_384x16_0.34_0.33_0.33,primary,000d7d20,0,3836,210916.12941267202,7.415075838484566
blend3_e011_hmm_gauss_std_s070_l050_zero_likelihood_pf_384x16_0.34_0.33_0.33,primary,00bbac68,2,6014,822148.4971539963,11.692124246563278
blend3_e011_hmm_gauss_std_s070_l050_zero_likelihood_pf_384x16_0.34_0.33_0.33,primary,00e12e8b,4,4301,225556.16671801562,7.241735048291435
blend3_e011_hmm_gauss_std_s070_l050_zero_likelihood_pf_384x16_0.34_0.33_0.33,primary,03a935ae,1,2786,284705.17089164234,10.108974975280171
blend3_e011_hmm_gauss_std_s070_l050_zero_likelihood_pf_384x16_0.34_0.33_0.33,primary,060ab2b8,3,6258,144176.031245218,4.799862028704761
blend3_e011_hmm_gauss_std_s070_l050_zero_likelihood_pf_384x16_0.34_0.33_0.33,primary,46d24a09,4,4449,754433.57193141,13.022048249044841
blend3_e011_hmm_gauss_std_s070_l050_zero_likelihood_pf_384x16_0.34_0.33_0.33,primary,46dfcfca,3,3606,191734.17632357165,7.291836208920093
blend3_e011_hmm_gauss_std_s070_l050_zero_likelihood_pf_384x16_0.34_0.33_0.33,primary,57796579,2,5890,387476.9640887417,8.110829961454215
blend3_e011_hmm_gauss_std_s070_l050_zero_likelihood_pf_384x16_0.34_0.33_0.33,primary,58850d2c,1,4995,323830.1604925235,8.051761481903583
blend3_e011_hmm_gauss_std_s070_l050_zero_likelihood_pf_384x16_0.34_0.33_0.33,primary,6dbe4b60,0,4648,145062.84873956355,5.586567380679606
blend3_e011_hmm_gauss_std_s070_l050_zero_likelihood_pf_384x16_0.34_0.33_0.33,primary,995ff498,4,4526,151265.82431847567,5.781135310569652
blend3_e011_hmm_gauss_std_s070_l050_zero_likelihood_pf_384x16_0.34_0.33_0.33,primary,a7fc3e6b,2,4764,355740.1326906321,8.641329292034996
blend3_e011_hmm_gauss_std_s070_l050_zero_likelihood_pf_384x16_0.34_0.33_0.33,primary,ae0784a8,1,7823,69102.40209657402,2.972075974754928
blend3_e011_hmm_gauss_std_s070_l050_zero_likelihood_pf_384x16_0.34_0.33_0.33,primary,b37fd114,3,8161,207234.39717956225,5.039172579325424
blend3_e011_hmm_gauss_std_s070_l050_zero_likelihood_pf_384x16_0.34_0.33_0.33,primary,c07fd0cd,0,4191,332071.16082357103,8.901367872057298
blend3_e011_hmm_gauss_std_s070_l050_zero_likelihood_pf_384x16_0.34_0.33_0.33,primary,fd710aea,2,4217,43685.21402530966,3.218588338156477
blend3_e011_hmm_gauss_std_s070_l050_zero_likelihood_pf_384x16_0.34_0.33_0.33,primary,febb4411,4,4247,80172.55925518162,4.344819542065645
blend3_e011_hmm_gauss_std_s070_l050_zero_likelihood_pf_384x16_0.34_0.33_0.33,primary,ff0aea78,0,3261,101934.90750846364,5.590955906737011
blend3_e011_hmm_gauss_std_s070_l050_zero_likelihood_pf_384x16_0.34_0.33_0.33,primary,ff8bb73a,1,5927,432956.6469162342,8.546823631146196
blend3_e011_hmm_gauss_std_s070_l050_zero_likelihood_pf_384x16_0.34_0.33_0.33,primary,ffefef30,3,4570,39969.85627679134,2.9573872301504895
blend3_e011_hmm_gauss_std_s070_l050_zero_likelihood_pf_384x16_0.34_0.33_0.33,edge,015fe0d2,2,4296,96996.21411117623,4.751658881923456
blend3_e011_hmm_gauss_std_s070_l050_zero_likelihood_pf_384x16_0.34_0.33_0.33,edge,01869cd4,4,5557,614953.3729374044,10.519640430722285
blend3_e011_hmm_gauss_std_s070_l050_zero_likelihood_pf_384x16_0.34_0.33_0.33,edge,0dc835f3,4,4428,312375.34951605863,8.399135186856766
blend3_e011_hmm_gauss_std_s070_l050_zero_likelihood_pf_384x16_0.34_0.33_0.33,edge,25050f63,1,6124,139840.54892700881,4.778581187522378
blend3_e011_hmm_gauss_std_s070_l050_zero_likelihood_pf_384x16_0.34_0.33_0.33,edge,2be5c96a,3,4210,162223.00058517378,6.207477687143411
blend3_e011_hmm_gauss_std_s070_l050_zero_likelihood_pf_384x16_0.34_0.33_0.33,edge,86454a6f,4,7964,26902841.9304251,58.12105036501866
blend3_e011_hmm_gauss_std_s070_l050_zero_likelihood_pf_384x16_0.34_0.33_0.33,edge,89fdb2f2,0,2031,6819.027176556109,1.8323407872146633
blend3_e011_hmm_gauss_std_s070_l050_zero_likelihood_pf_384x16_0.34_0.33_0.33,edge,d07aed8f,2,2957,16654.61223579135,2.3732396773279647
blend3_e011_hmm_gauss_std_s070_l050_zero_likelihood_pf_384x16_0.34_0.33_0.33,edge,d90aa14c,0,10018,848233.7593707093,9.201682900117845
blend3_e011_hmm_gauss_std_s070_l050_zero_likelihood_pf_384x16_0.34_0.33_0.33,edge,ea3a0e38,2,10052,761778.9503890601,8.705390237041318
