branch,group_system,group,wells,baseline_rmse,candidate_rmse,gain_vs_e011
mean_coefficients,legacy_spatial,0,155,12.218750409907619,14.740168523125805,-2.5214181132181857
mean_coefficients,legacy_spatial,1,155,12.469817612051196,15.390998125428734,-2.9211805133775375
mean_coefficients,legacy_spatial,2,154,12.223408124442031,14.571562658923604,-2.348154534481573
mean_coefficients,legacy_spatial,3,155,13.709339348921596,14.86797284844634,-1.1586334995247451
mean_coefficients,legacy_spatial,4,154,12.084662416025763,15.260744193148943,-3.17608177712318
mean_coefficients,legacy_typewell,0,155,13.571078992560489,15.931143649724936,-2.360064657164447
mean_coefficients,legacy_typewell,1,155,12.30272372865338,14.812978240506698,-2.5102545118533186
mean_coefficients,legacy_typewell,2,154,12.131212267231689,14.734400190194906,-2.603187922963217
mean_coefficients,legacy_typewell,3,155,12.461031794990037,15.335759455732553,-2.8747276607425167
mean_coefficients,legacy_typewell,4,154,12.275120892757055,13.910856515979184,-1.6357356232221285
mean_coefficients,legal_covariate_kmeans,0,174,12.363296172822507,14.223036710744372,-1.8597405379218657
mean_coefficients,legal_covariate_kmeans,1,203,13.208056707455144,16.25485812535022,-3.046801417895077
mean_coefficients,legal_covariate_kmeans,2,252,12.61826043000811,15.388225390556215,-2.769964960548105
mean_coefficients,legal_covariate_kmeans,3,85,11.048701977001313,12.304729899497623,-1.25602792249631
mean_coefficients,legal_covariate_kmeans,4,59,12.830704535355878,14.568124340647158,-1.73741980529128
mean_coefficients,spatial_2d_kmeans,0,214,12.54227386586102,13.650802830356255,-1.1085289644952354
mean_coefficients,spatial_2d_kmeans,1,208,12.212221581012582,14.979302084604361,-2.76708050359178
mean_coefficients,spatial_2d_kmeans,2,165,13.272411304151674,16.142038647186556,-2.8696273430348818
mean_coefficients,spatial_2d_kmeans,3,107,11.78737428483181,14.950990183219504,-3.163615898387695
mean_coefficients,spatial_2d_kmeans,4,79,13.07269041105089,15.689079758694831,-2.61638934764394
mean_coefficients,horizon_quintile,0,155,11.037767667016334,13.873834123526441,-2.836066456510107
mean_coefficients,horizon_quintile,1,155,11.607628434740098,13.363922399302847,-1.756293964562749
mean_coefficients,horizon_quintile,2,154,12.735522712114017,15.370864818929531,-2.6353421068155143
mean_coefficients,horizon_quintile,3,155,12.114556062891998,14.057243025549724,-1.9426869626577261
mean_coefficients,horizon_quintile,4,154,13.943488149424363,16.696172655821275,-2.7526845063969123
summary_ridge,legacy_spatial,0,155,12.218750409907619,12.413972064971606,-0.19522165506398714
summary_ridge,legacy_spatial,1,155,12.469817612051196,12.613370689588224,-0.14355307753702817
summary_ridge,legacy_spatial,2,154,12.223408124442031,12.470084371358238,-0.24667624691620738
summary_ridge,legacy_spatial,3,155,13.709339348921596,13.403459368675557,0.30587998024603813
summary_ridge,legacy_spatial,4,154,12.084662416025763,14.160953289946836,-2.0762908739210726
summary_ridge,legacy_typewell,0,155,13.571078992560489,13.124934090172514,0.44614490238797444
summary_ridge,legacy_typewell,1,155,12.30272372865338,12.215490093080668,0.08723363557271213
summary_ridge,legacy_typewell,2,154,12.131212267231689,14.59878656531582,-2.4675742980841306
summary_ridge,legacy_typewell,3,155,12.461031794990037,12.41800032729802,0.04303146769201582
summary_ridge,legacy_typewell,4,154,12.275120892757055,12.539290592849087,-0.26416970009203133
summary_ridge,legal_covariate_kmeans,0,174,12.363296172822507,12.578204341559369,-0.21490816873686214
summary_ridge,legal_covariate_kmeans,1,203,13.208056707455144,13.04359987803592,0.16445682941922435
summary_ridge,legal_covariate_kmeans,2,252,12.61826043000811,13.734287769062458,-1.116027339054348
summary_ridge,legal_covariate_kmeans,3,85,11.048701977001313,11.898554522567544,-0.8498525455662307
summary_ridge,legal_covariate_kmeans,4,59,12.830704535355878,12.781147775717615,0.04955675963826245
summary_ridge,spatial_2d_kmeans,0,214,12.54227386586102,14.250305263306196,-1.7080313974451755
summary_ridge,spatial_2d_kmeans,1,208,12.212221581012582,12.312107442672437,-0.09988586165985502
summary_ridge,spatial_2d_kmeans,2,165,13.272411304151674,12.748885305133518,0.5235259990181564
summary_ridge,spatial_2d_kmeans,3,107,11.78737428483181,12.106646403219006,-0.3192721183871967
summary_ridge,spatial_2d_kmeans,4,79,13.07269041105089,13.201362285478165,-0.12867187442727435
summary_ridge,horizon_quintile,0,155,11.037767667016334,11.048606823376426,-0.010839156360091806
summary_ridge,horizon_quintile,1,155,11.607628434740098,14.206504943967252,-2.5988765092271535
summary_ridge,horizon_quintile,2,154,12.735522712114017,12.631891960442013,0.10363075167200364
summary_ridge,horizon_quintile,3,155,12.114556062891998,12.354164931982064,-0.23960886909006618
summary_ridge,horizon_quintile,4,154,13.943488149424363,13.841348177433874,0.10213997199048919
summary_pls,legacy_spatial,0,155,12.218750409907619,13.310982803953207,-1.0922323940455883
summary_pls,legacy_spatial,1,155,12.469817612051196,13.974552558565923,-1.504734946514727
summary_pls,legacy_spatial,2,154,12.223408124442031,13.296833842458339,-1.073425718016308
summary_pls,legacy_spatial,3,155,13.709339348921596,14.297477798697523,-0.5881384497759274
summary_pls,legacy_spatial,4,154,12.084662416025763,13.836159639476765,-1.7514972234510022
summary_pls,legacy_typewell,0,155,13.571078992560489,14.280233758178582,-0.7091547656180932
summary_pls,legacy_typewell,1,155,12.30272372865338,13.548249435400855,-1.2455257067474754
summary_pls,legacy_typewell,2,154,12.131212267231689,13.677543685446862,-1.546331418215173
summary_pls,legacy_typewell,3,155,12.461031794990037,13.757715828667402,-1.2966840336773657
summary_pls,legacy_typewell,4,154,12.275120892757055,13.39150942513603,-1.1163885323789753
summary_pls,legal_covariate_kmeans,0,174,12.363296172822507,13.532775778836355,-1.169479606013848
summary_pls,legal_covariate_kmeans,1,203,13.208056707455144,14.55307265779892,-1.3450159503437753
summary_pls,legal_covariate_kmeans,2,252,12.61826043000811,13.821347515655159,-1.2030870856470486
summary_pls,legal_covariate_kmeans,3,85,11.048701977001313,12.256194331952877,-1.2074923549515635
summary_pls,legal_covariate_kmeans,4,59,12.830704535355878,13.314927473111473,-0.4842229377555949
summary_pls,spatial_2d_kmeans,0,214,12.54227386586102,13.828407817333265,-1.2861339514722445
summary_pls,spatial_2d_kmeans,1,208,12.212221581012582,13.422444506609018,-1.2102229255964367
summary_pls,spatial_2d_kmeans,2,165,13.272411304151674,14.08782289306951,-0.8154115889178364
summary_pls,spatial_2d_kmeans,3,107,11.78737428483181,12.789343419954509,-1.0019691351226996
summary_pls,spatial_2d_kmeans,4,79,13.07269041105089,14.93480185036744,-1.8621114393165499
summary_pls,horizon_quintile,0,155,11.037767667016334,12.587112817566627,-1.5493451505502929
summary_pls,horizon_quintile,1,155,11.607628434740098,12.721127670511608,-1.1134992357715099
summary_pls,horizon_quintile,2,154,12.735522712114017,14.138144708509826,-1.4026219963958084
summary_pls,horizon_quintile,3,155,12.114556062891998,13.355717469640485,-1.2411614067484873
summary_pls,horizon_quintile,4,154,13.943488149424363,14.825004546310526,-0.8815163968861626
summary_knn,legacy_spatial,0,155,12.218750409907619,14.774128899064639,-2.55537848915702
summary_knn,legacy_spatial,1,155,12.469817612051196,15.400911131517713,-2.9310935194665166
summary_knn,legacy_spatial,2,154,12.223408124442031,14.792759583222836,-2.5693514587808046
summary_knn,legacy_spatial,3,155,13.709339348921596,15.02299887550935,-1.3136595265877542
summary_knn,legacy_spatial,4,154,12.084662416025763,15.225886541056399,-3.141224125030636
summary_knn,legacy_typewell,0,155,13.571078992560489,15.916819243958983,-2.345740251398494
summary_knn,legacy_typewell,1,155,12.30272372865338,14.983951076148479,-2.681227347495099
summary_knn,legacy_typewell,2,154,12.131212267231689,14.70639871073181,-2.5751864435001206
summary_knn,legacy_typewell,3,155,12.461031794990037,15.575503650859677,-3.11447185586964
summary_knn,legacy_typewell,4,154,12.275120892757055,13.932621967458294,-1.6575010747012389
summary_knn,legal_covariate_kmeans,0,174,12.363296172822507,14.33239576784017,-1.9690995950176635
summary_knn,legal_covariate_kmeans,1,203,13.208056707455144,16.352308806738147,-3.144252099283003
summary_knn,legal_covariate_kmeans,2,252,12.61826043000811,15.388733416730215,-2.7704729867221047
summary_knn,legal_covariate_kmeans,3,85,11.048701977001313,12.4704449492545,-1.4217429722531865
summary_knn,legal_covariate_kmeans,4,59,12.830704535355878,14.71432727318646,-1.8836227378305814
summary_knn,spatial_2d_kmeans,0,214,12.54227386586102,13.756696510221511,-1.214422644360491
summary_knn,spatial_2d_kmeans,1,208,12.212221581012582,15.000705355770911,-2.7884837747583298
summary_knn,spatial_2d_kmeans,2,165,13.272411304151674,16.207463797617738,-2.9350524934660633
summary_knn,spatial_2d_kmeans,3,107,11.78737428483181,15.220707539651935,-3.433333254820125
summary_knn,spatial_2d_kmeans,4,79,13.07269041105089,15.612961857734797,-2.5402714466839065
summary_knn,horizon_quintile,0,155,11.037767667016334,13.86324256334956,-2.825474896333226
summary_knn,horizon_quintile,1,155,11.607628434740098,13.388257234309394,-1.7806287995692962
summary_knn,horizon_quintile,2,154,12.735522712114017,15.336418904414899,-2.6008961923008815
summary_knn,horizon_quintile,3,155,12.114556062891998,14.224186799987745,-2.109630737095747
summary_knn,horizon_quintile,4,154,13.943488149424363,16.851951253361356,-2.9084631039369935
raw_binned_ridge,legacy_spatial,0,155,12.218750409907619,13.610034164872287,-1.3912837549646682
raw_binned_ridge,legacy_spatial,1,155,12.469817612051196,13.908570722447088,-1.4387531103958917
raw_binned_ridge,legacy_spatial,2,154,12.223408124442031,13.568816077492883,-1.3454079530508523
raw_binned_ridge,legacy_spatial,3,155,13.709339348921596,13.345405420693647,0.363933928227949
raw_binned_ridge,legacy_spatial,4,154,12.084662416025763,15.0902636767326,-3.005601260706838
raw_binned_ridge,legacy_typewell,0,155,13.571078992560489,13.670512709354766,-0.0994337167942767
raw_binned_ridge,legacy_typewell,1,155,12.30272372865338,14.656873382356613,-2.3541496537032334
raw_binned_ridge,legacy_typewell,2,154,12.131212267231689,13.586825285486302,-1.4556130182546134
raw_binned_ridge,legacy_typewell,3,155,12.461031794990037,14.98094671195647,-2.5199149169664334
raw_binned_ridge,legacy_typewell,4,154,12.275120892757055,12.459357576520246,-0.18423668376319036
raw_binned_ridge,legal_covariate_kmeans,0,174,12.363296172822507,13.093548244486378,-0.7302520716638714
raw_binned_ridge,legal_covariate_kmeans,1,203,13.208056707455144,15.481595795975796,-2.2735390885206517
raw_binned_ridge,legal_covariate_kmeans,2,252,12.61826043000811,14.144069682977065,-1.5258092529689549
raw_binned_ridge,legal_covariate_kmeans,3,85,11.048701977001313,11.429830853568149,-0.3811288765668355
raw_binned_ridge,legal_covariate_kmeans,4,59,12.830704535355878,13.233900103125025,-0.40319556776914744
raw_binned_ridge,spatial_2d_kmeans,0,214,12.54227386586102,13.308166614790732,-0.765892748929712
raw_binned_ridge,spatial_2d_kmeans,1,208,12.212221581012582,13.741895464201653,-1.529673883189071
raw_binned_ridge,spatial_2d_kmeans,2,165,13.272411304151674,15.140056706387886,-1.867645402236212
raw_binned_ridge,spatial_2d_kmeans,3,107,11.78737428483181,13.126502381599488,-1.3391280967676789
raw_binned_ridge,spatial_2d_kmeans,4,79,13.07269041105089,14.276951044034552,-1.2042606329836616
raw_binned_ridge,horizon_quintile,0,155,11.037767667016334,12.975356979568472,-1.937589312552138
raw_binned_ridge,horizon_quintile,1,155,11.607628434740098,13.350495468842274,-1.7428670341021757
raw_binned_ridge,horizon_quintile,2,154,12.735522712114017,14.496355497583671,-1.7608327854696544
raw_binned_ridge,horizon_quintile,3,155,12.114556062891998,12.96257100180375,-0.8480149389117528
raw_binned_ridge,horizon_quintile,4,154,13.943488149424363,14.924492939772454,-0.9810047903480914
summary_plus_raw_ridge,legacy_spatial,0,155,12.218750409907619,13.518857141837605,-1.3001067319299864
summary_plus_raw_ridge,legacy_spatial,1,155,12.469817612051196,13.705262899360223,-1.2354452873090267
summary_plus_raw_ridge,legacy_spatial,2,154,12.223408124442031,13.423012024863443,-1.1996039004214119
summary_plus_raw_ridge,legacy_spatial,3,155,13.709339348921596,13.20693825518782,0.5024010937337753
summary_plus_raw_ridge,legacy_spatial,4,154,12.084662416025763,14.964711601910391,-2.880049185884628
summary_plus_raw_ridge,legacy_typewell,0,155,13.571078992560489,13.424084860656244,0.14699413190424515
summary_plus_raw_ridge,legacy_typewell,1,155,12.30272372865338,14.449759596951552,-2.147035868298172
summary_plus_raw_ridge,legacy_typewell,2,154,12.131212267231689,13.451331395166308,-1.3201191279346194
summary_plus_raw_ridge,legacy_typewell,3,155,12.461031794990037,14.908217237874705,-2.4471854428846687
summary_plus_raw_ridge,legacy_typewell,4,154,12.275120892757055,12.434049536716701,-0.158928643959646
summary_plus_raw_ridge,legal_covariate_kmeans,0,174,12.363296172822507,12.993786252305492,-0.6304900794829855
summary_plus_raw_ridge,legal_covariate_kmeans,1,203,13.208056707455144,15.406810410330674,-2.19875370287553
summary_plus_raw_ridge,legal_covariate_kmeans,2,252,12.61826043000811,13.85775344766934,-1.2394930176612302
summary_plus_raw_ridge,legal_covariate_kmeans,3,85,11.048701977001313,11.497472807249201,-0.4487708302478879
summary_plus_raw_ridge,legal_covariate_kmeans,4,59,12.830704535355878,13.08536424463097,-0.2546597092750922
summary_plus_raw_ridge,spatial_2d_kmeans,0,214,12.54227386586102,13.20763268639265,-0.6653588205316296
summary_plus_raw_ridge,spatial_2d_kmeans,1,208,12.212221581012582,13.591614631307783,-1.3793930502952012
summary_plus_raw_ridge,spatial_2d_kmeans,2,165,13.272411304151674,14.973645524422611,-1.701234220270937
summary_plus_raw_ridge,spatial_2d_kmeans,3,107,11.78737428483181,12.977572269450905,-1.190197984619095
summary_plus_raw_ridge,spatial_2d_kmeans,4,79,13.07269041105089,14.149025940707832,-1.0763355296569408
summary_plus_raw_ridge,horizon_quintile,0,155,11.037767667016334,12.648199027114867,-1.6104313600985325
summary_plus_raw_ridge,horizon_quintile,1,155,11.607628434740098,13.344550203790142,-1.7369217690500438
summary_plus_raw_ridge,horizon_quintile,2,154,12.735522712114017,14.362685085071725,-1.6271623729577076
summary_plus_raw_ridge,horizon_quintile,3,155,12.114556062891998,12.967209680413319,-0.8526536175213213
summary_plus_raw_ridge,horizon_quintile,4,154,13.943488149424363,14.679805057590103,-0.7363169081657404
privileged_geology_ridge,legacy_spatial,0,155,12.218750409907619,11.823016661683194,0.39573374822442453
privileged_geology_ridge,legacy_spatial,1,155,12.469817612051196,12.314318830086032,0.1554987819651643
privileged_geology_ridge,legacy_spatial,2,154,12.223408124442031,10.903026205330898,1.3203819191111332
privileged_geology_ridge,legacy_spatial,3,155,13.709339348921596,10.786885679714011,2.9224536692075844
privileged_geology_ridge,legacy_spatial,4,154,12.084662416025763,10.704684316656508,1.3799780993692554
privileged_geology_ridge,legacy_typewell,0,155,13.571078992560489,11.484960281606073,2.086118710954416
privileged_geology_ridge,legacy_typewell,1,155,12.30272372865338,10.691210667237717,1.6115130614156623
privileged_geology_ridge,legacy_typewell,2,154,12.131212267231689,11.738655491817495,0.3925567754141941
privileged_geology_ridge,legacy_typewell,3,155,12.461031794990037,10.76695975972065,1.6940720352693859
privileged_geology_ridge,legacy_typewell,4,154,12.275120892757055,11.850655325141688,0.4244655676153677
privileged_geology_ridge,legal_covariate_kmeans,0,174,12.363296172822507,11.32938643525057,1.0339097375719373
privileged_geology_ridge,legal_covariate_kmeans,1,203,13.208056707455144,12.009765140367348,1.1982915670877965
privileged_geology_ridge,legal_covariate_kmeans,2,252,12.61826043000811,10.956970933530451,1.661289496477659
privileged_geology_ridge,legal_covariate_kmeans,3,85,11.048701977001313,10.637231934264204,0.4114700427371094
privileged_geology_ridge,legal_covariate_kmeans,4,59,12.830704535355878,11.405099233868645,1.4256053014872325
privileged_geology_ridge,spatial_2d_kmeans,0,214,12.54227386586102,10.697552590278258,1.8447212755827618
privileged_geology_ridge,spatial_2d_kmeans,1,208,12.212221581012582,12.221372570112623,-0.009150989100040974
privileged_geology_ridge,spatial_2d_kmeans,2,165,13.272411304151674,10.816178302357422,2.456233001794253
privileged_geology_ridge,spatial_2d_kmeans,3,107,11.78737428483181,10.761838437666533,1.0255358471652762
privileged_geology_ridge,spatial_2d_kmeans,4,79,13.07269041105089,12.121252363339057,0.951438047711834
privileged_geology_ridge,horizon_quintile,0,155,11.037767667016334,9.972794217846795,1.064973449169539
privileged_geology_ridge,horizon_quintile,1,155,11.607628434740098,9.522915121567742,2.0847133131723563
privileged_geology_ridge,horizon_quintile,2,154,12.735522712114017,11.53433574426862,1.2011869678453966
privileged_geology_ridge,horizon_quintile,3,155,12.114556062891998,11.363979840989666,0.7505762219023318
privileged_geology_ridge,horizon_quintile,4,154,13.943488149424363,12.682494740819054,1.2609934086053087
shuffled_target_control,legacy_spatial,0,155,12.218750409907619,14.738185183610165,-2.519434773702546
shuffled_target_control,legacy_spatial,1,155,12.469817612051196,15.419551001734177,-2.949733389682981
shuffled_target_control,legacy_spatial,2,154,12.223408124442031,14.577964363919921,-2.3545562394778905
shuffled_target_control,legacy_spatial,3,155,13.709339348921596,15.000853082169039,-1.2915137332474433
shuffled_target_control,legacy_spatial,4,154,12.084662416025763,15.313821494562541,-3.229159078536778
shuffled_target_control,legacy_typewell,0,155,13.571078992560489,15.927139427448797,-2.356060434888308
shuffled_target_control,legacy_typewell,1,155,12.30272372865338,14.813099393254504,-2.510375664601124
shuffled_target_control,legacy_typewell,2,154,12.131212267231689,14.774262653868796,-2.643050386637107
shuffled_target_control,legacy_typewell,3,155,12.461031794990037,15.41032188622087,-2.949290091230834
shuffled_target_control,legacy_typewell,4,154,12.275120892757055,14.020881885302847,-1.745760992545792
shuffled_target_control,legal_covariate_kmeans,0,174,12.363296172822507,14.180051308435864,-1.8167551356133576
shuffled_target_control,legal_covariate_kmeans,1,203,13.208056707455144,16.291981907883756,-3.0839252004286113
shuffled_target_control,legal_covariate_kmeans,2,252,12.61826043000811,15.459754908494707,-2.841494478486597
shuffled_target_control,legal_covariate_kmeans,3,85,11.048701977001313,12.364651976533569,-1.3159499995322559
shuffled_target_control,legal_covariate_kmeans,4,59,12.830704535355878,14.747607515005738,-1.9169029796498602
shuffled_target_control,spatial_2d_kmeans,0,214,12.54227386586102,13.6648849397759,-1.1226110739148805
shuffled_target_control,spatial_2d_kmeans,1,208,12.212221581012582,14.99462745669277,-2.7824058756801886
shuffled_target_control,spatial_2d_kmeans,2,165,13.272411304151674,16.276939609262946,-3.004528305111272
shuffled_target_control,spatial_2d_kmeans,3,107,11.78737428483181,14.990739262960362,-3.203364978128553
shuffled_target_control,spatial_2d_kmeans,4,79,13.07269041105089,15.674947927054877,-2.602257516003986
shuffled_target_control,horizon_quintile,0,155,11.037767667016334,13.909403821007235,-2.8716361539909006
shuffled_target_control,horizon_quintile,1,155,11.607628434740098,13.372813606509789,-1.7651851717696907
shuffled_target_control,horizon_quintile,2,154,12.735522712114017,15.501511005305169,-2.7659882931911515
shuffled_target_control,horizon_quintile,3,155,12.114556062891998,14.075028217954657,-1.960472155062659
shuffled_target_control,horizon_quintile,4,154,13.943488149424363,16.71863822691565,-2.775150077491288
sign_flipped_control,legacy_spatial,0,155,12.218750409907619,20.920327701735292,-8.701577291827673
sign_flipped_control,legacy_spatial,1,155,12.469817612051196,22.38350511660051,-9.913687504549314
sign_flipped_control,legacy_spatial,2,154,12.223408124442031,19.994725455702902,-7.771317331260871
sign_flipped_control,legacy_spatial,3,155,13.709339348921596,20.446208348480702,-6.736868999559107
sign_flipped_control,legacy_spatial,4,154,12.084662416025763,23.03649511933277,-10.951832703307007
sign_flipped_control,legacy_typewell,0,155,13.571078992560489,21.656355179580686,-8.085276187020197
sign_flipped_control,legacy_typewell,1,155,12.30272372865338,20.388159433818977,-8.085435705165597
sign_flipped_control,legacy_typewell,2,154,12.131212267231689,22.314676849109908,-10.18346458187822
sign_flipped_control,legacy_typewell,3,155,12.461031794990037,21.932635823248297,-9.47160402825826
sign_flipped_control,legacy_typewell,4,154,12.275120892757055,20.315383112742552,-8.040262219985497
sign_flipped_control,legal_covariate_kmeans,0,174,12.363296172822507,19.229535382397067,-6.866239209574561
sign_flipped_control,legal_covariate_kmeans,1,203,13.208056707455144,22.71174847531938,-9.503691767864234
sign_flipped_control,legal_covariate_kmeans,2,252,12.61826043000811,22.563780455998472,-9.945520025990362
sign_flipped_control,legal_covariate_kmeans,3,85,11.048701977001313,18.655437404368282,-7.606735427366969
sign_flipped_control,legal_covariate_kmeans,4,59,12.830704535355878,21.464289463822503,-8.633584928466625
sign_flipped_control,spatial_2d_kmeans,0,214,12.54227386586102,19.03114305787861,-6.488869192017589
sign_flipped_control,spatial_2d_kmeans,1,208,12.212221581012582,21.059086211452943,-8.846864630440361
sign_flipped_control,spatial_2d_kmeans,2,165,13.272411304151674,23.093754492336565,-9.82134318818489
sign_flipped_control,spatial_2d_kmeans,3,107,11.78737428483181,22.48952960030258,-10.702155315470769
sign_flipped_control,spatial_2d_kmeans,4,79,13.07269041105089,22.504483961204063,-9.431793550153172
sign_flipped_control,horizon_quintile,0,155,11.037767667016334,19.856434255430177,-8.818666588413842
sign_flipped_control,horizon_quintile,1,155,11.607628434740098,19.959238658897746,-8.351610224157648
sign_flipped_control,horizon_quintile,2,154,12.735522712114017,21.281193235992063,-8.545670523878046
sign_flipped_control,horizon_quintile,3,155,12.114556062891998,19.320292080639916,-7.205736017747919
sign_flipped_control,horizon_quintile,4,154,13.943488149424363,24.250921380039614,-10.307433230615251
