context,branch,parameter,feature_count,alpha,inner_tvt_rmse,components,neighbors,inner_pseudo_coefficient_rmse
v1_f0,mean_coefficients,outer_training_mean,,,,,,
v1_f0,summary_ridge,,96,1.0,14.374595682822008,,,
v1_f0,summary_pls,,,,15.128402881412311,16,,
v1_f0,summary_knn,,32,,15.343325052123818,,33,
v1_f0,raw_binned_ridge,,,1000.0,14.411536956568202,,,
v1_f0,summary_plus_raw_ridge,,,1000.0,14.279325000788518,,,
v1_f0,privileged_geology_ridge,,,0.1,11.203172071183172,,,
v1_f0,shuffled_target_control,,142,1000.0,,,,16.060976782157322
v1_f1,mean_coefficients,outer_training_mean,,,,,,
v1_f1,summary_ridge,,142,1.0,12.577075255871387,,,
v1_f1,summary_pls,,,,15.4676875315263,16,,
v1_f1,summary_knn,,32,,15.722663362156071,,33,
v1_f1,raw_binned_ridge,,,1000.0,14.992182179294185,,,
v1_f1,summary_plus_raw_ridge,,,1000.0,14.950818925223663,,,
v1_f1,privileged_geology_ridge,,,0.1,11.786141893556161,,,
v1_f1,shuffled_target_control,,32,1000.0,,,,15.304990293586833
v1_f2,mean_coefficients,outer_training_mean,,,,,,
v1_f2,summary_ridge,,142,1.0,12.841675578062436,,,
v1_f2,summary_pls,,,,14.358093862563273,16,,
v1_f2,summary_knn,,32,,14.921593958320505,,33,
v1_f2,raw_binned_ridge,,,1000.0,14.23152852316739,,,
v1_f2,summary_plus_raw_ridge,,,1000.0,14.135406114279522,,,
v1_f2,privileged_geology_ridge,,,0.1,10.312227864048564,,,
v1_f2,shuffled_target_control,,96,1000.0,,,,16.465733910523817
v1_f3,mean_coefficients,outer_training_mean,,,,,,
v1_f3,summary_ridge,,142,1.0,12.56137108822122,,,
v1_f3,summary_pls,,,,14.349268664735565,16,,
v1_f3,summary_knn,,64,,15.003033004223786,,33,
v1_f3,raw_binned_ridge,,,1000.0,13.83015756507754,,,
v1_f3,summary_plus_raw_ridge,,,1000.0,13.584951842567582,,,
v1_f3,privileged_geology_ridge,,,0.1,11.769666836403344,,,
v1_f3,shuffled_target_control,,32,1000.0,,,,15.541615160398667
v1_f4,mean_coefficients,outer_training_mean,,,,,,
v1_f4,summary_ridge,,142,1.0,13.196058237787279,,,
v1_f4,summary_pls,,,,14.655806491295596,16,,
v1_f4,summary_knn,,96,,13.91956935722099,,33,
v1_f4,raw_binned_ridge,,,1000.0,13.395258534977112,,,
v1_f4,summary_plus_raw_ridge,,,1000.0,13.439211121554749,,,
v1_f4,privileged_geology_ridge,,,0.1,11.273030660889948,,,
v1_f4,shuffled_target_control,,32,1000.0,,,,16.704909453297894
v2_f0,mean_coefficients,outer_training_mean,,,,,,
v2_f0,summary_ridge,,142,1.0,13.176476954964699,,,
v2_f0,summary_pls,,,,14.498853246781094,16,,
v2_f0,summary_knn,,64,,15.231162321610968,,33,
v2_f0,raw_binned_ridge,,,1000.0,13.57621607363819,,,
v2_f0,summary_plus_raw_ridge,,,1000.0,13.514030233624148,,,
v2_f0,privileged_geology_ridge,,,0.1,11.173009541396677,,,
v2_f0,shuffled_target_control,,32,1000.0,,,,15.631918442697023
v2_f1,mean_coefficients,outer_training_mean,,,,,,
v2_f1,summary_ridge,,142,1.0,13.021533332079953,,,
v2_f1,summary_pls,,,,14.873808142879554,16,,
v2_f1,summary_knn,,32,,14.458078373751825,,33,
v2_f1,raw_binned_ridge,,,1000.0,13.736606784550142,,,
v2_f1,summary_plus_raw_ridge,,,1000.0,13.68816006421528,,,
v2_f1,privileged_geology_ridge,,,1.0,11.733417942760736,,,
v2_f1,shuffled_target_control,,32,1000.0,,,,16.67922043368146
v2_f2,mean_coefficients,outer_training_mean,,,,,,
v2_f2,summary_ridge,,142,10.0,14.906649460187055,,,
v2_f2,summary_pls,,,,14.913916942295028,16,,
v2_f2,summary_knn,,64,,15.13031312295814,,33,
v2_f2,raw_binned_ridge,,,1000.0,15.037130049982053,,,
v2_f2,summary_plus_raw_ridge,,,1000.0,14.889609365520514,,,
v2_f2,privileged_geology_ridge,,,0.1,11.89410437872464,,,
v2_f2,shuffled_target_control,,32,1000.0,,,,15.548655269117328
v2_f3,mean_coefficients,outer_training_mean,,,,,,
v2_f3,summary_ridge,,142,1.0,13.710851707719119,,,
v2_f3,summary_pls,,,,14.574530565972967,16,,
v2_f3,summary_knn,,32,,15.031663065561498,,33,
v2_f3,raw_binned_ridge,,,1000.0,14.315195432240161,,,
v2_f3,summary_plus_raw_ridge,,,1000.0,14.12657586725096,,,
v2_f3,privileged_geology_ridge,,,10.0,11.582121303430798,,,
v2_f3,shuffled_target_control,,32,1000.0,,,,16.21429537052916
v2_f4,mean_coefficients,outer_training_mean,,,,,,
v2_f4,summary_ridge,,142,1.0,12.657181993847498,,,
v2_f4,summary_pls,,,,14.790677250620643,16,,
v2_f4,summary_knn,,96,,14.89957241961573,,33,
v2_f4,raw_binned_ridge,,,1000.0,14.288606677397588,,,
v2_f4,summary_plus_raw_ridge,,,1000.0,14.346152912106254,,,
v2_f4,privileged_geology_ridge,,,1.0,9.826411673009149,,,
v2_f4,shuffled_target_control,,32,1000.0,,,,14.106917001164355
v3_f0,mean_coefficients,outer_training_mean,,,,,,
v3_f0,summary_ridge,,142,1.0,12.550372121525951,,,
v3_f0,summary_pls,,,,14.367842074314483,2,,
v3_f0,summary_knn,,96,,14.015027255423863,,33,
v3_f0,raw_binned_ridge,,,1000.0,13.203084788513644,,,
v3_f0,summary_plus_raw_ridge,,,1000.0,13.089206433791148,,,
v3_f0,privileged_geology_ridge,,,0.1,11.195143186648979,,,
v3_f0,shuffled_target_control,,32,1000.0,,,,14.962298023806506
v3_f1,mean_coefficients,outer_training_mean,,,,,,
v3_f1,summary_ridge,,142,1.0,12.915569860699863,,,
v3_f1,summary_pls,,,,13.711922960687662,16,,
v3_f1,summary_knn,,96,,15.672130212543044,,33,
v3_f1,raw_binned_ridge,,,1000.0,13.824906817755092,,,
v3_f1,summary_plus_raw_ridge,,,1000.0,13.651513167516107,,,
v3_f1,privileged_geology_ridge,,,10.0,11.052289213429704,,,
v3_f1,shuffled_target_control,,32,1000.0,,,,16.003865695498607
v3_f2,mean_coefficients,outer_training_mean,,,,,,
v3_f2,summary_ridge,,142,10.0,14.852742013730296,,,
v3_f2,summary_pls,,,,15.047444667876032,16,,
v3_f2,summary_knn,,96,,15.611933331550762,,17,
v3_f2,raw_binned_ridge,,,1000.0,15.110461738923222,,,
v3_f2,summary_plus_raw_ridge,,,1000.0,15.073804362810245,,,
v3_f2,privileged_geology_ridge,,,0.1,11.813824251039273,,,
v3_f2,shuffled_target_control,,32,1000.0,,,,16.052096571300165
v3_f3,mean_coefficients,outer_training_mean,,,,,,
v3_f3,summary_ridge,,142,1.0,12.245689611934989,,,
v3_f3,summary_pls,,,,13.482810465618158,16,,
v3_f3,summary_knn,,32,,13.998510809797486,,33,
v3_f3,raw_binned_ridge,,,1000.0,12.898417749743782,,,
v3_f3,summary_plus_raw_ridge,,,1000.0,12.90258355133187,,,
v3_f3,privileged_geology_ridge,,,1.0,10.055916844702152,,,
v3_f3,shuffled_target_control,,32,1000.0,,,,16.580300657285225
v3_f4,mean_coefficients,outer_training_mean,,,,,,
v3_f4,summary_ridge,,142,1.0,12.97149916585357,,,
v3_f4,summary_pls,,,,14.783291914976095,16,,
v3_f4,summary_knn,,64,,15.462604487104198,,17,
v3_f4,raw_binned_ridge,,,1000.0,14.437042353569904,,,
v3_f4,summary_plus_raw_ridge,,,1000.0,14.40935247837864,,,
v3_f4,privileged_geology_ridge,,,0.1,12.310000051087316,,,
v3_f4,shuffled_target_control,,32,1000.0,,,,15.307770239436373
v4_f0,mean_coefficients,outer_training_mean,,,,,,
v4_f0,summary_ridge,,142,1.0,14.55846955794099,,,
v4_f0,summary_pls,,,,15.723080270943003,16,,
v4_f0,summary_knn,,32,,15.441843486341789,,17,
v4_f0,raw_binned_ridge,,,1000.0,14.075645540123904,,,
v4_f0,summary_plus_raw_ridge,,,1000.0,13.797220775350393,,,
v4_f0,privileged_geology_ridge,,,100.0,11.705218690908486,,,
v4_f0,shuffled_target_control,,32,1000.0,,,,15.354865304080818
v4_f1,mean_coefficients,outer_training_mean,,,,,,
v4_f1,summary_ridge,,142,10.0,13.722177663995447,,,
v4_f1,summary_pls,,,,14.150702804929695,2,,
v4_f1,summary_knn,,96,,14.002534170414034,,33,
v4_f1,raw_binned_ridge,,,1000.0,13.46964563311188,,,
v4_f1,summary_plus_raw_ridge,,,1000.0,13.45179353857056,,,
v4_f1,privileged_geology_ridge,,,0.1,11.004265866969106,,,
v4_f1,shuffled_target_control,,32,1000.0,,,,17.430104497008237
v4_f2,mean_coefficients,outer_training_mean,,,,,,
v4_f2,summary_ridge,,142,1.0,12.501971533753467,,,
v4_f2,summary_pls,,,,13.81146192533528,16,,
v4_f2,summary_knn,,32,,13.542321741817416,,33,
v4_f2,raw_binned_ridge,,,1000.0,13.11919067971082,,,
v4_f2,summary_plus_raw_ridge,,,1000.0,13.016322882287621,,,
v4_f2,privileged_geology_ridge,,,0.1,10.533281145571685,,,
v4_f2,shuffled_target_control,,32,1000.0,,,,16.652375498111404
v4_f3,mean_coefficients,outer_training_mean,,,,,,
v4_f3,summary_ridge,,142,1.0,13.695017922655216,,,
v4_f3,summary_pls,,,,14.513283016505412,16,,
v4_f3,summary_knn,,32,,16.034692466414867,,33,
v4_f3,raw_binned_ridge,,,1000.0,15.076742649991118,,,
v4_f3,summary_plus_raw_ridge,,,1000.0,14.886349302386943,,,
v4_f3,privileged_geology_ridge,,,1.0,11.984952261235271,,,
v4_f3,shuffled_target_control,,32,1000.0,,,,16.293660281089704
v4_f4,mean_coefficients,outer_training_mean,,,,,,
v4_f4,summary_ridge,,142,1.0,12.916300361286304,,,
v4_f4,summary_pls,,,,15.418970170718064,16,,
v4_f4,summary_knn,,96,,15.83934439256004,,17,
v4_f4,raw_binned_ridge,,,1000.0,15.200017338416883,,,
v4_f4,summary_plus_raw_ridge,,,1000.0,15.285017016768075,,,
v4_f4,privileged_geology_ridge,,,100.0,11.849112792520287,,,
v4_f4,shuffled_target_control,,64,1000.0,,,,17.146570061039643
v5_f0,mean_coefficients,outer_training_mean,,,,,,
v5_f0,summary_ridge,,142,1.0,12.2549040424591,,,
v5_f0,summary_pls,,,,13.700067690820273,16,,
v5_f0,summary_knn,,32,,13.428494978604473,,33,
v5_f0,raw_binned_ridge,,,1000.0,13.67707825851995,,,
v5_f0,summary_plus_raw_ridge,,,1000.0,13.612400160899096,,,
v5_f0,privileged_geology_ridge,,,100.0,10.47712842513007,,,
v5_f0,shuffled_target_control,,142,1000.0,,,,14.707406746559185
v5_f1,mean_coefficients,outer_training_mean,,,,,,
v5_f1,summary_ridge,,142,10.0,13.44138443627964,,,
v5_f1,summary_pls,,,,14.089221734757432,16,,
v5_f1,summary_knn,,96,,14.694952936243329,,33,
v5_f1,raw_binned_ridge,,,1000.0,13.713980605120557,,,
v5_f1,summary_plus_raw_ridge,,,1000.0,13.518724800091674,,,
v5_f1,privileged_geology_ridge,,,100.0,11.444471900184398,,,
v5_f1,shuffled_target_control,,64,1000.0,,,,16.519822042515088
v5_f2,mean_coefficients,outer_training_mean,,,,,,
v5_f2,summary_ridge,,142,10.0,14.05060839880522,,,
v5_f2,summary_pls,,,,14.368900062240762,16,,
v5_f2,summary_knn,,64,,14.691374847866639,,33,
v5_f2,raw_binned_ridge,,,1000.0,14.13833804318306,,,
v5_f2,summary_plus_raw_ridge,,,1000.0,14.110633209475813,,,
v5_f2,privileged_geology_ridge,,,0.1,12.478780436132693,,,
v5_f2,shuffled_target_control,,32,1000.0,,,,14.136781353283682
v5_f3,mean_coefficients,outer_training_mean,,,,,,
v5_f3,summary_ridge,,142,1.0,13.556149183488337,,,
v5_f3,summary_pls,,,,15.970067777170632,16,,
v5_f3,summary_knn,,96,,16.010972260422548,,33,
v5_f3,raw_binned_ridge,,,1000.0,14.465115999945032,,,
v5_f3,summary_plus_raw_ridge,,,1000.0,14.372674064817717,,,
v5_f3,privileged_geology_ridge,,,10.0,11.488000190813702,,,
v5_f3,shuffled_target_control,,32,1000.0,,,,15.893001096988774
v5_f4,mean_coefficients,outer_training_mean,,,,,,
v5_f4,summary_ridge,,142,1.0,12.361996976148744,,,
v5_f4,summary_pls,,,,14.300991792475667,16,,
v5_f4,summary_knn,,32,,15.607626866104555,,33,
v5_f4,raw_binned_ridge,,,1000.0,14.68587523792985,,,
v5_f4,summary_plus_raw_ridge,,,1000.0,14.578547334119966,,,
v5_f4,privileged_geology_ridge,,,0.1,11.038553702256587,,,
v5_f4,shuffled_target_control,,32,1000.0,,,,15.170368395328094
