context,branch,wells,baseline_rmse,rmse,gain_vs_e011,selected_family
v1_f0,robust_alignment,159,11.941195589222815,13.735759100455288,-1.7945635112324734,
v1_f0,pointwise_ridge,159,11.941195589222815,11.926742821596658,0.01445276762615677,
v1_f0,pointwise_hgb,159,11.941195589222815,12.578081595681507,-0.6368860064586919,
v1_f0,pointwise_extra_trees,159,11.941195589222815,12.617108746264343,-0.6759131570415278,
v1_f0,pairwise_logistic,159,11.941195589222815,11.927251857734904,0.013943731487911393,
v1_f0,nested_best,159,11.941195589222815,12.578081595681509,-0.6368860064586936,pointwise_hgb
v1_f0,reversed_typewell_gr,159,11.941195589222815,11.966777367438679,-0.02558177821586405,pointwise_ridge
v1_f0,circular_shift_hidden_gr,159,11.941195589222815,11.974683674281348,-0.033488085058532846,pairwise_logistic
v1_f0,action_prior_only,159,11.941195589222815,11.941195589222815,0.0,pointwise_ridge
v1_f0,shuffled_within_well_training_losses,159,11.941195589222815,13.735759100455288,-1.7945635112324734,robust_alignment
v1_f0,sign_flipped_selected_action,159,11.941195589222815,13.33590672280671,-1.394711133583895,
v1_f0,candidate_oracle,159,11.941195589222815,4.571822180789072,7.369373408433743,
v1_f1,robust_alignment,156,12.845453402825548,14.694430877897199,-1.848977475071651,
v1_f1,pointwise_ridge,156,12.845453402825548,12.747907599870116,0.09754580295543214,
v1_f1,pointwise_hgb,156,12.845453402825548,12.759696061061947,0.0857573417636015,
v1_f1,pointwise_extra_trees,156,12.845453402825548,13.047652530885118,-0.2021991280595703,
v1_f1,pairwise_logistic,156,12.845453402825548,12.857110162816308,-0.011656759990760435,
v1_f1,nested_best,156,12.845453402825548,12.85711016281631,-0.011656759990762211,pairwise_logistic
v1_f1,reversed_typewell_gr,156,12.845453402825548,12.871379727173032,-0.025926324347484098,pairwise_logistic
v1_f1,circular_shift_hidden_gr,156,12.845453402825548,12.772956575872707,0.07249682695284143,pairwise_logistic
v1_f1,action_prior_only,156,12.845453402825548,12.84545340282555,-1.7763568394002505e-15,pointwise_ridge
v1_f1,shuffled_within_well_training_losses,156,12.845453402825548,14.694430877897199,-1.848977475071651,robust_alignment
v1_f1,sign_flipped_selected_action,156,12.845453402825548,12.99609592408987,-0.15064252126432187,
v1_f1,candidate_oracle,156,12.845453402825548,4.707560602204191,8.137892800621357,
v1_f2,robust_alignment,154,12.747032396803855,15.279278133824212,-2.5322457370203573,
v1_f2,pointwise_ridge,154,12.747032396803855,12.819629428414446,-0.0725970316105915,
v1_f2,pointwise_hgb,154,12.747032396803855,12.481316527605394,0.2657158691984609,
v1_f2,pointwise_extra_trees,154,12.747032396803855,12.991533787535552,-0.2445013907316973,
v1_f2,pairwise_logistic,154,12.747032396803855,12.676510263625708,0.07052213317814626,
v1_f2,nested_best,154,12.747032396803855,12.819629428414446,-0.0725970316105915,pointwise_ridge
v1_f2,reversed_typewell_gr,154,12.747032396803855,12.775457251453323,-0.028424854649468756,pointwise_ridge
v1_f2,circular_shift_hidden_gr,154,12.747032396803855,12.732485744860556,0.014546651943298627,pairwise_logistic
v1_f2,action_prior_only,154,12.747032396803855,12.800631922833114,-0.05359952602925944,pointwise_ridge
v1_f2,shuffled_within_well_training_losses,154,12.747032396803855,15.279278133824212,-2.5322457370203573,robust_alignment
v1_f2,sign_flipped_selected_action,154,12.747032396803855,12.919496162535944,-0.17246376573208977,
v1_f2,candidate_oracle,154,12.747032396803855,4.936786734227526,7.810245662576329,
v1_f3,robust_alignment,151,12.203836026952043,13.220396003177093,-1.0165599762250501,
v1_f3,pointwise_ridge,151,12.203836026952043,12.197371577217831,0.006464449734211897,
v1_f3,pointwise_hgb,151,12.203836026952043,13.192810472746014,-0.9889744457939713,
v1_f3,pointwise_extra_trees,151,12.203836026952043,12.731997158413082,-0.5281611314610384,
v1_f3,pairwise_logistic,151,12.203836026952043,12.331941854203205,-0.12810582725116149,
v1_f3,nested_best,151,12.203836026952043,12.197371577217833,0.00646444973421012,pointwise_ridge
v1_f3,reversed_typewell_gr,151,12.203836026952043,12.190156695865998,0.013679331086045465,pointwise_ridge
v1_f3,circular_shift_hidden_gr,151,12.203836026952043,12.270493996996597,-0.0666579700445542,pairwise_logistic
v1_f3,action_prior_only,151,12.203836026952043,12.255708711917496,-0.05187268496545272,pairwise_logistic
v1_f3,shuffled_within_well_training_losses,151,12.203836026952043,27.905684757457617,-15.701848730505574,pairwise_logistic
v1_f3,sign_flipped_selected_action,151,12.203836026952043,12.430964904793715,-0.2271288778416718,
v1_f3,candidate_oracle,151,12.203836026952043,4.99871476164554,7.205121265306503,
v1_f4,robust_alignment,153,12.98423532623116,14.849756700780313,-1.8655213745491537,
v1_f4,pointwise_ridge,153,12.98423532623116,12.949061224819555,0.03517410141160404,
v1_f4,pointwise_hgb,153,12.98423532623116,13.933764455615686,-0.9495291293845263,
v1_f4,pointwise_extra_trees,153,12.98423532623116,13.089185162565132,-0.10494983633397226,
v1_f4,pairwise_logistic,153,12.98423532623116,13.009694758880402,-0.02545943264924233,
v1_f4,nested_best,153,12.98423532623116,12.949061224819554,0.03517410141160582,pointwise_ridge
v1_f4,reversed_typewell_gr,153,12.98423532623116,13.000305592736252,-0.01607026650509269,pointwise_ridge
v1_f4,circular_shift_hidden_gr,153,12.98423532623116,13.002290317963535,-0.01805499173237557,pointwise_ridge
v1_f4,action_prior_only,153,12.98423532623116,12.984235326231161,-1.7763568394002505e-15,pointwise_ridge
v1_f4,shuffled_within_well_training_losses,153,12.98423532623116,14.849756700780313,-1.8655213745491537,robust_alignment
v1_f4,sign_flipped_selected_action,153,12.98423532623116,13.249690065857,-0.26545473962583976,
v1_f4,candidate_oracle,153,12.98423532623116,5.5386983069821465,7.445537019249013,
v2_f0,robust_alignment,151,11.948891555328915,13.612277487480561,-1.6633859321516464,
v2_f0,pointwise_ridge,151,11.948891555328915,11.922734902375364,0.026156652953551074,
v2_f0,pointwise_hgb,151,11.948891555328915,12.204462034528376,-0.2555704791994611,
v2_f0,pointwise_extra_trees,151,11.948891555328915,12.597506193117153,-0.6486146377882385,
v2_f0,pairwise_logistic,151,11.948891555328915,11.993221926261022,-0.04433037093210679,
v2_f0,nested_best,151,11.948891555328915,12.204462034528376,-0.2555704791994611,pointwise_hgb
v2_f0,reversed_typewell_gr,151,11.948891555328915,13.74137705990432,-1.7924855045754047,pointwise_extra_trees
v2_f0,circular_shift_hidden_gr,151,11.948891555328915,12.504896923708401,-0.5560053683794859,pointwise_hgb
v2_f0,action_prior_only,151,11.948891555328915,11.948891555328917,-1.7763568394002505e-15,pairwise_logistic
v2_f0,shuffled_within_well_training_losses,151,11.948891555328915,13.612277487480561,-1.6633859321516464,robust_alignment
v2_f0,sign_flipped_selected_action,151,11.948891555328915,13.450954851524939,-1.5020632961960239,
v2_f0,candidate_oracle,151,11.948891555328915,4.7515005430212955,7.1973910123076195,
v2_f1,robust_alignment,154,13.081688928769491,14.919249550722594,-1.8375606219531022,
v2_f1,pointwise_ridge,154,13.081688928769491,13.129207366664248,-0.04751843789475707,
v2_f1,pointwise_hgb,154,13.081688928769491,13.267479549938226,-0.18579062116873502,
v2_f1,pointwise_extra_trees,154,13.081688928769491,13.423696809694734,-0.3420078809252427,
v2_f1,pairwise_logistic,154,13.081688928769491,13.26204697013848,-0.18035804136898825,
v2_f1,nested_best,154,13.081688928769491,13.26204697013848,-0.18035804136898825,pairwise_logistic
v2_f1,reversed_typewell_gr,154,13.081688928769491,13.096932582644625,-0.01524365387513349,pointwise_ridge
v2_f1,circular_shift_hidden_gr,154,13.081688928769491,13.209925438581466,-0.1282365098119751,pairwise_logistic
v2_f1,action_prior_only,154,13.081688928769491,13.148949679176209,-0.0672607504067173,pairwise_logistic
v2_f1,shuffled_within_well_training_losses,154,13.081688928769491,14.919249550722594,-1.8375606219531022,robust_alignment
v2_f1,sign_flipped_selected_action,154,13.081688928769491,13.17415259948701,-0.09246367071751926,
v2_f1,candidate_oracle,154,13.081688928769491,5.132919707009919,7.948769221759572,
v2_f2,robust_alignment,160,12.286680238402488,14.714623680571181,-2.4279434421686936,
v2_f2,pointwise_ridge,160,12.286680238402488,12.264251996563205,0.022428241839282492,
v2_f2,pointwise_hgb,160,12.286680238402488,12.666634943785747,-0.37995470538325904,
v2_f2,pointwise_extra_trees,160,12.286680238402488,12.6638042566849,-0.37712401828241227,
v2_f2,pairwise_logistic,160,12.286680238402488,12.294418911689835,-0.007738673287347453,
v2_f2,nested_best,160,12.286680238402488,12.294418911689839,-0.007738673287351006,pairwise_logistic
v2_f2,reversed_typewell_gr,160,12.286680238402488,12.277415758152099,0.009264480250388729,pointwise_ridge
v2_f2,circular_shift_hidden_gr,160,12.286680238402488,12.26747091162386,0.0192093267786273,pairwise_logistic
v2_f2,action_prior_only,160,12.286680238402488,12.299671346752238,-0.012991108349750036,pairwise_logistic
v2_f2,shuffled_within_well_training_losses,160,12.286680238402488,14.714623680571181,-2.4279434421686936,robust_alignment
v2_f2,sign_flipped_selected_action,160,12.286680238402488,12.419901454124583,-0.1332212157220951,
v2_f2,candidate_oracle,160,12.286680238402488,4.936577291263518,7.35010294713897,
v2_f3,robust_alignment,156,12.572991340916712,15.059809192273159,-2.486817851356447,
v2_f3,pointwise_ridge,156,12.572991340916712,12.699446453053907,-0.1264551121371955,
v2_f3,pointwise_hgb,156,12.572991340916712,13.49128717986843,-0.9182958389517175,
v2_f3,pointwise_extra_trees,156,12.572991340916712,13.35731395063169,-0.7843226097149785,
v2_f3,pairwise_logistic,156,12.572991340916712,12.591151216741178,-0.0181598758244661,
v2_f3,nested_best,156,12.572991340916712,13.35731395063169,-0.7843226097149785,pointwise_extra_trees
v2_f3,reversed_typewell_gr,156,12.572991340916712,13.623676958333748,-1.0506856174170363,pointwise_extra_trees
v2_f3,circular_shift_hidden_gr,156,12.572991340916712,12.948124554873774,-0.3751332139570618,pairwise_logistic
v2_f3,action_prior_only,156,12.572991340916712,12.572991340916712,0.0,pointwise_ridge
v2_f3,shuffled_within_well_training_losses,156,12.572991340916712,15.059809192273159,-2.486817851356447,robust_alignment
v2_f3,sign_flipped_selected_action,156,12.572991340916712,13.955433484178156,-1.3824421432614447,
v2_f3,candidate_oracle,156,12.572991340916712,5.136323674853707,7.436667666063005,
v2_f4,robust_alignment,152,12.828045763441732,15.14154413083913,-2.313498367397397,
v2_f4,pointwise_ridge,152,12.828045763441732,12.789972844071842,0.0380729193698901,
v2_f4,pointwise_hgb,152,12.828045763441732,13.797287469280167,-0.969241705838435,
v2_f4,pointwise_extra_trees,152,12.828045763441732,13.141908118570704,-0.31386235512897187,
v2_f4,pairwise_logistic,152,12.828045763441732,12.725960395613695,0.10208536782803712,
v2_f4,nested_best,152,12.828045763441732,12.725960395613697,0.10208536782803534,pairwise_logistic
v2_f4,reversed_typewell_gr,152,12.828045763441732,12.80010362898387,0.027942134457862977,pointwise_ridge
v2_f4,circular_shift_hidden_gr,152,12.828045763441732,12.8186684925029,0.009377270938832893,pointwise_ridge
v2_f4,action_prior_only,152,12.828045763441732,12.828045763441732,0.0,pointwise_ridge
v2_f4,shuffled_within_well_training_losses,152,12.828045763441732,15.14154413083913,-2.313498367397397,robust_alignment
v2_f4,sign_flipped_selected_action,152,12.828045763441732,13.025210283955744,-0.19716452051401134,
v2_f4,candidate_oracle,152,12.828045763441732,5.046314255668912,7.781731507772821,
v3_f0,robust_alignment,148,12.48663331975022,14.975032022652051,-2.488398702901831,
v3_f0,pointwise_ridge,148,12.48663331975022,12.518012273110175,-0.031378953359954664,
v3_f0,pointwise_hgb,148,12.48663331975022,12.959981281974638,-0.4733479622244179,
v3_f0,pointwise_extra_trees,148,12.48663331975022,12.582540447954948,-0.09590712820472724,
v3_f0,pairwise_logistic,148,12.48663331975022,12.567565907608852,-0.08093258785863178,
v3_f0,nested_best,148,12.48663331975022,12.518012273110179,-0.03137895335995822,pointwise_ridge
v3_f0,reversed_typewell_gr,148,12.48663331975022,12.594610266615646,-0.10797694686542592,pairwise_logistic
v3_f0,circular_shift_hidden_gr,148,12.48663331975022,12.523179492079725,-0.036546172329504856,pairwise_logistic
v3_f0,action_prior_only,148,12.48663331975022,12.543626266263802,-0.056992946513581444,pairwise_logistic
v3_f0,shuffled_within_well_training_losses,148,12.48663331975022,14.975032022652051,-2.488398702901831,robust_alignment
v3_f0,sign_flipped_selected_action,148,12.48663331975022,12.684300009479648,-0.19766668972942725,
v3_f0,candidate_oracle,148,12.48663331975022,4.881284247517055,7.605349072233166,
v3_f1,robust_alignment,153,12.015488992618046,13.550069475557784,-1.534580482939738,
v3_f1,pointwise_ridge,153,12.015488992618046,11.992310409881444,0.023178582736601783,
v3_f1,pointwise_hgb,153,12.015488992618046,13.06780242755684,-1.0523134349387941,
v3_f1,pointwise_extra_trees,153,12.015488992618046,12.433362498960093,-0.41787350634204756,
v3_f1,pairwise_logistic,153,12.015488992618046,12.095609833576114,-0.08012084095806848,
v3_f1,nested_best,153,12.015488992618046,12.095609833576114,-0.08012084095806848,pairwise_logistic
v3_f1,reversed_typewell_gr,153,12.015488992618046,12.042930849775063,-0.02744185715701697,pointwise_ridge
v3_f1,circular_shift_hidden_gr,153,12.015488992618046,12.057932168247534,-0.042443175629488294,pairwise_logistic
v3_f1,action_prior_only,153,12.015488992618046,12.015488992618048,-1.7763568394002505e-15,pointwise_ridge
v3_f1,shuffled_within_well_training_losses,153,12.015488992618046,13.550069475557784,-1.534580482939738,robust_alignment
v3_f1,sign_flipped_selected_action,153,12.015488992618046,12.333201762320073,-0.3177127697020268,
v3_f1,candidate_oracle,153,12.015488992618046,5.5003172756858945,6.5151717169321515,
v3_f2,robust_alignment,155,13.1078211324529,14.470663338703433,-1.3628422062505336,
v3_f2,pointwise_ridge,155,13.1078211324529,13.003216113466834,0.10460501898606545,
v3_f2,pointwise_hgb,155,13.1078211324529,13.254085906177956,-0.14626477372505597,
v3_f2,pointwise_extra_trees,155,13.1078211324529,13.178120087782673,-0.0702989553297737,
v3_f2,pairwise_logistic,155,13.1078211324529,13.251735362481906,-0.14391423002900616,
v3_f2,nested_best,155,13.1078211324529,13.003216113466834,0.10460501898606545,pointwise_ridge
v3_f2,reversed_typewell_gr,155,13.1078211324529,14.51247343827823,-1.40465230582533,pointwise_hgb
v3_f2,circular_shift_hidden_gr,155,13.1078211324529,14.096331612066995,-0.9885104796140958,pointwise_hgb
v3_f2,action_prior_only,155,13.1078211324529,13.136111933580517,-0.028290801127617726,pointwise_ridge
v3_f2,shuffled_within_well_training_losses,155,13.1078211324529,14.470663338703433,-1.3628422062505336,robust_alignment
v3_f2,sign_flipped_selected_action,155,13.1078211324529,13.417436353274864,-0.30961522082196424,
v3_f2,candidate_oracle,155,13.1078211324529,5.141101005180606,7.966720127272294,
v3_f3,robust_alignment,158,13.281500762430868,15.163419311526912,-1.881918549096044,
v3_f3,pointwise_ridge,158,13.281500762430868,13.41175044326814,-0.13024968083727195,
v3_f3,pointwise_hgb,158,13.281500762430868,13.56710304489725,-0.28560228246638175,
v3_f3,pointwise_extra_trees,158,13.281500762430868,13.468762147066718,-0.18726138463584974,
v3_f3,pairwise_logistic,158,13.281500762430868,13.205668683192295,0.07583207923857316,
v3_f3,nested_best,158,13.281500762430868,13.411750443268142,-0.13024968083727373,pointwise_ridge
v3_f3,reversed_typewell_gr,158,13.281500762430868,13.266347879836523,0.015152882594344774,pointwise_ridge
v3_f3,circular_shift_hidden_gr,158,13.281500762430868,13.236755413923404,0.04474534850746359,pairwise_logistic
v3_f3,action_prior_only,158,13.281500762430868,13.281500762430868,0.0,pointwise_ridge
v3_f3,shuffled_within_well_training_losses,158,13.281500762430868,15.163419311526912,-1.881918549096044,robust_alignment
v3_f3,sign_flipped_selected_action,158,13.281500762430868,13.491573791812076,-0.2100730293812081,
v3_f3,candidate_oracle,158,13.281500762430868,5.1539716132904045,8.127529149140464,
v3_f4,robust_alignment,159,11.796019696621109,13.738570808356569,-1.94255111173546,
v3_f4,pointwise_ridge,159,11.796019696621109,11.968220819574801,-0.17220112295369283,
v3_f4,pointwise_hgb,159,11.796019696621109,12.549582836407456,-0.7535631397863476,
v3_f4,pointwise_extra_trees,159,11.796019696621109,12.188648572733696,-0.3926288761125871,
v3_f4,pairwise_logistic,159,11.796019696621109,11.876124294816952,-0.08010459819584348,
v3_f4,nested_best,159,11.796019696621109,12.188648572733692,-0.39262887611258357,pointwise_extra_trees
v3_f4,reversed_typewell_gr,159,11.796019696621109,11.790837834431606,0.00518186218950234,pointwise_ridge
v3_f4,circular_shift_hidden_gr,159,11.796019696621109,11.864952840156201,-0.06893314353509261,pairwise_logistic
v3_f4,action_prior_only,159,11.796019696621109,11.798685491115359,-0.0026657944942503065,pointwise_ridge
v3_f4,shuffled_within_well_training_losses,159,11.796019696621109,13.738570808356569,-1.94255111173546,robust_alignment
v3_f4,sign_flipped_selected_action,159,11.796019696621109,12.628314808215249,-0.8322951115941404,
v3_f4,candidate_oracle,159,11.796019696621109,4.562368983566377,7.233650713054732,
v4_f0,robust_alignment,154,12.275774055998356,14.454262203293123,-2.1784881472947664,
v4_f0,pointwise_ridge,154,12.275774055998356,12.136616424425691,0.13915763157266525,
v4_f0,pointwise_hgb,154,12.275774055998356,12.426035029037786,-0.15026097303942976,
v4_f0,pointwise_extra_trees,154,12.275774055998356,12.297840717669995,-0.022066661671638954,
v4_f0,pairwise_logistic,154,12.275774055998356,12.451859898803145,-0.17608584280478823,
v4_f0,nested_best,154,12.275774055998356,12.13661642442569,0.13915763157266703,pointwise_ridge
v4_f0,reversed_typewell_gr,154,12.275774055998356,12.275668922818463,0.00010513317989335746,pointwise_ridge
v4_f0,circular_shift_hidden_gr,154,12.275774055998356,12.325822163351068,-0.050048107352711924,pointwise_ridge
v4_f0,action_prior_only,154,12.275774055998356,12.272331316673606,0.0034427393247504767,pointwise_ridge
v4_f0,shuffled_within_well_training_losses,154,12.275774055998356,14.454262203293123,-2.1784881472947664,robust_alignment
v4_f0,sign_flipped_selected_action,154,12.275774055998356,12.649365412750535,-0.37359135675217914,
v4_f0,candidate_oracle,154,12.275774055998356,4.705150067192045,7.570623988806311,
v4_f1,robust_alignment,156,13.525528391627565,15.322610977085292,-1.7970825854577264,
v4_f1,pointwise_ridge,156,13.525528391627565,13.54538589765016,-0.019857506022594507,
v4_f1,pointwise_hgb,156,13.525528391627565,14.752941957452602,-1.227413565825037,
v4_f1,pointwise_extra_trees,156,13.525528391627565,14.545664142391253,-1.0201357507636875,
v4_f1,pairwise_logistic,156,13.525528391627565,13.464624409222088,0.060903982405477564,
v4_f1,nested_best,156,13.525528391627565,13.545385897650156,-0.019857506022590954,pointwise_ridge
v4_f1,reversed_typewell_gr,156,13.525528391627565,13.487861116207835,0.03766727541973047,pointwise_ridge
v4_f1,circular_shift_hidden_gr,156,13.525528391627565,13.580813484423246,-0.05528509279568006,pointwise_ridge
v4_f1,action_prior_only,156,13.525528391627565,13.57768777643503,-0.05215938480746374,pointwise_ridge
v4_f1,shuffled_within_well_training_losses,156,13.525528391627565,15.322610977085292,-1.7970825854577264,robust_alignment
v4_f1,sign_flipped_selected_action,156,13.525528391627565,13.725716716719438,-0.20018832509187234,
v4_f1,candidate_oracle,156,13.525528391627565,5.143104556728015,8.382423834899551,
v4_f2,robust_alignment,153,11.98913573037314,13.691744034471077,-1.7026083040979358,
v4_f2,pointwise_ridge,153,11.98913573037314,12.268104647781458,-0.2789689174083172,
v4_f2,pointwise_hgb,153,11.98913573037314,13.109358440015093,-1.1202227096419524,
v4_f2,pointwise_extra_trees,153,11.98913573037314,13.331256728447924,-1.3421209980747832,
v4_f2,pairwise_logistic,153,11.98913573037314,12.32248728813068,-0.3333515577575401,
v4_f2,nested_best,153,11.98913573037314,12.322487288130683,-0.3333515577575419,pairwise_logistic
v4_f2,reversed_typewell_gr,153,11.98913573037314,11.969455607672899,0.01968012270024211,pointwise_ridge
v4_f2,circular_shift_hidden_gr,153,11.98913573037314,12.084270548101172,-0.0951348177280309,pairwise_logistic
v4_f2,action_prior_only,153,11.98913573037314,11.98913573037314,0.0,pointwise_ridge
v4_f2,shuffled_within_well_training_losses,153,11.98913573037314,13.691744034471077,-1.7026083040979358,robust_alignment
v4_f2,sign_flipped_selected_action,153,11.98913573037314,12.376125205651851,-0.3869894752787104,
v4_f2,candidate_oracle,153,11.98913573037314,5.057359144807958,6.931776585565183,
v4_f3,robust_alignment,152,11.672981265048955,13.519178252471614,-1.8461969874226583,
v4_f3,pointwise_ridge,152,11.672981265048955,11.67979257601712,-0.006811310968164008,
v4_f3,pointwise_hgb,152,11.672981265048955,11.715616391293397,-0.042635126244441324,
v4_f3,pointwise_extra_trees,152,11.672981265048955,11.820418501942687,-0.14743723689373134,
v4_f3,pairwise_logistic,152,11.672981265048955,11.587513960471147,0.08546730457780782,
v4_f3,nested_best,152,11.672981265048955,11.715616391293395,-0.04263512624443955,pointwise_hgb
v4_f3,reversed_typewell_gr,152,11.672981265048955,11.728008359136426,-0.055027094087471085,pairwise_logistic
v4_f3,circular_shift_hidden_gr,152,11.672981265048955,11.643470706127598,0.029510558921357344,pairwise_logistic
v4_f3,action_prior_only,152,11.672981265048955,11.687630133880765,-0.01464886883180938,pairwise_logistic
v4_f3,shuffled_within_well_training_losses,152,11.672981265048955,13.519178252471614,-1.8461969874226583,robust_alignment
v4_f3,sign_flipped_selected_action,152,11.672981265048955,14.561528128050405,-2.8885468630014497,
v4_f3,candidate_oracle,152,11.672981265048955,4.607800337206564,7.065180927842391,
v4_f4,robust_alignment,158,13.18434417732371,15.71592473690624,-2.5315805595825296,
v4_f4,pointwise_ridge,158,13.18434417732371,13.247141857887648,-0.06279768056393742,
v4_f4,pointwise_hgb,158,13.18434417732371,13.246282513063715,-0.06193833574000429,
v4_f4,pointwise_extra_trees,158,13.18434417732371,13.399044876337355,-0.21470069901364397,
v4_f4,pairwise_logistic,158,13.18434417732371,13.196418028955724,-0.012073851632013799,
v4_f4,nested_best,158,13.18434417732371,13.247141857887648,-0.06279768056393742,pointwise_ridge
v4_f4,reversed_typewell_gr,158,13.18434417732371,13.241998854882613,-0.057654677558902634,pointwise_ridge
v4_f4,circular_shift_hidden_gr,158,13.18434417732371,13.211964672940601,-0.027620495616890395,pointwise_ridge
v4_f4,action_prior_only,158,13.18434417732371,13.23588249786642,-0.05153832054270957,pointwise_ridge
v4_f4,shuffled_within_well_training_losses,158,13.18434417732371,15.71592473690624,-2.5315805595825296,robust_alignment
v4_f4,sign_flipped_selected_action,158,13.18434417732371,13.33214343360438,-0.1477992562806687,
v4_f4,candidate_oracle,158,13.18434417732371,5.327828889927818,7.856515287395893,
v5_f0,robust_alignment,153,12.683045934202157,14.15525915220513,-1.4722132180029721,
v5_f0,pointwise_ridge,153,12.683045934202157,12.59278928091166,0.09025665329049737,
v5_f0,pointwise_hgb,153,12.683045934202157,13.295234390091267,-0.6121884558891093,
v5_f0,pointwise_extra_trees,153,12.683045934202157,13.142194338371004,-0.4591484041688467,
v5_f0,pairwise_logistic,153,12.683045934202157,12.58642152996093,0.09662440424122742,
v5_f0,nested_best,153,12.683045934202157,12.59278928091166,0.09025665329049737,pointwise_ridge
v5_f0,reversed_typewell_gr,153,12.683045934202157,12.692362997855218,-0.009317063653060842,pointwise_ridge
v5_f0,circular_shift_hidden_gr,153,12.683045934202157,12.684956001055003,-0.00191006685284556,pointwise_ridge
v5_f0,action_prior_only,153,12.683045934202157,12.749890391398472,-0.06684445719631427,pointwise_ridge
v5_f0,shuffled_within_well_training_losses,153,12.683045934202157,14.15525915220513,-1.4722132180029721,robust_alignment
v5_f0,sign_flipped_selected_action,153,12.683045934202157,12.986730256914623,-0.30368432271246526,
v5_f0,candidate_oracle,153,12.683045934202157,4.822954198791255,7.860091735410903,
v5_f1,robust_alignment,157,11.232639727106047,12.588045777556955,-1.3554060504509078,
v5_f1,pointwise_ridge,157,11.232639727106047,11.355988946815769,-0.12334921970972168,
v5_f1,pointwise_hgb,157,11.232639727106047,11.91149040549068,-0.6788506783846326,
v5_f1,pointwise_extra_trees,157,11.232639727106047,11.661165102293282,-0.42852537518723466,
v5_f1,pairwise_logistic,157,11.232639727106047,11.446297365988821,-0.21365763888277378,
v5_f1,nested_best,157,11.232639727106047,11.355988946815765,-0.12334921970971813,pointwise_ridge
v5_f1,reversed_typewell_gr,157,11.232639727106047,11.231052091714258,0.0015876353917896324,pointwise_ridge
v5_f1,circular_shift_hidden_gr,157,11.232639727106047,11.204975219937898,0.027664507168148944,pointwise_ridge
v5_f1,action_prior_only,157,11.232639727106047,11.27070928385065,-0.03806955674460255,pointwise_ridge
v5_f1,shuffled_within_well_training_losses,157,11.232639727106047,12.588045777556955,-1.3554060504509078,robust_alignment
v5_f1,sign_flipped_selected_action,157,11.232639727106047,11.321115744956264,-0.0884760178502173,
v5_f1,candidate_oracle,157,11.232639727106047,4.687301764409386,6.545337962696661,
v5_f2,robust_alignment,159,12.310337981318922,15.048389514075758,-2.7380515327568364,
v5_f2,pointwise_ridge,159,12.310337981318922,12.349448629355255,-0.03911064803633302,
v5_f2,pointwise_hgb,159,12.310337981318922,12.876315647425994,-0.5659776661070719,
v5_f2,pointwise_extra_trees,159,12.310337981318922,12.852247406225926,-0.5419094249070042,
v5_f2,pairwise_logistic,159,12.310337981318922,12.346509656586505,-0.03617167526758358,
v5_f2,nested_best,159,12.310337981318922,12.346509656586505,-0.03617167526758358,pairwise_logistic
v5_f2,reversed_typewell_gr,159,12.310337981318922,12.309155631281008,0.0011823500379133378,pointwise_ridge
v5_f2,circular_shift_hidden_gr,159,12.310337981318922,12.393829003034694,-0.08349102171577272,pairwise_logistic
v5_f2,action_prior_only,159,12.310337981318922,12.310337981318925,-3.552713678800501e-15,pointwise_ridge
v5_f2,shuffled_within_well_training_losses,159,12.310337981318922,15.048389514075758,-2.7380515327568364,robust_alignment
v5_f2,sign_flipped_selected_action,159,12.310337981318922,12.442636002622502,-0.13229802130357982,
v5_f2,candidate_oracle,159,12.310337981318922,4.753806145141978,7.556531836176943,
v5_f3,robust_alignment,151,12.410998020024405,13.96816930238199,-1.5571712823575847,
v5_f3,pointwise_ridge,151,12.410998020024405,12.444135214142394,-0.03313719411798921,
v5_f3,pointwise_hgb,151,12.410998020024405,13.24688305737361,-0.8358850373492057,
v5_f3,pointwise_extra_trees,151,12.410998020024405,13.571212288440892,-1.1602142684164871,
v5_f3,pairwise_logistic,151,12.410998020024405,12.469777454169375,-0.05877943414497011,
v5_f3,nested_best,151,12.410998020024405,12.469777454169376,-0.05877943414497189,pairwise_logistic
v5_f3,reversed_typewell_gr,151,12.410998020024405,12.448724508579138,-0.037726488554733706,pointwise_ridge
v5_f3,circular_shift_hidden_gr,151,12.410998020024405,12.439361311053453,-0.028363291029048554,pairwise_logistic
v5_f3,action_prior_only,151,12.410998020024405,12.448523835920756,-0.037525815896351844,pointwise_ridge
v5_f3,shuffled_within_well_training_losses,151,12.410998020024405,13.96816930238199,-1.5571712823575847,robust_alignment
v5_f3,sign_flipped_selected_action,151,12.410998020024405,12.646112356185762,-0.23511433616135768,
v5_f3,candidate_oracle,151,12.410998020024405,5.736574923370014,6.67442309665439,
v5_f4,robust_alignment,153,13.961006908000465,15.885656934058145,-1.9246500260576802,
v5_f4,pointwise_ridge,153,13.961006908000465,13.953102214462268,0.00790469353819745,
v5_f4,pointwise_hgb,153,13.961006908000465,14.33775794333568,-0.37675103533521437,
v5_f4,pointwise_extra_trees,153,13.961006908000465,14.727420251037989,-0.7664133430375237,
v5_f4,pairwise_logistic,153,13.961006908000465,13.913576428537278,0.04743047946318768,
v5_f4,nested_best,153,13.961006908000465,13.953102214462268,0.00790469353819745,pointwise_ridge
v5_f4,reversed_typewell_gr,153,13.961006908000465,13.956355966999375,0.004650941001090203,pointwise_ridge
v5_f4,circular_shift_hidden_gr,153,13.961006908000465,13.970159919165008,-0.00915301116454259,pointwise_ridge
v5_f4,action_prior_only,153,13.961006908000465,13.98585044016404,-0.024843532163574267,pointwise_ridge
v5_f4,shuffled_within_well_training_losses,153,13.961006908000465,15.885656934058145,-1.9246500260576802,robust_alignment
v5_f4,sign_flipped_selected_action,153,13.961006908000465,14.128689061008407,-0.16768215300794154,
v5_f4,candidate_oracle,153,13.961006908000465,5.471301750379615,8.48970515762085,
