context,scope,outer_group,candidate,rows_scored,wells_scored,sse,rmse,median_well_rmse,p90_well_rmse,p95_well_rmse,max_well_rmse,worst_5pct_sse_share,worst_10pct_sse_share,mean_error_sse_share,linear_trend_sse_share,shape_sse_share,datum_removed_rmse,datum_trend_removed_rmse
spatial:0,spatial,0,e011,836580,155,124899605.0402765,12.218750409907619,9.59483169265193,18.676773330726306,22.007625390496326,32.78140668222031,0.27460608162950073,0.42910881970741993,0.5819348978111023,0.14020253752090514,0.2778625646679925,7.900394025481687,6.440829660684987
spatial:0,spatial,0,nested_real,836580,155,122372385.32013345,12.094501532493327,9.595458840908185,17.694794943259435,21.387618578558676,31.4719104249091,0.26936913526903866,0.42193258237556774,0.5733010678192181,0.1430979833905758,0.2836009487902062,7.9003940254816865,6.440829660684987
spatial:1,spatial,1,e011,680157,155,105761931.79606974,12.469817612051198,9.789677088673262,17.374201679070424,21.401094276412344,31.11027163776159,0.2311172086145572,0.35800000787256814,0.5307459700620476,0.1671021679901754,0.302151861947777,8.54208929230815,6.854451988647932
spatial:1,spatial,1,nested_real,680157,155,103906390.49121213,12.35994514294616,9.731863733287,17.36074275335922,20.281442765431855,30.73210646376357,0.22858818247929508,0.3584217285451772,0.5223661174764225,0.17008624792376958,0.30754763459980794,8.54208929230815,6.854451988647932
spatial:2,spatial,2,e011,795791,154,118900491.07004276,12.223408124442033,8.749433272080132,17.84142363697562,21.2091052410916,38.5246006269418,0.2908308595915387,0.42155552698356114,0.5721142109726508,0.14571029889296863,0.28217549013438065,7.995695453638117,6.493097983414194
spatial:2,spatial,2,nested_real,795791,154,117218125.09023364,12.136623335902444,8.65368560721705,17.590010461102786,22.069996330521395,38.42576686721995,0.297431556570205,0.4220406796104611,0.5659730063240586,0.14780159705676918,0.28622539661917223,7.995695453638118,6.493097983414194
spatial:3,spatial,3,e011,754213,155,141751305.47433972,13.70933934892159,8.743971645124187,18.796658850142265,25.433271542877844,55.461281983221404,0.44848941711909035,0.5634988556064002,0.5980274848188932,0.15654186584569277,0.24543064933541403,8.691899703917075,6.791738012670418
spatial:3,spatial,3,nested_real,754213,155,143639728.08648688,13.800355696190234,8.830016141118508,18.809526657882977,24.974296371182007,56.438439897732735,0.4454839929765734,0.5653551267883337,0.6033121925891044,0.154483819627221,0.24220398778367472,8.691899703917075,6.791738012670418
spatial:4,spatial,4,e011,717248,154,104746227.80186807,12.084662416025763,8.772968785061853,17.4136000287266,25.50646717654949,40.49293964926042,0.30870974387082323,0.47709287860674293,0.5798475714426525,0.17792827327818198,0.2422241552791656,7.8331773963067395,5.947620476223674
spatial:4,spatial,4,nested_real,717248,154,103720229.39594007,12.025331611513863,8.728776613674494,18.174189177259684,25.648837737987577,40.88360898552282,0.3050172381081902,0.46122972314978966,0.5756914321392863,0.17968833614938964,0.24462023171132408,7.8331773963067395,5.947620476223674
typewell:0,typewell,0,e011,735839,155,135522548.1326364,13.571078992560487,8.893698686338382,18.17150769270638,23.092797222541225,55.461281983221404,0.4003011399279328,0.5225999970073417,0.6145929965461545,0.14600464893008383,0.23940235452376182,8.425082834192501,6.640160655950843
typewell:0,typewell,0,nested_real,735839,155,137470894.7785573,13.6682835185319,8.868629377720753,18.37288997570939,23.723457489075024,56.438439897732735,0.4108269547726679,0.5256978654696094,0.6200552905372082,0.14393535514618858,0.2360093543166031,8.425082834192503,6.640160655950843
typewell:1,typewell,1,e011,779705,155,118013818.37369804,12.302723728653383,8.626544447578192,17.07147792155716,22.225122363239972,40.49293964926042,0.36014490515434494,0.5240816783956251,0.5965548440305484,0.16658251085710807,0.23686264511234345,7.81436196806163,5.987555596047913
typewell:1,typewell,1,nested_real,779705,155,116354432.04757464,12.215923537407672,8.669146375778313,16.77990445469929,20.94340009325188,40.88360898552282,0.36828002540571947,0.5203098318412875,0.5908011192830228,0.16895822389032164,0.24024065682665557,7.814361968061629,5.987555596047913
typewell:2,typewell,2,e011,763373,154,112342788.3824488,12.13121226723169,9.25621958184568,18.53401066964217,21.969607170515644,29.56862218569189,0.25404358319373693,0.39738445635162134,0.5646727532053368,0.16081320416172692,0.2745140426329362,8.004093016711895,6.356037994845896
typewell:2,typewell,2,nested_real,763373,154,109989261.2749902,12.003468165464803,9.23885713535041,18.38730023815818,22.186199021097906,29.068840905777687,0.2494722047302732,0.3948339281558313,0.5553577122270634,0.16425425132255514,0.28038803645038146,8.004093016711895,6.356037994845896
typewell:3,typewell,3,e011,738961,155,114743878.78423874,12.461031794990037,8.859226638231068,16.991796620250142,22.140323632620085,41.7717733819856,0.30032419888376244,0.43471627536613805,0.5750391820040919,0.15902030725206498,0.26594051074384323,8.123224367014986,6.42608185688591
typewell:3,typewell,3,nested_real,738961,155,113910364.15502807,12.415690015687636,8.948924920999033,16.847344425009005,22.27029631012228,42.15303835222491,0.2945649246369151,0.4238819107361895,0.5719296224721878,0.1601839042032237,0.2678864733245885,8.123224367014986,6.42608185688591
typewell:4,typewell,4,e011,766111,154,115436527.50957482,12.275120892757055,9.879737354802621,17.61500065616291,21.229682521438846,31.957774162467018,0.25529291347502586,0.389177666011905,0.5131545499509835,0.15227306772973515,0.33457238231928127,8.564881049298647,7.1002039267692725
typewell:4,typewell,4,nested_real,766111,154,112931639.86010046,12.141209923721592,9.7437380366494,17.441735081014116,21.522426099299558,30.551031871843428,0.24492394135174675,0.3834473492306937,0.5023560424951345,0.15565057050199896,0.3419933870028666,8.564881049298645,7.1002039267692725
spatial:0,spatial,0,e011,836580,155,124899605.0402765,12.218750409907619,9.59483169265193,18.676773330726306,22.007625390496326,32.78140668222031,0.27460608162950073,0.42910881970741993,0.5819348978111023,0.14020253752090514,0.2778625646679925,7.900394025481687,6.440829660684987
spatial:0,spatial,0,shuffled_wells,836580,155,124148161.9959472,12.18193865683303,9.596478192097075,18.444451194882312,21.645957040729595,32.627754457397415,0.27179233757739923,0.42628471263601464,0.5794044365616887,0.1410511543664839,0.2795444090718273,7.900394025481687,6.440829660684987
spatial:1,spatial,1,e011,680157,155,105761931.79606974,12.469817612051198,9.789677088673262,17.374201679070424,21.401094276412344,31.11027163776159,0.2311172086145572,0.35800000787256814,0.5307459700620476,0.1671021679901754,0.302151861947777,8.54208929230815,6.854451988647932
spatial:1,spatial,1,shuffled_wells,680157,155,106410775.53387645,12.508009953316307,9.878761185595403,17.17330875992696,20.98351083872334,31.23088356873008,0.22797005989919214,0.35678699455930524,0.5336072642988222,0.1660832561860806,0.3003094795150971,8.54208929230815,6.854451988647932
spatial:2,spatial,2,e011,795791,154,118900491.07004276,12.223408124442033,8.749433272080132,17.84142363697562,21.2091052410916,38.5246006269418,0.2908308595915387,0.42155552698356114,0.5721142109726508,0.14571029889296863,0.28217549013438065,7.995695453638117,6.493097983414194
spatial:2,spatial,2,shuffled_wells,795791,154,118958031.55760953,12.226365453651054,8.67713858968124,18.10479873530573,21.471576769454426,38.59765531002604,0.28975764109196567,0.4203164272756269,0.5723211810830431,0.1456398182240132,0.2820390006929438,7.995695453638117,6.493097983414194
spatial:3,spatial,3,e011,754213,155,141751305.47433972,13.70933934892159,8.743971645124187,18.796658850142265,25.433271542877844,55.461281983221404,0.44848941711909035,0.5634988556064002,0.5980274848188932,0.15654186584569277,0.24543064933541403,8.691899703917075,6.791738012670418
spatial:3,spatial,3,shuffled_wells,754213,155,144450229.9573304,13.839235886891183,8.732770504397052,18.91827755091692,25.15762354090076,57.19023951568526,0.4443404456265562,0.5568650458516469,0.6055379848923933,0.15361701986608592,0.2408449952415208,8.691899703917075,6.791738012670418
spatial:4,spatial,4,e011,717248,154,104746227.80186807,12.084662416025763,8.772968785061853,17.4136000287266,25.50646717654949,40.49293964926042,0.30870974387082323,0.47709287860674293,0.5798475714426525,0.17792827327818198,0.2422241552791656,7.8331773963067395,5.947620476223674
spatial:4,spatial,4,shuffled_wells,717248,154,104530991.85018988,12.072240052817628,8.802748616696544,17.818328867321778,25.5617244898629,39.46617195838459,0.3075692611605124,0.47365840297167056,0.5789824509055772,0.17829463889427,0.24272291020015282,7.8331773963067395,5.947620476223674
typewell:0,typewell,0,e011,735839,155,135522548.1326364,13.571078992560487,8.893698686338382,18.17150769270638,23.092797222541225,55.461281983221404,0.4003011399279328,0.5225999970073417,0.6145929965461545,0.14600464893008383,0.23940235452376182,8.425082834192501,6.640160655950843
typewell:0,typewell,0,shuffled_wells,735839,155,136523723.00784335,13.621115027827068,8.774033830971089,18.673413007525923,23.05632628052022,56.70828008264338,0.4012556865187273,0.5255709445770183,0.6174193171304868,0.1449339472018295,0.23764673566768355,8.425082834192503,6.640160655950843
typewell:1,typewell,1,e011,779705,155,118013818.37369804,12.302723728653383,8.626544447578192,17.07147792155716,22.225122363239972,40.49293964926042,0.36014490515434494,0.5240816783956251,0.5965548440305484,0.16658251085710807,0.23686264511234345,7.81436196806163,5.987555596047913
typewell:1,typewell,1,shuffled_wells,779705,155,117557137.59348734,12.27889658908333,8.62589620668543,17.083507004234846,21.960076214893895,39.46617195838459,0.35664890212727807,0.521419254584801,0.5949875580930712,0.16722964324383519,0.23778279866309363,7.814361968061629,5.987555596047913
typewell:2,typewell,2,e011,763373,154,112342788.3824488,12.13121226723169,9.25621958184568,18.53401066964217,21.969607170515644,29.56862218569189,0.25404358319373693,0.39738445635162134,0.5646727532053368,0.16081320416172692,0.2745140426329362,8.004093016711895,6.356037994845896
typewell:2,typewell,2,shuffled_wells,763373,154,112206346.99645577,12.123843292735712,9.225073031800187,18.373629124055203,21.89473358545524,29.242534324501516,0.2521914142461993,0.39619962763359934,0.5641434012167629,0.16100875082240287,0.2748478479608342,8.004093016711895,6.356037994845896
typewell:3,typewell,3,e011,738961,155,114743878.78423874,12.461031794990037,8.859226638231068,16.991796620250142,22.140323632620085,41.7717733819856,0.30032419888376244,0.43471627536613805,0.5750391820040919,0.15902030725206498,0.26594051074384323,8.123224367014986,6.42608185688591
typewell:3,typewell,3,shuffled_wells,738961,155,116020305.92603844,12.53014924886874,8.833753987908105,17.39854224654351,22.770831169250755,40.384942014846374,0.2984391611610734,0.4292331716871378,0.5797144973979089,0.1572708045710148,0.26301469803107624,8.123224367014986,6.42608185688591
typewell:4,typewell,4,e011,766111,154,115436527.50957482,12.275120892757055,9.879737354802621,17.61500065616291,21.229682521438846,31.957774162467018,0.25529291347502586,0.389177666011905,0.5131545499509835,0.15227306772973515,0.33457238231928127,8.564881049298647,7.1002039267692725
typewell:4,typewell,4,shuffled_wells,766111,154,114902040.38359481,12.246670166094598,9.966133807582917,17.57554255407113,21.10469085702904,32.39515976872389,0.25580856679679514,0.38934003571933,0.5108899023909887,0.15298139278700407,0.3361287048220072,8.564881049298647,7.1002039267692725
spatial:0,spatial,0,e011,836580,155,124899605.0402765,12.218750409907619,9.59483169265193,18.676773330726306,22.007625390496326,32.78140668222031,0.27460608162950073,0.42910881970741993,0.5819348978111023,0.14020253752090514,0.2778625646679925,7.900394025481687,6.440829660684987
spatial:0,spatial,0,permuted_families,836580,155,124759111.83414587,12.211876351200287,9.583146119343612,18.22432933372724,21.663999982848935,31.518094247678306,0.2645105910979001,0.4251722487193349,0.5814641080971139,0.14036042181259636,0.27817547009028964,7.900394025481687,6.440829660684987
spatial:1,spatial,1,e011,680157,155,105761931.79606974,12.469817612051198,9.789677088673262,17.374201679070424,21.401094276412344,31.11027163776159,0.2311172086145572,0.35800000787256814,0.5307459700620476,0.1671021679901754,0.302151861947777,8.54208929230815,6.854451988647932
spatial:1,spatial,1,permuted_families,680157,155,104924286.15625018,12.420338312507365,9.752028943866605,17.395885346421416,21.280089490564865,31.709736975700956,0.2355708987282777,0.3594278490526884,0.5269997583264735,0.16843620043918273,0.3045640412343438,8.54208929230815,6.854451988647932
spatial:2,spatial,2,e011,795791,154,118900491.07004276,12.223408124442033,8.749433272080132,17.84142363697562,21.2091052410916,38.5246006269418,0.2908308595915387,0.42155552698356114,0.5721142109726508,0.14571029889296863,0.28217549013438065,7.995695453638117,6.493097983414194
spatial:2,spatial,2,permuted_families,795791,154,118884472.1824735,12.222584696405196,8.745795630004775,17.86450727421196,21.61624922995577,38.35272533690708,0.2956185028627075,0.42817776301873384,0.5720565562241282,0.14572993238128548,0.28221351139458634,7.995695453638117,6.493097983414194
spatial:3,spatial,3,e011,754213,155,141751305.47433972,13.70933934892159,8.743971645124187,18.796658850142265,25.433271542877844,55.461281983221404,0.44848941711909035,0.5634988556064002,0.5980274848188932,0.15654186584569277,0.24543064933541403,8.691899703917075,6.791738012670418
spatial:3,spatial,3,permuted_families,754213,155,141397632.5745453,13.692226102869855,8.696566763987535,17.454842140388195,25.08043807905233,56.11911402526856,0.4544995782129157,0.5663913957979101,0.5970220451768481,0.15693341848080278,0.24604453634234905,8.691899703917075,6.791738012670418
spatial:4,spatial,4,e011,717248,154,104746227.80186807,12.084662416025763,8.772968785061853,17.4136000287266,25.50646717654949,40.49293964926042,0.30870974387082323,0.47709287860674293,0.5798475714426525,0.17792827327818198,0.2422241552791656,7.8331773963067395,5.947620476223674
spatial:4,spatial,4,permuted_families,717248,154,106031426.0542935,12.158573605373212,8.709231844649512,18.417164358243234,25.59702366277478,40.551807496765605,0.31364114393600856,0.4807669642115745,0.5849402047026985,0.17577161921453577,0.2392881760827658,7.8331773963067395,5.947620476223674
typewell:0,typewell,0,e011,735839,155,135522548.1326364,13.571078992560487,8.893698686338382,18.17150769270638,23.092797222541225,55.461281983221404,0.4003011399279328,0.5225999970073417,0.6145929965461545,0.14600464893008383,0.23940235452376182,8.425082834192501,6.640160655950843
typewell:0,typewell,0,permuted_families,735839,155,137104663.96951795,13.650064807979867,8.767704221616924,18.202772426862712,23.4348272669291,56.11911402526856,0.4053421641974687,0.5279692015998135,0.6190403910122169,0.14431983193959858,0.2366397770481846,8.425082834192501,6.640160655950843
typewell:1,typewell,1,e011,779705,155,118013818.37369804,12.302723728653383,8.626544447578192,17.07147792155716,22.225122363239972,40.49293964926042,0.36014490515434494,0.5240816783956251,0.5965548440305484,0.16658251085710807,0.23686264511234345,7.81436196806163,5.987555596047913
typewell:1,typewell,1,permuted_families,779705,155,118822063.90761836,12.344780897836843,8.591655233813952,16.953364234441533,21.604169311234287,40.616377914331196,0.35555954584405414,0.5182808327016997,0.5992991386065761,0.16544939158614363,0.23525146980728018,7.81436196806163,5.987555596047913
typewell:2,typewell,2,e011,763373,154,112342788.3824488,12.13121226723169,9.25621958184568,18.53401066964217,21.969607170515644,29.56862218569189,0.25404358319373693,0.39738445635162134,0.5646727532053368,0.16081320416172692,0.2745140426329362,8.004093016711895,6.356037994845896
typewell:2,typewell,2,permuted_families,763373,154,113136892.14725353,12.17401197734532,9.292927223323531,18.73155990537948,21.90460691811174,29.770824183406567,0.2553125834932369,0.3982680524303657,0.5677282994470684,0.1596844620827159,0.2725872384702158,8.004093016711895,6.356037994845896
typewell:3,typewell,3,e011,738961,155,114743878.78423874,12.461031794990037,8.859226638231068,16.991796620250142,22.140323632620085,41.7717733819856,0.30032419888376244,0.43471627536613805,0.5750391820040919,0.15902030725206498,0.26594051074384323,8.123224367014986,6.42608185688591
typewell:3,typewell,3,permuted_families,738961,155,114990440.31373554,12.474412736803655,8.696566763987535,17.157484487982618,22.64293668282616,41.93276178461796,0.3027348141113503,0.4406798471614072,0.5759503793955916,0.15867933725429692,0.26537028335011154,8.123224367014986,6.42608185688591
typewell:4,typewell,4,e011,766111,154,115436527.50957482,12.275120892757055,9.879737354802621,17.61500065616291,21.229682521438846,31.957774162467018,0.25529291347502586,0.389177666011905,0.5131545499509835,0.15227306772973515,0.33457238231928127,8.564881049298647,7.1002039267692725
typewell:4,typewell,4,permuted_families,766111,154,114110788.8132876,12.20443011060082,9.895944967062071,17.361737310915785,21.275271423578417,31.7694388625746,0.25576368502016844,0.3900819671276394,0.5074983814242949,0.15404217563259953,0.33845944294310565,8.564881049298645,7.1002039267692725
spatial:0,spatial,0,e011,836580,155,124899605.0402765,12.218750409907619,9.59483169265193,18.676773330726306,22.007625390496326,32.78140668222031,0.27460608162950073,0.42910881970741993,0.5819348978111023,0.14020253752090514,0.2778625646679925,7.900394025481687,6.440829660684987
spatial:0,spatial,0,sign_flipped_selected,836580,155,129477199.28164801,12.440645343230202,9.637363697259005,18.840421219620747,22.514820989111545,34.09679643104089,0.2767304471700288,0.4340537241131705,0.5967153565707595,0.13524575492179053,0.26803888850745006,7.9003940254816865,6.440829660684987
spatial:1,spatial,1,e011,680157,155,105761931.79606974,12.469817612051198,9.789677088673262,17.374201679070424,21.401094276412344,31.11027163776159,0.2311172086145572,0.35800000787256814,0.5307459700620476,0.1671021679901754,0.302151861947777,8.54208929230815,6.854451988647932
spatial:1,spatial,1,sign_flipped_selected,680157,155,109503726.14423274,12.68848768987853,9.911707665188885,18.080520104116154,21.269402374073728,31.49051954969104,0.2329574344485665,0.3583657448079372,0.5467806032101636,0.16139220751880426,0.2918271892710321,8.54208929230815,6.854451988647932
spatial:2,spatial,2,e011,795791,154,118900491.07004276,12.223408124442033,8.749433272080132,17.84142363697562,21.2091052410916,38.5246006269418,0.2908308595915387,0.42155552698356114,0.5721142109726508,0.14571029889296863,0.28217549013438065,7.995695453638117,6.493097983414194
spatial:2,spatial,2,sign_flipped_selected,795791,154,122919747.25969434,12.428288261416652,9.15706464631523,18.673952333553537,20.757184665460798,38.623498270097414,0.2873318688356893,0.4176514389476416,0.5861053120312847,0.140945832370887,0.27294885559782833,7.995695453638117,6.493097983414194
spatial:3,spatial,3,e011,754213,155,141751305.47433972,13.70933934892159,8.743971645124187,18.796658850142265,25.433271542877844,55.461281983221404,0.44848941711909035,0.5634988556064002,0.5980274848188932,0.15654186584569277,0.24543064933541403,8.691899703917075,6.791738012670418
spatial:3,spatial,3,sign_flipped_selected,754213,155,145380538.30378467,13.88372904448501,8.920750452218616,19.25563454351209,25.76084903278902,54.48730896642831,0.43793486102474233,0.5539793271809276,0.6080621969313317,0.15263400523836304,0.2393037978303052,8.691899703917075,6.791738012670418
spatial:4,spatial,4,e011,717248,154,104746227.80186807,12.084662416025763,8.772968785061853,17.4136000287266,25.50646717654949,40.49293964926042,0.30870974387082323,0.47709287860674293,0.5798475714426525,0.17792827327818198,0.2422241552791656,7.8331773963067395,5.947620476223674
spatial:4,spatial,4,sign_flipped_selected,717248,154,108766201.25299025,12.31437309206132,8.919933870520532,17.913720646231567,25.931479166775304,40.105210482143086,0.31065510826177384,0.4845931506305534,0.5953763072886018,0.17135208576273686,0.23327160694866142,7.8331773963067395,5.947620476223674
typewell:0,typewell,0,e011,735839,155,135522548.1326364,13.571078992560487,8.893698686338382,18.17150769270638,23.092797222541225,55.461281983221404,0.4003011399279328,0.5225999970073417,0.6145929965461545,0.14600464893008383,0.23940235452376182,8.425082834192501,6.640160655950843
typewell:0,typewell,0,sign_flipped_selected,735839,155,137131003.17264092,13.651375903289964,9.013602597927802,19.20109794335425,22.98642773307025,54.48730896642831,0.3873504873321773,0.5130909445964132,0.6191135631781794,0.1442921119544735,0.23659432486734697,8.425082834192503,6.640160655950843
typewell:1,typewell,1,e011,779705,155,118013818.37369804,12.302723728653383,8.626544447578192,17.07147792155716,22.225122363239972,40.49293964926042,0.36014490515434494,0.5240816783956251,0.5965548440305484,0.16658251085710807,0.23686264511234345,7.81436196806163,5.987555596047913
typewell:1,typewell,1,sign_flipped_selected,779705,155,121564833.9720426,12.486445359112823,8.551723835778748,17.391055783331108,22.927468833181877,40.105210482143086,0.3492485883842754,0.5220127716487093,0.608339831473986,0.16171648936769414,0.22994367915831992,7.814361968061629,5.987555596047913
typewell:2,typewell,2,e011,763373,154,112342788.3824488,12.13121226723169,9.25621958184568,18.53401066964217,21.969607170515644,29.56862218569189,0.25404358319373693,0.39738445635162134,0.5646727532053368,0.16081320416172692,0.2745140426329362,8.004093016711895,6.356037994845896
typewell:2,typewell,2,sign_flipped_selected,763373,154,116629399.35057977,12.360488130604168,9.602140864277938,19.450210232263025,22.548694460776925,31.9446063114549,0.25703046116811895,0.39876699376494273,0.5806728231810637,0.1549026563185727,0.2644245205003637,8.004093016711895,6.356037994845896
typewell:3,typewell,3,e011,738961,155,114743878.78423874,12.461031794990037,8.859226638231068,16.991796620250142,22.140323632620085,41.7717733819856,0.30032419888376244,0.43471627536613805,0.5750391820040919,0.15902030725206498,0.26594051074384323,8.123224367014986,6.42608185688591
typewell:3,typewell,3,sign_flipped_selected,738961,155,117734097.07639425,12.622354394263118,9.1776817546185,17.527699567106136,22.71094710652145,41.39216385748182,0.3046730862733352,0.4447362526841254,0.5858323646332174,0.15498149909557338,0.2591861362712092,8.123224367014986,6.42608185688591
typewell:4,typewell,4,e011,766111,154,115436527.50957482,12.275120892757055,9.879737354802621,17.61500065616291,21.229682521438846,31.957774162467018,0.25529291347502586,0.389177666011905,0.5131545499509835,0.15227306772973515,0.33457238231928127,8.564881049298647,7.1002039267692725
typewell:4,typewell,4,sign_flipped_selected,766111,154,122261241.09568682,12.632768889327947,9.889924490232815,18.646972135292586,20.88198185261669,33.52250439987065,0.2580479016797947,0.3875304253961589,0.5403306257662615,0.1437730716163247,0.31589630261741397,8.564881049298645,7.1002039267692725
