frac_bin,n,beam_n,last_known_rmse,beam_conservative_rmse,beam_loose_rmse,prefix_step100_rmse
"(-0.001, 0.05]",189523,24537,4.049512903079819,3.9033859823985635,4.035630984207014,4.4177236905772705
"(0.05, 0.1]",189136,24488,8.329623299654019,8.397399506401554,8.036998823630508,13.94004331793413
"(0.1, 0.15]",189188,24498,10.667063129720361,10.181885575259793,9.811583690740163,24.31108222177743
"(0.15, 0.2]",189105,24487,12.328999067007638,12.738306906076733,12.466770869326709,34.35259207469846
"(0.2, 0.25]",189329,24508,13.365946706425941,14.017922110646836,13.810937364031366,43.859912222153895
"(0.25, 0.3]",189029,24479,14.036177295236934,14.07152362717863,14.052655224363601,53.82259268629178
"(0.3, 0.35]",189212,24497,14.801018510469778,15.427404525918286,15.491912021254997,64.19380848202478
"(0.35, 0.4]",189077,24483,15.644814821503271,17.21339492357649,17.190128506536364,74.65515985956884
"(0.4, 0.45]",189258,24502,16.247855280158458,19.394219951752003,19.579056777008898,84.95386449430232
"(0.45, 0.5]",189341,24517,16.38321877411304,20.483456336562643,20.663457577967996,95.2510408230181
"(0.5, 0.55]",188934,24466,16.272656004037046,19.330301696419262,19.49625389600789,105.88040703998672
"(0.55, 0.6]",189101,24482,16.723429989194763,19.598563961131607,19.701580489763433,116.44926610603841
"(0.6, 0.65]",189279,24508,17.281273337444723,20.569268513674274,21.089266322203333,126.97958303344295
"(0.65, 0.7]",189167,24492,17.745971374718206,20.80968225191007,21.347001063252506,137.2656885334973
"(0.7, 0.75]",189219,24500,18.131835819360184,21.236605238824676,21.77524637167154,147.19548123349213
"(0.75, 0.8]",188982,24467,18.55473376720013,22.290553449474956,22.524135132853026,156.93265755318072
"(0.8, 0.85]",189217,24502,18.7835780902275,23.034474086963755,23.13899680614037,166.36619645859147
"(0.85, 0.9]",189233,24503,19.014535160892116,23.555868260161116,23.701577818884058,176.20055181264726
"(0.9, 0.95]",189136,24488,19.586738640462713,24.450270334500935,24.98941993100029,186.28299970536094
"(0.95, 1.0]",189523,24537,20.249690688954455,25.84252538733768,26.52639729399092,196.33036066407632
