context,scope,label,outer_group,outer_train_wells,outer_test_wells,train_test_overlap,inner_groups,inner_coverage,pass,inner_detail_json
repeated:v1:0,repeated,v1,0,614,159,0,4,614,True,"[{""group"":1,""pass"":true,""train_wells"":458,""validation_wells"":156},{""group"":2,""pass"":true,""train_wells"":460,""validation_wells"":154},{""group"":3,""pass"":true,""train_wells"":463,""validation_wells"":151},{""group"":4,""pass"":true,""train_wells"":461,""validation_wells"":153}]"
repeated:v1:1,repeated,v1,1,617,156,0,4,617,True,"[{""group"":0,""pass"":true,""train_wells"":458,""validation_wells"":159},{""group"":2,""pass"":true,""train_wells"":463,""validation_wells"":154},{""group"":3,""pass"":true,""train_wells"":466,""validation_wells"":151},{""group"":4,""pass"":true,""train_wells"":464,""validation_wells"":153}]"
repeated:v1:2,repeated,v1,2,619,154,0,4,619,True,"[{""group"":0,""pass"":true,""train_wells"":460,""validation_wells"":159},{""group"":1,""pass"":true,""train_wells"":463,""validation_wells"":156},{""group"":3,""pass"":true,""train_wells"":468,""validation_wells"":151},{""group"":4,""pass"":true,""train_wells"":466,""validation_wells"":153}]"
repeated:v1:3,repeated,v1,3,622,151,0,4,622,True,"[{""group"":0,""pass"":true,""train_wells"":463,""validation_wells"":159},{""group"":1,""pass"":true,""train_wells"":466,""validation_wells"":156},{""group"":2,""pass"":true,""train_wells"":468,""validation_wells"":154},{""group"":4,""pass"":true,""train_wells"":469,""validation_wells"":153}]"
repeated:v1:4,repeated,v1,4,620,153,0,4,620,True,"[{""group"":0,""pass"":true,""train_wells"":461,""validation_wells"":159},{""group"":1,""pass"":true,""train_wells"":464,""validation_wells"":156},{""group"":2,""pass"":true,""train_wells"":466,""validation_wells"":154},{""group"":3,""pass"":true,""train_wells"":469,""validation_wells"":151}]"
repeated:v2:0,repeated,v2,0,622,151,0,4,622,True,"[{""group"":1,""pass"":true,""train_wells"":468,""validation_wells"":154},{""group"":2,""pass"":true,""train_wells"":462,""validation_wells"":160},{""group"":3,""pass"":true,""train_wells"":466,""validation_wells"":156},{""group"":4,""pass"":true,""train_wells"":470,""validation_wells"":152}]"
repeated:v2:1,repeated,v2,1,619,154,0,4,619,True,"[{""group"":0,""pass"":true,""train_wells"":468,""validation_wells"":151},{""group"":2,""pass"":true,""train_wells"":459,""validation_wells"":160},{""group"":3,""pass"":true,""train_wells"":463,""validation_wells"":156},{""group"":4,""pass"":true,""train_wells"":467,""validation_wells"":152}]"
repeated:v2:2,repeated,v2,2,613,160,0,4,613,True,"[{""group"":0,""pass"":true,""train_wells"":462,""validation_wells"":151},{""group"":1,""pass"":true,""train_wells"":459,""validation_wells"":154},{""group"":3,""pass"":true,""train_wells"":457,""validation_wells"":156},{""group"":4,""pass"":true,""train_wells"":461,""validation_wells"":152}]"
repeated:v2:3,repeated,v2,3,617,156,0,4,617,True,"[{""group"":0,""pass"":true,""train_wells"":466,""validation_wells"":151},{""group"":1,""pass"":true,""train_wells"":463,""validation_wells"":154},{""group"":2,""pass"":true,""train_wells"":457,""validation_wells"":160},{""group"":4,""pass"":true,""train_wells"":465,""validation_wells"":152}]"
repeated:v2:4,repeated,v2,4,621,152,0,4,621,True,"[{""group"":0,""pass"":true,""train_wells"":470,""validation_wells"":151},{""group"":1,""pass"":true,""train_wells"":467,""validation_wells"":154},{""group"":2,""pass"":true,""train_wells"":461,""validation_wells"":160},{""group"":3,""pass"":true,""train_wells"":465,""validation_wells"":156}]"
repeated:v3:0,repeated,v3,0,625,148,0,4,625,True,"[{""group"":1,""pass"":true,""train_wells"":472,""validation_wells"":153},{""group"":2,""pass"":true,""train_wells"":470,""validation_wells"":155},{""group"":3,""pass"":true,""train_wells"":467,""validation_wells"":158},{""group"":4,""pass"":true,""train_wells"":466,""validation_wells"":159}]"
repeated:v3:1,repeated,v3,1,620,153,0,4,620,True,"[{""group"":0,""pass"":true,""train_wells"":472,""validation_wells"":148},{""group"":2,""pass"":true,""train_wells"":465,""validation_wells"":155},{""group"":3,""pass"":true,""train_wells"":462,""validation_wells"":158},{""group"":4,""pass"":true,""train_wells"":461,""validation_wells"":159}]"
repeated:v3:2,repeated,v3,2,618,155,0,4,618,True,"[{""group"":0,""pass"":true,""train_wells"":470,""validation_wells"":148},{""group"":1,""pass"":true,""train_wells"":465,""validation_wells"":153},{""group"":3,""pass"":true,""train_wells"":460,""validation_wells"":158},{""group"":4,""pass"":true,""train_wells"":459,""validation_wells"":159}]"
repeated:v3:3,repeated,v3,3,615,158,0,4,615,True,"[{""group"":0,""pass"":true,""train_wells"":467,""validation_wells"":148},{""group"":1,""pass"":true,""train_wells"":462,""validation_wells"":153},{""group"":2,""pass"":true,""train_wells"":460,""validation_wells"":155},{""group"":4,""pass"":true,""train_wells"":456,""validation_wells"":159}]"
repeated:v3:4,repeated,v3,4,614,159,0,4,614,True,"[{""group"":0,""pass"":true,""train_wells"":466,""validation_wells"":148},{""group"":1,""pass"":true,""train_wells"":461,""validation_wells"":153},{""group"":2,""pass"":true,""train_wells"":459,""validation_wells"":155},{""group"":3,""pass"":true,""train_wells"":456,""validation_wells"":158}]"
repeated:v4:0,repeated,v4,0,619,154,0,4,619,True,"[{""group"":1,""pass"":true,""train_wells"":463,""validation_wells"":156},{""group"":2,""pass"":true,""train_wells"":466,""validation_wells"":153},{""group"":3,""pass"":true,""train_wells"":467,""validation_wells"":152},{""group"":4,""pass"":true,""train_wells"":461,""validation_wells"":158}]"
repeated:v4:1,repeated,v4,1,617,156,0,4,617,True,"[{""group"":0,""pass"":true,""train_wells"":463,""validation_wells"":154},{""group"":2,""pass"":true,""train_wells"":464,""validation_wells"":153},{""group"":3,""pass"":true,""train_wells"":465,""validation_wells"":152},{""group"":4,""pass"":true,""train_wells"":459,""validation_wells"":158}]"
repeated:v4:2,repeated,v4,2,620,153,0,4,620,True,"[{""group"":0,""pass"":true,""train_wells"":466,""validation_wells"":154},{""group"":1,""pass"":true,""train_wells"":464,""validation_wells"":156},{""group"":3,""pass"":true,""train_wells"":468,""validation_wells"":152},{""group"":4,""pass"":true,""train_wells"":462,""validation_wells"":158}]"
repeated:v4:3,repeated,v4,3,621,152,0,4,621,True,"[{""group"":0,""pass"":true,""train_wells"":467,""validation_wells"":154},{""group"":1,""pass"":true,""train_wells"":465,""validation_wells"":156},{""group"":2,""pass"":true,""train_wells"":468,""validation_wells"":153},{""group"":4,""pass"":true,""train_wells"":463,""validation_wells"":158}]"
repeated:v4:4,repeated,v4,4,615,158,0,4,615,True,"[{""group"":0,""pass"":true,""train_wells"":461,""validation_wells"":154},{""group"":1,""pass"":true,""train_wells"":459,""validation_wells"":156},{""group"":2,""pass"":true,""train_wells"":462,""validation_wells"":153},{""group"":3,""pass"":true,""train_wells"":463,""validation_wells"":152}]"
repeated:v5:0,repeated,v5,0,620,153,0,4,620,True,"[{""group"":1,""pass"":true,""train_wells"":463,""validation_wells"":157},{""group"":2,""pass"":true,""train_wells"":461,""validation_wells"":159},{""group"":3,""pass"":true,""train_wells"":469,""validation_wells"":151},{""group"":4,""pass"":true,""train_wells"":467,""validation_wells"":153}]"
repeated:v5:1,repeated,v5,1,616,157,0,4,616,True,"[{""group"":0,""pass"":true,""train_wells"":463,""validation_wells"":153},{""group"":2,""pass"":true,""train_wells"":457,""validation_wells"":159},{""group"":3,""pass"":true,""train_wells"":465,""validation_wells"":151},{""group"":4,""pass"":true,""train_wells"":463,""validation_wells"":153}]"
repeated:v5:2,repeated,v5,2,614,159,0,4,614,True,"[{""group"":0,""pass"":true,""train_wells"":461,""validation_wells"":153},{""group"":1,""pass"":true,""train_wells"":457,""validation_wells"":157},{""group"":3,""pass"":true,""train_wells"":463,""validation_wells"":151},{""group"":4,""pass"":true,""train_wells"":461,""validation_wells"":153}]"
repeated:v5:3,repeated,v5,3,622,151,0,4,622,True,"[{""group"":0,""pass"":true,""train_wells"":469,""validation_wells"":153},{""group"":1,""pass"":true,""train_wells"":465,""validation_wells"":157},{""group"":2,""pass"":true,""train_wells"":463,""validation_wells"":159},{""group"":4,""pass"":true,""train_wells"":469,""validation_wells"":153}]"
repeated:v5:4,repeated,v5,4,620,153,0,4,620,True,"[{""group"":0,""pass"":true,""train_wells"":467,""validation_wells"":153},{""group"":1,""pass"":true,""train_wells"":463,""validation_wells"":157},{""group"":2,""pass"":true,""train_wells"":461,""validation_wells"":159},{""group"":3,""pass"":true,""train_wells"":469,""validation_wells"":151}]"
spatial:0,spatial,spatial,0,618,155,0,5,618,True,"[{""group"":0,""pass"":true,""train_wells"":482,""validation_wells"":136},{""group"":1,""pass"":true,""train_wells"":491,""validation_wells"":127},{""group"":2,""pass"":true,""train_wells"":503,""validation_wells"":115},{""group"":3,""pass"":true,""train_wells"":499,""validation_wells"":119},{""group"":4,""pass"":true,""train_wells"":497,""validation_wells"":121}]"
spatial:1,spatial,spatial,1,618,155,0,5,618,True,"[{""group"":0,""pass"":true,""train_wells"":497,""validation_wells"":121},{""group"":1,""pass"":true,""train_wells"":483,""validation_wells"":135},{""group"":2,""pass"":true,""train_wells"":496,""validation_wells"":122},{""group"":3,""pass"":true,""train_wells"":494,""validation_wells"":124},{""group"":4,""pass"":true,""train_wells"":502,""validation_wells"":116}]"
spatial:2,spatial,spatial,2,619,154,0,5,619,True,"[{""group"":0,""pass"":true,""train_wells"":490,""validation_wells"":129},{""group"":1,""pass"":true,""train_wells"":494,""validation_wells"":125},{""group"":2,""pass"":true,""train_wells"":494,""validation_wells"":125},{""group"":3,""pass"":true,""train_wells"":505,""validation_wells"":114},{""group"":4,""pass"":true,""train_wells"":493,""validation_wells"":126}]"
spatial:3,spatial,spatial,3,618,155,0,5,618,True,"[{""group"":0,""pass"":true,""train_wells"":490,""validation_wells"":128},{""group"":1,""pass"":true,""train_wells"":499,""validation_wells"":119},{""group"":2,""pass"":true,""train_wells"":486,""validation_wells"":132},{""group"":3,""pass"":true,""train_wells"":498,""validation_wells"":120},{""group"":4,""pass"":true,""train_wells"":499,""validation_wells"":119}]"
spatial:4,spatial,spatial,4,619,154,0,5,619,True,"[{""group"":0,""pass"":true,""train_wells"":497,""validation_wells"":122},{""group"":1,""pass"":true,""train_wells"":501,""validation_wells"":118},{""group"":2,""pass"":true,""train_wells"":497,""validation_wells"":122},{""group"":3,""pass"":true,""train_wells"":492,""validation_wells"":127},{""group"":4,""pass"":true,""train_wells"":489,""validation_wells"":130}]"
typewell:0,typewell,typewell,0,618,155,0,5,618,True,"[{""group"":0,""pass"":true,""train_wells"":492,""validation_wells"":126},{""group"":1,""pass"":true,""train_wells"":495,""validation_wells"":123},{""group"":2,""pass"":true,""train_wells"":491,""validation_wells"":127},{""group"":3,""pass"":true,""train_wells"":494,""validation_wells"":124},{""group"":4,""pass"":true,""train_wells"":500,""validation_wells"":118}]"
typewell:1,typewell,typewell,1,618,155,0,5,618,True,"[{""group"":0,""pass"":true,""train_wells"":489,""validation_wells"":129},{""group"":1,""pass"":true,""train_wells"":482,""validation_wells"":136},{""group"":2,""pass"":true,""train_wells"":501,""validation_wells"":117},{""group"":3,""pass"":true,""train_wells"":507,""validation_wells"":111},{""group"":4,""pass"":true,""train_wells"":493,""validation_wells"":125}]"
typewell:2,typewell,typewell,2,619,154,0,5,619,True,"[{""group"":0,""pass"":true,""train_wells"":496,""validation_wells"":123},{""group"":1,""pass"":true,""train_wells"":497,""validation_wells"":122},{""group"":2,""pass"":true,""train_wells"":493,""validation_wells"":126},{""group"":3,""pass"":true,""train_wells"":500,""validation_wells"":119},{""group"":4,""pass"":true,""train_wells"":490,""validation_wells"":129}]"
typewell:3,typewell,typewell,3,618,155,0,5,618,True,"[{""group"":0,""pass"":true,""train_wells"":492,""validation_wells"":126},{""group"":1,""pass"":true,""train_wells"":497,""validation_wells"":121},{""group"":2,""pass"":true,""train_wells"":492,""validation_wells"":126},{""group"":3,""pass"":true,""train_wells"":495,""validation_wells"":123},{""group"":4,""pass"":true,""train_wells"":496,""validation_wells"":122}]"
typewell:4,typewell,typewell,4,619,154,0,5,619,True,"[{""group"":0,""pass"":true,""train_wells"":487,""validation_wells"":132},{""group"":1,""pass"":true,""train_wells"":497,""validation_wells"":122},{""group"":2,""pass"":true,""train_wells"":499,""validation_wells"":120},{""group"":3,""pass"":true,""train_wells"":492,""validation_wells"":127},{""group"":4,""pass"":true,""train_wells"":501,""validation_wells"":118}]"
