context,scope,label,outer_group,candidate,rows_scored,wells_scored,sse,rmse,median_well_rmse,p90_well_rmse,p95_well_rmse,max_well_rmse,worst_5pct_sse_share,worst_10pct_sse_share,mean_error_sse_share,linear_trend_sse_share,shape_sse_share,datum_removed_rmse,datum_trend_removed_rmse
spatial:0,spatial,spatial,0,e006_nested_fusion,836580,155,179863740.002,14.6628391682,10.0297486821,22.972906788,28.3495872503,44.656397202,0.298425621345,0.444540783986,0.669264406151,0.123916965412,0.206818628437,8.43254250801,6.66826572535
spatial:0,spatial,spatial,0,shape3_ridge_equal_s100,836580,155,142846170.705,13.0671405523,10.0627121646,17.7264399626,24.1462793361,35.0802325775,0.29918900932,0.430095028608,0.584054423206,0.150573588594,0.2653719882,8.42750109521,6.73144189845
spatial:0,spatial,spatial,0,spline3_ridge_equal_s075,836580,155,138882537.552,12.8845745484,9.82543230285,17.4980413153,24.5757580917,32.9730331881,0.294110484082,0.438324594776,0.591548908743,0.139669974628,0.268781116629,8.23455458948,6.67989228689
spatial:0,spatial,spatial,0,spline4_ridge_equal_s075,836580,155,138259308.293,12.855632563,9.83520536247,17.3776902693,24.4982665587,33.2251143643,0.295593781637,0.439514118172,0.592931203959,0.139420660575,0.267648135467,8.20214339021,6.65082563643
spatial:0,spatial,spatial,0,spline5_ridge_equal_s075,836580,155,138232499.977,12.8543861566,9.8004956285,17.5160270756,24.5720614242,33.2770909448,0.295927874782,0.439907993965,0.593924575677,0.137830966943,0.26824445738,8.19133515386,6.65758501433
spatial:0,spatial,spatial,0,spline7_ridge_equal_s075,836580,155,138279913.49,12.8565904839,9.80528326722,17.7926983356,24.6275434939,33.3027525721,0.295789671818,0.441008576723,0.595136700623,0.135782343201,0.269080956176,8.18050314068,6.66910095727
spatial:0,spatial,spatial,0,spline4_ridge_row_weighted_s075,836580,155,137999722.078,12.8435584651,9.87644035184,17.5505883291,24.2308385681,32.8492395141,0.295350483662,0.442479953985,0.590898941623,0.139634603387,0.269466454989,8.21486949687,6.66711154932
spatial:0,spatial,spatial,0,spline7_ridge_tree_blend_s100,836580,155,144294897.305,13.133235981,9.72001114637,19.3613659538,25.7068558877,34.1226144709,0.307826017686,0.449264021229,0.617138405498,0.129725696138,0.253135898364,8.12629622935,6.60767413706
spatial:0,spatial,spatial,0,spline7_blend_confidence_fallback,836580,155,144294897.305,13.133235981,9.72001114637,19.3613659538,25.7068558877,34.1226144709,0.307826017686,0.449264021229,0.617138405498,0.129725696138,0.253135898364,8.12629622935,6.60767413706
spatial:1,spatial,spatial,1,e006_nested_fusion,680157,155,159915424.173,15.3334750602,10.9524082651,22.4564559166,26.2572246545,45.0754844561,0.302129322515,0.449575193092,0.59652871034,0.18434906412,0.21912222554,9.73972981271,7.17767527051
spatial:1,spatial,spatial,1,shape3_ridge_equal_s100,680157,155,109486150.604,12.6874693867,9.89484081311,18.5117355419,20.5961118803,28.2243122888,0.233588403038,0.370723031368,0.529002756534,0.159283078106,0.311714165359,8.70731367826,7.08358772416
spatial:1,spatial,spatial,1,spline3_ridge_equal_s075,680157,155,109530280.99,12.6900260869,10.0520005962,17.7202747439,21.7688642765,32.378506363,0.240839270692,0.368239227521,0.529178842825,0.166584520334,0.304236636841,8.70744019062,6.99952019105
spatial:1,spatial,spatial,1,spline4_ridge_equal_s075,680157,155,109327049.51,12.6782475622,9.94608384208,17.7367635853,21.6455101108,32.3330552133,0.239472068694,0.366646065671,0.529317719307,0.1648563726,0.305825908093,8.69807508561,7.0112647193
spatial:1,spatial,spatial,1,spline5_ridge_equal_s075,680157,155,109464859.974,12.6862357268,9.98088107765,17.7539864027,21.7282020131,32.4067105627,0.23918428446,0.366457426587,0.527432124099,0.164294797719,0.308273078182,8.72097165343,7.04369555351
spatial:1,spatial,spatial,1,spline7_ridge_equal_s075,680157,155,109492865.316,12.6878584378,10.0344035354,17.7513752938,21.8047049385,32.4063831804,0.238685316871,0.365581089137,0.526169201917,0.163713191188,0.310117606894,8.73373413279,7.06564049484
spatial:1,spatial,spatial,1,spline4_ridge_row_weighted_s075,680157,155,108968887.025,12.657463146,10.3155339577,17.6322781912,21.1301940683,32.7957839592,0.243366927123,0.364417134578,0.524604318283,0.166038920344,0.309356761372,8.72718711987,7.0400619015
spatial:1,spatial,spatial,1,spline7_ridge_tree_blend_s100,680157,155,119450666.205,13.2522525011,9.99309742939,20.0336431584,21.8155431639,35.5351313057,0.251080490636,0.396020405027,0.549596671603,0.167255561145,0.283147767251,8.89386427699,7.05173969861
spatial:1,spatial,spatial,1,spline7_blend_confidence_fallback,680157,155,119450666.205,13.2522525011,9.99309742939,20.0336431584,21.8155431639,35.5351313057,0.251080490636,0.396020405027,0.549596671603,0.167255561145,0.283147767251,8.89386427699,7.05173969861
spatial:2,spatial,spatial,2,e006_nested_fusion,795791,154,168494503.174,14.5510173013,9.38251906517,21.4307603639,26.9371730383,44.9553610658,0.353493187887,0.492433391428,0.645222427475,0.14313379715,0.211643775375,8.66705267441,6.69416028826
spatial:2,spatial,spatial,2,shape3_ridge_equal_s100,795791,154,118101969.168,12.1822934825,9.64406603955,18.4555208995,21.2899526219,34.1492537007,0.262645956693,0.384894426955,0.547872732598,0.157864793263,0.29426247414,8.19142402805,6.60840268413
spatial:2,spatial,spatial,2,spline3_ridge_equal_s075,795791,154,120394667.973,12.2999717815,9.30117721364,17.8046983115,21.3019560552,36.0318967046,0.279893928598,0.40679226633,0.563589518094,0.149272649039,0.287137832867,8.12553006658,6.59096983842
spatial:2,spatial,spatial,2,spline4_ridge_equal_s075,795791,154,120730142.279,12.3170965185,9.16524587312,17.978768955,21.3289073207,36.0103875214,0.279586678583,0.406156989995,0.561834443528,0.149140152064,0.289025404408,8.15318810692,6.62180448106
spatial:2,spatial,spatial,2,spline5_ridge_equal_s075,795791,154,121405676.284,12.3515080189,9.18672702035,17.9858336708,21.3476295021,36.0244922081,0.278124212361,0.404309318826,0.558496176743,0.148828980264,0.292674842993,8.20705264092,6.68209555291
spatial:2,spatial,spatial,2,spline7_ridge_equal_s075,795791,154,121404878.957,12.3514674599,9.22495232585,18.0214950548,21.3674106507,36.0126427266,0.278262284748,0.404502781866,0.557922825016,0.149416292259,0.292660882726,8.2123529221,6.68191424502
spatial:2,spatial,spatial,2,spline4_ridge_row_weighted_s075,795791,154,121640532.305,12.3634490771,9.33111455875,18.4139986993,21.0256888945,36.5034752293,0.2823646462,0.41013527941,0.562215084289,0.148879617615,0.288905298096,8.1803152585,6.64534293121
spatial:2,spatial,spatial,2,spline7_ridge_tree_blend_s100,795791,154,129247341.327,12.744162413,9.29794321888,19.2285066053,22.9401429626,38.0291814003,0.303705968299,0.438423009072,0.584570329144,0.145726421166,0.26970324969,8.21410127775,6.61842096773
spatial:2,spatial,spatial,2,spline7_blend_confidence_fallback,795791,154,129247341.327,12.744162413,9.29794321888,19.2285066053,22.9401429626,38.0291814003,0.303705968299,0.438423009072,0.584570329144,0.145726421166,0.26970324969,8.21410127775,6.61842096773
spatial:3,spatial,spatial,3,e006_nested_fusion,754213,155,168830716.346,14.9616235988,9.37354301331,18.4537319492,26.0630228074,59.4056725042,0.490335590559,0.598325459756,0.623760823704,0.173405380129,0.202833796167,9.17721131962,6.73827737085
spatial:3,spatial,spatial,3,shape3_ridge_equal_s100,754213,155,133752646.667,13.3169320981,9.03729446248,19.2938685873,25.7551939536,41.4762444149,0.387458646936,0.514548063989,0.553883889307,0.167193523141,0.278922587552,8.89463516144,7.03308762103
spatial:3,spatial,spatial,3,spline3_ridge_equal_s075,754213,155,130268065.43,13.1423181039,8.42642345259,18.6444734092,23.5785901059,44.8829065774,0.42262621175,0.542751656349,0.554170803956,0.171875916148,0.273953279896,8.77518392199,6.87876110708
spatial:3,spatial,spatial,3,spline4_ridge_equal_s075,754213,155,130812173.121,13.1697361243,8.68691909618,18.5514576764,24.3564859057,45.030942557,0.422006952424,0.541498720944,0.551164092726,0.172112700124,0.276723207151,8.82309326714,6.92787215118
spatial:3,spatial,spatial,3,spline5_ridge_equal_s075,754213,155,130659066.551,13.1620267367,8.61142472619,18.5811848667,24.5892560918,44.9039468375,0.418758637204,0.538743709963,0.553628999774,0.170650872075,0.275720128151,8.79368196012,6.91125639036
spatial:3,spatial,spatial,3,spline7_ridge_equal_s075,754213,155,130773855.392,13.167807132,8.6459474271,18.4902331465,24.6404641146,45.1826283197,0.419892327893,0.539460465187,0.554408508504,0.169034811306,0.27655668019,8.78985885916,6.92477287303
spatial:3,spatial,spatial,3,spline4_ridge_row_weighted_s075,754213,155,130852261.217,13.1717539381,8.61444365656,17.9175186426,23.4515313164,45.0363490279,0.418058007618,0.536357820905,0.545580685863,0.173379330659,0.281039983479,8.87916241367,6.98276883083
spatial:3,spatial,spatial,3,spline7_ridge_tree_blend_s100,754213,155,137345386.755,13.4946004799,9.02543344825,17.4183020415,23.8051099053,49.7408976603,0.457130397812,0.5694084922,0.576974751924,0.170305770876,0.2527194772,8.77694093604,6.78389923733
spatial:3,spatial,spatial,3,spline7_blend_confidence_fallback,754213,155,137345386.755,13.4946004799,9.02543344825,17.4183020415,23.8051099053,49.7408976603,0.457130397812,0.5694084922,0.576974751924,0.170305770876,0.2527194772,8.77694093604,6.78389923733
spatial:4,spatial,spatial,4,e006_nested_fusion,717248,154,166720220.551,15.2461246127,9.40255637306,20.8521266241,30.7261462836,64.8699823667,0.407983847215,0.571550526743,0.654392161537,0.180208153275,0.165399685188,8.96295584693,6.20050132178
spatial:4,spatial,spatial,4,shape3_ridge_equal_s100,717248,154,107888759.416,12.2646010753,9.00477196852,18.2023940524,23.9203595003,38.1018438189,0.28304997652,0.427960129109,0.574225544767,0.175868840668,0.249905614565,8.00282329551,6.13114282865
spatial:4,spatial,spatial,4,spline3_ridge_equal_s075,717248,154,113112699.647,12.5580153891,8.96216855394,18.3835346367,24.5853286004,41.6950433199,0.324906940717,0.483882576532,0.595966072289,0.175443608706,0.228590319005,7.98233460424,6.00412779992
spatial:4,spatial,spatial,4,spline4_ridge_equal_s075,717248,154,113565291.272,12.5831141557,8.96686629971,18.4963943194,24.5333494337,41.7097795121,0.323372856806,0.481893055054,0.591001840387,0.173934908733,0.235063250881,8.04727445797,6.1007117494
spatial:4,spatial,spatial,4,spline5_ridge_equal_s075,717248,154,114252729.676,12.6211410254,9.06679968353,18.4809108065,24.5793381207,41.7302562454,0.321415082542,0.482579442748,0.586508549679,0.173280417272,0.240211033049,8.11581028723,6.18578890021
spatial:4,spatial,spatial,4,spline7_ridge_equal_s075,717248,154,114457676.635,12.6324558777,9.03479440426,18.48384164,24.5369063609,41.7311647311,0.31988132711,0.483328475273,0.583865822711,0.174529250803,0.241604926486,8.14900310069,6.20927197266
spatial:4,spatial,spatial,4,spline4_ridge_row_weighted_s075,717248,154,116137340.406,12.7248087922,8.79087581438,17.9609412792,24.755983132,42.1566852738,0.333785796141,0.49124281561,0.596379870192,0.171796564747,0.231823565061,8.08421163034,6.12674853096
spatial:4,spatial,spatial,4,spline7_ridge_tree_blend_s100,717248,154,122588398.697,13.0734440656,9.01020670526,18.448841579,26.8248420287,46.0374198211,0.360340345648,0.523680951195,0.602906917014,0.179901004967,0.217192078019,8.23827289841,6.09273099079
spatial:4,spatial,spatial,4,spline7_blend_confidence_fallback,717248,154,122998235.27,13.0952793488,9.01020670526,18.8898306367,26.8248420287,46.0374198211,0.35913967271,0.52193601879,0.600741188233,0.183768480247,0.21549033152,8.27450499009,6.07895126822
typewell:0,typewell,typewell,0,e006_nested_fusion,735839,155,187028141.316,15.94270749,9.30188346298,22.2473804424,30.1370633607,59.4056725042,0.450962294517,0.585273961277,0.651434328171,0.162517969638,0.18604770219,9.41248690088,6.8766074466
typewell:0,typewell,typewell,0,shape3_ridge_equal_s100,735839,155,143012181.373,13.9410381126,9.39610475387,18.8822441505,23.3784060612,57.9181286579,0.393427816005,0.516493723865,0.625581869634,0.135855169439,0.238562960927,8.53048158244,6.8092083445
typewell:0,typewell,typewell,0,spline3_ridge_equal_s075,735839,155,144376223.275,14.0073647401,9.39951899128,18.51942157,24.913167713,57.5509887254,0.414805632731,0.540129758385,0.623761174727,0.145066214084,0.231172611189,8.59188078321,6.73479881401
typewell:0,typewell,typewell,0,spline4_ridge_equal_s075,735839,155,144309940.933,14.0041490184,9.51651567506,18.6923171698,24.6137586568,57.6244108171,0.414460933208,0.540295891306,0.625964630616,0.142338106466,0.231697262918,8.56471782765,6.74088898989
typewell:0,typewell,typewell,0,spline5_ridge_equal_s075,735839,155,145274351.98,14.0508653656,9.4292019012,18.5941856545,25.003362242,57.8235039345,0.414657826122,0.539623003442,0.62180554552,0.140967619827,0.237226834653,8.64093325706,6.84360570143
typewell:0,typewell,typewell,0,spline7_ridge_equal_s075,735839,155,145286863.84,14.0514704232,9.4343815184,18.6383629289,25.0907905659,57.8185705462,0.414851500208,0.539992665871,0.621526172976,0.140528540767,0.237945286257,8.64449643277,6.85425608802
typewell:0,typewell,typewell,0,spline4_ridge_row_weighted_s075,735839,155,146047522.791,14.0882061027,9.64334376943,18.7116121595,26.074184248,56.7632374474,0.415305090606,0.541582939459,0.626265045807,0.143740718804,0.229994235389,8.61266500585,6.75638162245
typewell:0,typewell,typewell,0,spline7_ridge_tree_blend_s100,735839,155,149483373.1,14.2529592533,8.99907975772,19.1695531326,26.1070414285,57.7807180331,0.432557589816,0.56297726684,0.624714867207,0.149809744684,0.225475388109,8.73143697402,6.76791062867
typewell:0,typewell,typewell,0,spline7_blend_confidence_fallback,735839,155,149483373.1,14.2529592533,8.99907975772,19.1695531326,26.1070414285,57.7807180331,0.432557589816,0.56297726684,0.624714867207,0.149809744684,0.225475388109,8.73143697402,6.76791062867
typewell:1,typewell,typewell,1,e006_nested_fusion,779705,155,170780684.587,14.7997444172,10.0297486821,20.6716356402,25.6459740584,52.4888432991,0.380657437015,0.514966387248,0.649502591017,0.1684045398,0.182092869183,8.76186629012,6.31539741422
typewell:1,typewell,typewell,1,shape3_ridge_equal_s100,779705,155,112550729.162,12.0145911574,8.9336254355,16.3737088377,22.0797361679,36.4900372821,0.341080493945,0.494921775296,0.583499932598,0.164082545725,0.252417521678,7.75383463923,6.03627123253
typewell:1,typewell,typewell,1,spline3_ridge_equal_s075,779705,155,117667273.048,12.2846470918,8.79473998588,17.5584635871,21.7241028989,40.4402580941,0.339831043814,0.497826640761,0.587729311989,0.16580519367,0.246465494341,7.8877641025,6.09874882787
typewell:1,typewell,typewell,1,spline4_ridge_equal_s075,779705,155,117289544.125,12.2649134973,8.79463609052,17.8499822887,21.6112267187,40.512355784,0.340800984697,0.499440134027,0.58695464029,0.166362027715,0.246683331995,7.88248881726,6.09164228247
typewell:1,typewell,typewell,1,spline5_ridge_equal_s075,779705,155,117386538.321,12.2699837685,8.91090552592,17.9942626591,21.6680735637,40.5005119551,0.341378947099,0.500355526421,0.585193535505,0.166178372259,0.248628092236,7.90254079029,6.11813544094
typewell:1,typewell,typewell,1,spline7_ridge_equal_s075,779705,155,117385348.41,12.2699215798,8.87828607112,17.9824804488,21.7532994218,40.5093149214,0.341647725587,0.500468342333,0.584140183076,0.165978717001,0.249881099923,7.91252811306,6.13350172176
typewell:1,typewell,typewell,1,spline4_ridge_row_weighted_s075,779705,155,117645778.301,12.2835249979,8.86151824922,18.0431721513,21.3476146548,40.8708051399,0.341983917636,0.499284759329,0.585987628187,0.166752281117,0.247260090695,7.90368591733,6.10801403203
typewell:1,typewell,typewell,1,spline7_ridge_tree_blend_s100,779705,155,127715721.556,12.7984395369,9.04750575558,18.1334849646,21.5896956535,44.7774871871,0.353487893403,0.499938568378,0.60430341783,0.169368470341,0.226328111828,8.05078392187,6.08872376369
typewell:1,typewell,typewell,1,spline7_blend_confidence_fallback,779705,155,127715721.556,12.7984395369,9.04750575558,18.1334849646,21.5896956535,44.7774871871,0.353487893403,0.499938568378,0.60430341783,0.169368470341,0.226328111828,8.05078392187,6.08872376369
typewell:2,typewell,typewell,2,e006_nested_fusion,763373,154,162912057.492,14.6085871826,9.80461090035,23.3126245425,29.1396374481,41.3133399112,0.307183085555,0.482122697168,0.641323840543,0.155696540017,0.20297961944,8.74902126608,6.58164469722
typewell:2,typewell,typewell,2,shape3_ridge_equal_s100,763373,154,122702663.036,12.6782291365,10.1692519415,19.3644751725,21.4234481115,29.7537863001,0.234566544039,0.368683042188,0.5619654162,0.176865563101,0.261169020699,8.39098214169,6.47917077315
typewell:2,typewell,typewell,2,spline3_ridge_equal_s075,763373,154,120039279.769,12.5398774698,10.0957272236,19.2458819505,22.4520181672,31.5806541701,0.259104846404,0.396206362805,0.56949372512,0.161219089343,0.269287185537,8.22778691817,6.50730460745
typewell:2,typewell,typewell,2,spline4_ridge_equal_s075,763373,154,120111982.271,12.5436743206,9.97476954189,19.2389177151,22.4482052167,31.919072639,0.258463765883,0.395691307213,0.572078767116,0.160303159986,0.267618072898,8.2055309458,6.48907044923
typewell:2,typewell,typewell,2,spline5_ridge_equal_s075,763373,154,120992440.11,12.589564875,9.93841045539,19.2562485023,22.4118851508,35.2513963762,0.264523294824,0.401087739934,0.57020359766,0.160282810436,0.269513591903,8.25357511395,6.53583464574
typewell:2,typewell,typewell,2,spline7_ridge_equal_s075,763373,154,121535568.27,12.6177901542,9.96279704687,19.1889337405,22.4274658503,36.0740794955,0.265778734043,0.401991182761,0.567399964321,0.160625371658,0.271974664021,8.29901550282,6.5803277435
typewell:2,typewell,typewell,2,spline4_ridge_row_weighted_s075,763373,154,119447422.041,12.5089251248,10.1461595658,19.0285015566,22.3833394134,31.4362333853,0.252832000893,0.390963438121,0.567398969841,0.16186303039,0.270737999769,8.22742188519,6.50870519314
typewell:2,typewell,typewell,2,spline7_ridge_tree_blend_s100,763373,154,124547061.055,12.7731597669,9.80839914743,22.3710157367,24.4054059423,33.8914990675,0.270467335595,0.427419148493,0.586940299537,0.155643437634,0.25741626283,8.20927411247,6.48061668856
typewell:2,typewell,typewell,2,spline7_blend_confidence_fallback,763373,154,122783601.097,12.682409902,9.80839914743,21.3932483672,23.8392879624,33.8914990675,0.269900978278,0.41999048772,0.580169212777,0.161086345124,0.258744442099,8.21748513892,6.45115238436
typewell:3,typewell,typewell,3,e006_nested_fusion,738961,155,174879634.861,15.3836311989,9.61660544223,21.0410978096,28.8136117793,64.8699823667,0.411688615358,0.540970026357,0.656785262268,0.157272656063,0.185942081669,9.01242832626,6.63357592265
typewell:3,typewell,typewell,3,shape3_ridge_equal_s100,738961,155,115635297.049,12.5093415655,9.78228075956,17.2380793576,22.6615607606,36.6828919117,0.261212939162,0.406102044693,0.557898753379,0.161945566644,0.280155679978,8.31754809472,6.62116128484
typewell:3,typewell,typewell,3,spline3_ridge_equal_s075,738961,155,119988889.005,12.7426500683,9.09923607345,17.0508696571,23.635038558,40.928165792,0.306161091618,0.444176767517,0.580187775475,0.157479348274,0.26233287625,8.25633483173,6.52658678674
typewell:3,typewell,typewell,3,spline4_ridge_equal_s075,738961,155,120362898.703,12.7624942667,8.92222087169,16.9605199945,23.5517334024,40.8947104989,0.304705076972,0.442712021686,0.577075010326,0.156641643493,0.266283346181,8.2997924772,6.58578521654
typewell:3,typewell,typewell,3,spline5_ridge_equal_s075,738961,155,120609773.855,12.7755760751,9.46423133999,17.0538357259,23.7446355921,40.7976154587,0.304094231722,0.442237955804,0.575138257958,0.155911907629,0.268949834413,8.32730180797,6.62546147495
typewell:3,typewell,typewell,3,spline7_ridge_equal_s075,738961,155,120742890.762,12.7826243272,9.41587944672,17.0246901867,23.6562346991,40.7977488194,0.303303868535,0.441443093038,0.573607447554,0.15568368234,0.270708870106,8.34689270179,6.65075988447
typewell:3,typewell,typewell,3,spline4_ridge_row_weighted_s075,738961,155,123712862.426,12.9388795098,8.96174092735,17.0523908867,23.9614212403,41.8830543775,0.31633982302,0.454357009546,0.585278289497,0.154132200284,0.26058951022,8.33249485491,6.60503515446
typewell:3,typewell,typewell,3,spline7_ridge_tree_blend_s100,738961,155,131067250.603,13.3179179675,9.06326680296,18.4426883474,24.9326555334,44.0569441687,0.343662889466,0.476578292156,0.60216293905,0.154774760919,0.243062300031,8.40018700492,6.56591319927
typewell:3,typewell,typewell,3,spline7_blend_confidence_fallback,738961,155,131067250.603,13.3179179675,9.06326680296,18.4426883474,24.9326555334,44.0569441687,0.343662889466,0.476578292156,0.60216293905,0.154774760919,0.243062300031,8.40018700492,6.56591319927
typewell:4,typewell,typewell,4,e006_nested_fusion,766111,154,148224085.989,13.90956478,10.2861313979,20.1406853073,23.1660150411,44.5813211827,0.277854364112,0.423968662682,0.585603634536,0.156397513874,0.257998851589,8.95409113433,7.06516693654
typewell:4,typewell,typewell,4,shape3_ridge_equal_s100,766111,154,136046697.323,13.3259491768,10.1598929747,18.5918493666,23.1781115754,38.4094731261,0.297322375536,0.420810724864,0.532487473229,0.166693816686,0.300818710085,9.11160278434,7.30887568169
typewell:4,typewell,typewell,4,spline3_ridge_equal_s075,766111,154,123570866.078,12.7002478435,9.70119993039,18.1736212836,22.0047232283,34.7357970376,0.26957827425,0.408427576726,0.516153745675,0.165639245481,0.318207008844,8.83417275756,7.1641895327
typewell:4,typewell,typewell,4,spline4_ridge_equal_s075,766111,154,124420486.13,12.7438337693,9.59811034867,18.3496425204,21.9107389465,35.2562568459,0.269201367736,0.407133815558,0.513477957941,0.163618521435,0.322903520625,8.88896831916,7.24163261016
typewell:4,typewell,typewell,4,spline5_ridge_equal_s075,766111,154,124590167.366,12.7525206536,9.76303303574,18.4373695608,21.9411765611,34.5132628852,0.264563936992,0.402707726504,0.514092735086,0.161877730481,0.324029534433,8.88940579224,7.25919284689
typewell:4,typewell,typewell,4,spline7_ridge_equal_s075,766111,154,124467376.587,12.746234933,9.70974437452,18.3799519448,21.9332241207,34.1306607187,0.263630685175,0.401356728824,0.515681105117,0.161215717844,0.323103177039,8.87049029881,7.24523594629
typewell:4,typewell,typewell,4,spline4_ridge_row_weighted_s075,766111,154,121769865.947,12.607357409,9.69724832509,18.4252997301,21.7378051156,32.687722485,0.268565353873,0.4073732537,0.499721438844,0.164701184232,0.335577376924,8.91723087342,7.30332121858
typewell:4,typewell,typewell,4,spline7_ridge_tree_blend_s100,766111,154,121855595.406,12.6117945977,9.74340518448,19.1024199425,21.0589792212,32.8273385708,0.274051535526,0.414243578726,0.523467466783,0.161930685854,0.314601847364,8.70609028814,7.07387731225
typewell:4,typewell,typewell,4,spline7_blend_confidence_fallback,766111,154,121855595.406,12.6117945977,9.74340518448,19.1024199425,21.0589792212,32.8273385708,0.274051535526,0.414243578726,0.523467466783,0.161930685854,0.314601847364,8.70609028814,7.07387731225
