context,scope,label,outer_group,weight,passes_conservative_constraints,selected_rmse,selected_conservative,rows_scored,wells_scored,sse,rmse,median_well_rmse,p90_well_rmse,p95_well_rmse,max_well_rmse,worst_5pct_sse_share,worst_10pct_sse_share,mean_error_sse_share,linear_trend_sse_share,shape_sse_share,datum_removed_rmse,datum_trend_removed_rmse
repeated:v1:0,repeated,v1,0,0,False,False,False,3025359,614,779478994.3,16.0514307543,10.1398879027,23.4270090561,29.7513823169,68.7922076466,0.388444774341,0.536236809186,0.669930739352,0.154683666773,0.175385593875,9.22181254164,6.72218883824
repeated:v1:0,repeated,v1,0,0.125,True,False,False,3025359,614,757073581.498,15.8190568663,10.0418216015,22.8310013747,30.2655333676,67.7275653141,0.387381914068,0.533227971337,0.663200896279,0.156223014858,0.180576088863,9.18049399366,6.72218883824
repeated:v1:0,repeated,v1,0,0.25,True,False,False,3025359,614,739494147.613,15.6343169546,9.95087805281,22.6153480826,30.0060135168,66.6644206516,0.385514704013,0.529188691793,0.657947312113,0.157183900527,0.18486878736,9.14377257962,6.72218883824
repeated:v1:0,repeated,v1,0,0.375,True,False,False,3025359,614,726740692.647,15.4989144379,9.93908206114,22.2128028363,29.703452218,65.6028464716,0.382244657581,0.525884739414,0.654381776906,0.157505203262,0.188113019832,9.11170388095,6.72218883824
repeated:v1:0,repeated,v1,0,0.5,True,False,False,3025359,614,718813216.599,15.4141495546,9.92131183456,22.5379462165,29.2037688577,64.542920266,0.37734796807,0.523167940277,0.652665955689,0.157146408397,0.190187635914,9.08433717155,6.72218883824
repeated:v1:0,repeated,v1,0,0.625,True,True,True,3025359,614,715711719.47,15.3808595289,9.95391197026,22.3228608453,29.1616187449,63.4847245777,0.371393732047,0.51854688279,0.652896021599,0.156092174892,0.191011803509,9.06171505206,6.72218883824
repeated:v1:0,repeated,v1,0,0.75,True,False,False,3025359,614,717436201.259,15.399378196,10.0815868958,23.060241071,29.263632625,62.4283474062,0.364438943512,0.513894421718,0.655092568259,0.154354758083,0.190552673658,9.04387312654,6.72218883824
repeated:v1:0,repeated,v1,0,0.875,True,False,False,3025359,614,723986661.966,15.4695194955,10.1675843397,23.047695902,29.4834870231,61.3738826536,0.357984384214,0.50837472794,0.659197618159,0.151973783871,0.188828597971,9.03083972724,6.72218883824
repeated:v1:0,repeated,v1,0,1,True,False,False,3025359,614,735363101.592,15.5905866996,10.3907880488,22.9549411478,30.2781454973,60.3214306115,0.351404639833,0.502350250515,0.665079348829,0.149013327248,0.185907323923,9.02263569226,6.72218883824
repeated:v1:1,repeated,v1,1,0,False,False,False,3025766,617,753897648.214,15.7847796992,10.0737860872,23.2786015214,27.9138681898,72.8873246132,0.390722296614,0.525439453595,0.651967807315,0.164152835799,0.183879356886,9.31211292453,6.7686960604
repeated:v1:1,repeated,v1,1,0.125,True,False,False,3025766,617,733010268.635,15.5645783536,10.0081542779,22.8164260491,28.0237880927,71.3366839075,0.388430035393,0.523301157776,0.645096035719,0.16578490191,0.18911906237,9.27241338714,6.7686960604
repeated:v1:1,repeated,v1,1,0.25,True,False,False,3025766,617,716975338.416,15.3933959182,9.95529996537,22.4612044388,28.4948167892,69.7867283177,0.386549619538,0.52027718732,0.639894670557,0.166756678124,0.193348651319,9.23738860029,6.7686960604
repeated:v1:1,repeated,v1,1,0.375,True,False,False,3025766,617,705792857.559,15.2728807321,9.96937888911,22.2065141252,28.5759933073,68.2375045295,0.383258578646,0.51582953659,0.636584842763,0.167003117603,0.196412039634,9.20709191392,6.7686960604
repeated:v1:1,repeated,v1,1,0.5,True,False,True,3025766,617,699462826.063,15.204237673,10.1531642345,22.2167454744,27.157066059,66.6890635431,0.377853059892,0.511099988873,0.63532615847,0.166484303006,0.198189538524,9.18157013248,6.7686960604
repeated:v1:1,repeated,v1,1,0.625,True,True,False,3025766,617,697985243.929,15.1881700665,10.3675238329,22.1729296078,27.2326245115,65.1414611814,0.37120219212,0.505798252763,0.636200674591,0.165190234576,0.198609090833,9.16086316413,6.7686960604
repeated:v1:1,repeated,v1,1,0.75,True,False,False,3025766,617,701360111.156,15.2248443709,10.5835997424,22.2273990125,27.6501767693,64.4086291709,0.363745130045,0.499531775207,0.639203722056,0.163142872073,0.197653405871,9.14500371537,6.7686960604
repeated:v1:1,repeated,v1,1,0.875,True,False,False,3025766,617,709587427.745,15.3138816654,10.6363817999,22.1151291271,28.2565266075,63.7455757603,0.356903816704,0.492991584631,0.644243322151,0.160394965829,0.19536171202,9.13401703656,6.7686960604
repeated:v1:1,repeated,v1,1,1,True,False,False,3025766,617,722667193.695,15.4543769399,10.7905500921,22.1464735095,27.9184572828,63.0831972335,0.348791895236,0.485626200055,0.651148401243,0.157025795785,0.191825802972,9.12792072282,6.7686960604
repeated:v1:2,repeated,v1,2,0,False,False,False,3026912,619,715393597.143,15.373495564,10.1271885966,22.3025415148,28.1828958561,66.5815365655,0.379720678803,0.512106277665,0.655631243143,0.157006431092,0.187362325765,9.02161933691,6.65447443968
repeated:v1:2,repeated,v1,2,0.125,True,False,False,3026912,619,696033052.333,15.1640439374,10.0415829154,21.87187736,28.5322980446,64.562290107,0.380415358864,0.511975734378,0.648747171464,0.15867891592,0.192573912617,8.98721122986,6.65447443968
repeated:v1:2,repeated,v1,2,0.25,True,False,False,3026912,619,681167787.146,15.0012397948,9.99569520853,21.3051180135,27.8216356456,62.5477579843,0.379887928998,0.511642075425,0.643432613105,0.159790894043,0.196776492852,8.95772988603,6.65447443968
repeated:v1:2,repeated,v1,2,0.375,True,False,False,3026912,619,670797801.58,14.8866136644,9.81017755356,21.145381944,27.2835793507,60.5384108348,0.378074212973,0.510892754716,0.639898756854,0.1602827466,0.199818496546,8.93322408335,6.65447443968
repeated:v1:2,repeated,v1,2,0.5,True,False,True,3026912,619,664923095.635,14.8212833982,9.91625452698,21.2690191589,27.5710334249,58.5347826212,0.374441668836,0.508837626704,0.638300589927,0.160115483935,0.201583926138,8.91373485844,6.65447443968
repeated:v1:2,repeated,v1,2,0.625,True,True,False,3026912,619,663543669.313,14.805901557,10.049692261,21.3024173102,27.6439857496,56.5374813657,0.36952448783,0.505335448785,0.638722006485,0.159274998991,0.202002994524,8.89929516989,6.65447443968
repeated:v1:2,repeated,v1,2,0.75,True,False,False,3026912,619,666659522.612,14.8406234513,10.2754695,21.1563066746,27.5794115931,56.2558249667,0.364188210598,0.500323735758,0.641167018237,0.157774114902,0.201058866861,8.88992962325,6.65447443968
repeated:v1:2,repeated,v1,2,0.875,True,False,False,3026912,619,674270655.532,14.9250994,10.4054680804,21.4403994109,27.6740917841,56.1084033395,0.35734004281,0.494360940164,0.645558669867,0.155652005552,0.198789324581,8.88565426307,6.65447443968
repeated:v1:2,repeated,v1,2,1,True,False,False,3026912,619,686377068.075,15.0584920873,10.6336691173,22.024066954,27.8067979416,55.9610048673,0.349081122765,0.488553797531,0.65174591683,0.152971031867,0.195283051303,8.88647643616,6.65447443968
repeated:v1:3,repeated,v1,3,0,False,False,False,3029914,622,737188478.307,15.5981868541,10.2950565086,22.2883174677,28.4396658789,74.3562666766,0.391043201015,0.525277824987,0.66077958048,0.153161805582,0.186058613937,9.0847945854,6.7282018055
repeated:v1:3,repeated,v1,3,0.125,True,False,False,3029914,622,718338804.91,15.3974751904,10.070034427,21.729461274,27.9852038576,72.6856498062,0.388054853527,0.522436282791,0.654252514642,0.154806573428,0.19094091193,9.05376104594,6.7282018055
repeated:v1:3,repeated,v1,3,0.25,True,False,False,3029914,622,704240414.711,15.2456280983,10.1634513451,21.6446922618,28.3715560025,71.0174764237,0.383687465596,0.519247337619,0.649419327086,0.155817260279,0.194763412635,9.02691403339,6.7282018055
repeated:v1:3,repeated,v1,3,0.375,True,False,False,3029914,622,694893307.709,15.1441155158,10.172039737,21.6703139965,28.0353347466,69.3519228544,0.379196470915,0.515202973186,0.646482256629,0.156134540853,0.197383202518,9.00429099521,6.7282018055
repeated:v1:3,repeated,v1,3,0.5,True,True,True,3029914,622,690297483.906,15.0939530333,10.0702480837,21.6623150793,28.7478073961,67.6891824874,0.374296212279,0.509657217198,0.645578974623,0.155723696063,0.198697329314,8.98592383441,6.7282018055
repeated:v1:3,repeated,v1,3,0.625,True,False,False,3029914,622,690452943.3,15.0956525649,10.3099127797,21.7086015953,27.8799511971,66.0294678472,0.368389971672,0.503789294537,0.646768740785,0.154578667731,0.198652591484,8.97183868894,6.7282018055
repeated:v1:3,repeated,v1,3,0.75,True,False,False,3029914,622,695359685.893,15.1491966559,10.2610275811,22.1656118473,27.6433142683,64.3730129693,0.360825556625,0.497741950317,0.650025762853,0.152723419668,0.197250817479,8.96205574821,6.7282018055
repeated:v1:3,repeated,v1,3,0.875,False,False,False,3029914,622,705017711.683,15.2540393682,10.3044843176,22.7108035032,27.6611659219,62.7200761278,0.353440788988,0.491935246485,0.655241028557,0.150210289599,0.194548681844,8.95658910964,6.7282018055
repeated:v1:3,repeated,v1,3,1,False,False,False,3029914,622,719427020.671,15.4091336404,10.5584918001,22.9991917167,28.0371247846,61.0709429793,0.346473966159,0.486371465422,0.662232343023,0.147115565043,0.190652091933,8.95544667757,6.7282018055
repeated:v1:4,repeated,v1,4,0,False,False,False,3028005,620,768093887.38,15.9268122496,10.3633049271,23.3193705776,29.2736021351,72.4328099914,0.361114944341,0.502012416799,0.666977625236,0.160711998912,0.172310375852,9.1910592799,6.6112651519
repeated:v1:4,repeated,v1,4,0.125,True,False,False,3028005,620,744051473.911,15.6755647643,10.3217031428,23.2677543019,28.6047125288,70.952481434,0.358571997988,0.498389832009,0.659200777336,0.162921009846,0.177878212818,9.15108300069,6.6112651519
repeated:v1:4,repeated,v1,4,0.25,True,False,False,3028005,620,724874769.665,15.4722401597,10.1583834435,22.6824161585,28.30469321,69.4728228436,0.355760708471,0.493840625491,0.652862868973,0.164553115191,0.182584015836,9.1159877482,6.6112651519
repeated:v1:4,repeated,v1,4,0.375,True,False,False,3028005,620,710563774.641,15.3187467855,10.1661006711,22.4479776486,28.0861403222,67.9938779591,0.352258418586,0.490061858813,0.648210602296,0.165528077964,0.18626131974,9.08583008347,6.6112651519
repeated:v1:4,repeated,v1,4,0.5,True,False,False,3028005,620,701118488.839,15.2165926947,10.295221848,22.6754026192,27.7685592163,66.5156943871,0.347282756524,0.485215016968,0.645444056696,0.165785359543,0.188770583761,9.06065930972,6.6112651519
repeated:v1:4,repeated,v1,4,0.625,True,True,True,3028005,620,696538912.259,15.1668152896,10.4195300124,22.6110832582,27.6292954692,65.0383240367,0.341048387971,0.47865709031,0.644697922628,0.165290372218,0.190011705153,9.04051708083,6.6112651519
repeated:v1:4,repeated,v1,4,0.75,True,False,False,3028005,620,696825044.9,15.1699301733,10.5390088348,22.1858053469,27.4734622905,63.5618236132,0.334035447197,0.471854135788,0.64602766495,0.164038653141,0.189933681908,9.02543706374,6.6112651519
repeated:v1:4,repeated,v1,4,0.875,True,False,False,3028005,620,701976886.764,15.2259048838,10.6606954338,22.5699016129,27.3139034033,62.0862551811,0.327056165373,0.464732654659,0.649403094141,0.162057156304,0.188539749555,9.01544466096,6.6112651519
repeated:v1:4,repeated,v1,4,1,True,False,False,3028005,620,711994437.85,15.3341605652,10.8773988995,22.9094814772,26.9536171509,60.6116868071,0.32149693711,0.456484773474,0.654710601536,0.159402347403,0.185887051061,9.01055679851,6.6112651519
repeated:v2:0,repeated,v2,0,0,False,False,False,3028968,622,735149726.414,15.5790351569,10.3643050738,22.2201314557,28.0224318197,64.1648302163,0.377241435285,0.512911799108,0.647006473846,0.160964205411,0.192029320743,9.25601239805,6.82691240041
repeated:v2:0,repeated,v2,0,0.125,True,False,False,3028968,622,718364299.46,15.4001527299,10.2704309249,21.8026640768,28.2055676223,62.6617688986,0.374806641648,0.511430848214,0.641531654792,0.161952033479,0.196516311729,9.22041425436,6.82691240041
repeated:v2:0,repeated,v2,0,0.25,True,False,False,3028968,622,706596944.054,15.2734987894,10.1277310056,21.9882876437,28.4712008242,61.1606571173,0.371167811485,0.508875532041,0.637994779835,0.162216212024,0.199789008141,9.18958610531,6.82691240041
repeated:v2:0,repeated,v2,0,0.375,True,False,True,3028968,622,699847660.195,15.2003789401,10.0920786415,21.905740648,28.2276612077,59.661642026,0.36589618451,0.505792962337,0.636569684387,0.161714555687,0.201715759925,9.16357609277,6.82691240041
repeated:v2:0,repeated,v2,0,0.5,True,True,False,3028968,622,698116447.883,15.1815667194,10.1900681953,22.1976125321,27.8950419936,58.1648857315,0.359264190394,0.500581899445,0.637348348362,0.160435670284,0.202215981354,9.14242533932,6.82691240041
repeated:v2:0,repeated,v2,0,0.625,False,False,False,3028968,622,701403307.118,15.2172635409,10.2422691197,22.6095150112,28.1923389508,56.6705672088,0.351928947558,0.494106209236,0.640330377338,0.158401249423,0.201268373239,9.12616763039,6.82691240041
repeated:v2:0,repeated,v2,0,0.75,False,False,False,3028968,622,709708237.901,15.3070880567,10.3785798722,23.0318589633,28.2995626123,55.1788845129,0.343551493421,0.488029348494,0.645421903791,0.1556649442,0.198913152009,9.11482914853,6.82691240041
repeated:v2:0,repeated,v2,0,0.875,False,False,False,3028968,622,723031240.231,15.4500962249,10.4451234892,23.4800924159,28.8883855529,53.6900573394,0.334559066912,0.481984278682,0.652444226417,0.152307913251,0.195247860331,9.10842826463,6.82691240041
repeated:v2:0,repeated,v2,0,1,False,False,False,3028968,622,741372314.109,15.6448296708,10.6941153547,23.8510982163,29.2312439587,52.6024958281,0.327433753856,0.475075767799,0.661150657347,0.148431788717,0.190417553935,9.10697538994,6.82691240041
repeated:v2:1,repeated,v2,1,0,False,False,False,3025312,619,707618216.302,15.2937651612,10.1269416241,22.7295245312,28.8355818849,61.5813021924,0.362954372701,0.504760499045,0.647606175175,0.15913248664,0.193261338185,9.07880236153,6.72336839669
repeated:v2:1,repeated,v2,1,0.125,True,False,False,3025312,619,690699079.981,15.109822193,10.0322568116,22.3698107709,28.5816399732,61.1571964261,0.363188270491,0.504202312447,0.641493316983,0.160511278983,0.197995404034,9.04707064753,6.72336839669
repeated:v2:1,repeated,v2,1,0.25,True,False,False,3025312,619,678514267.955,14.9759508908,9.95281102084,22.0763709578,28.6098956525,60.7338371216,0.362032518949,0.502760282799,0.637256220444,0.161192758648,0.201551020907,9.0197477932,6.72336839669
repeated:v2:1,repeated,v2,1,0.375,True,False,False,3025312,619,671063780.225,14.8935015338,10.0182835625,22.070084416,28.2320369063,60.3112399983,0.359719149677,0.500128406606,0.635086740314,0.161124517935,0.203788741751,8.99687396678,6.72336839669
repeated:v2:1,repeated,v2,1,0.5,True,True,True,3025312,619,668347616.791,14.863329885,9.93003977596,21.5765935832,28.4127339892,59.8894211908,0.356940389168,0.497921474639,0.635100126976,0.160282934217,0.204616938807,8.97848317173,6.72336839669
repeated:v2:1,repeated,v2,1,0.625,True,False,False,3025312,619,670365777.653,14.8857538298,10.031361763,21.8116064022,28.6141571952,59.4683972612,0.352566122751,0.494714029596,0.637322630187,0.158676437836,0.204000931977,8.96460299878,6.72336839669
repeated:v2:1,repeated,v2,1,0.75,True,False,False,3025312,619,677118262.811,14.9605368678,10.3862424562,21.7753552363,28.9466610303,59.0481852123,0.346898393166,0.491499769557,0.64168787866,0.156345565543,0.201966555796,8.95525442162,6.72336839669
repeated:v2:1,repeated,v2,1,0.875,True,False,False,3025312,619,688605072.264,15.0869004152,10.5956805619,21.9552276826,30.0951273249,58.6288025013,0.341547476891,0.487789869518,0.648042800516,0.153359703016,0.198597496468,8.95045163978,6.72336839669
repeated:v2:1,repeated,v2,1,1,True,False,False,3025312,619,704826206.013,15.2635634563,10.8464447205,21.9859665381,30.7560874443,58.2102670533,0.336523111169,0.483758819524,0.656162058248,0.149811042298,0.194026899454,8.95020197123,6.72336839669
repeated:v2:2,repeated,v2,2,0,False,False,False,3028729,613,757533634.486,15.8150566595,10.1067208839,22.4619734581,30.3814386131,67.760736687,0.402716361963,0.540751775922,0.662708291206,0.162131919471,0.175159789323,9.18488207975,6.61893260799
repeated:v2:2,repeated,v2,2,0.125,True,False,False,3028729,613,736079511.914,15.5894989429,9.94592149821,22.0700793349,29.7347579383,66.3710327455,0.399566103926,0.53967530099,0.656240754138,0.163494166242,0.18026507962,9.14027686198,6.61893260799
repeated:v2:2,repeated,v2,2,0.25,True,False,False,3028729,613,719076414.63,15.4083918414,9.82129513425,22.2825947956,29.4616183322,64.9819894181,0.395627425184,0.537533252708,0.651232573442,0.164239844896,0.184527581662,9.09966224169,6.61893260799
repeated:v2:2,repeated,v2,2,0.375,True,False,False,3028729,613,706524342.634,15.2733166892,9.72488565001,22.3558398321,29.167475874,63.5936499931,0.390382833093,0.533419076232,0.647883763957,0.164310347675,0.187805888368,9.06309186848,6.61893260799
repeated:v2:2,repeated,v2,2,0.5,True,False,False,3028729,613,698423295.927,15.1855018994,9.54519511472,22.333540814,28.7134239666,62.2060616004,0.383843589556,0.5271573591,0.64634781791,0.163667923839,0.189984258251,9.03061487524,6.61893260799
repeated:v2:2,repeated,v2,2,0.625,True,True,True,3028729,613,694773274.508,15.1457695376,9.64862900929,21.9059652357,28.9771524674,60.8192756444,0.376086882559,0.519590452775,0.64671766904,0.162299982199,0.190982348761,9.00227556443,6.61893260799
repeated:v2:2,repeated,v2,2,0.75,True,False,False,3028729,613,695574278.378,15.1544977989,9.76525829077,22.2337787412,28.6290482379,59.433348296,0.367802537732,0.511560589033,0.649016219217,0.160221361949,0.190762418834,8.97811311777,6.61893260799
repeated:v2:2,repeated,v2,2,0.875,True,False,False,3028729,613,700826307.536,15.2116032649,10.0397411177,22.2800141727,29.1362161743,58.0483410539,0.359788728312,0.503216523341,0.653193060229,0.157474104523,0.189332835248,8.95816133353,6.61893260799
repeated:v2:2,repeated,v2,2,1,True,False,False,3028729,613,710529361.981,15.3165448433,10.3371878319,22.5701196097,28.3676446531,56.6643213869,0.351454596591,0.495073925699,0.659128044769,0.154124666629,0.186747288602,8.94244839539,6.61893260799
repeated:v2:3,repeated,v2,3,0,False,False,False,3027700,617,729618225.862,15.5235632903,10.2719844352,21.8725364493,28.2419056683,68.3062406915,0.377548505434,0.507816120051,0.658315708351,0.158728469074,0.182955822575,9.07410756893,6.63994580038
repeated:v2:3,repeated,v2,3,0.125,True,False,False,3027700,617,706595962.018,15.2766861075,10.1547254664,21.5469896774,27.5992013448,67.2479394854,0.37487499517,0.504566299249,0.649920067079,0.161163055591,0.18891687733,9.03884135087,6.63994580038
repeated:v2:3,repeated,v2,3,0.25,True,False,False,3027700,617,688581101.679,15.0806871015,10.1414698265,21.1702888964,26.614545639,66.1905090948,0.370742248709,0.500903020735,0.643201791224,0.162938832803,0.193859375973,9.00808471736,6.63994580038
repeated:v2:3,repeated,v2,3,0.375,True,False,False,3027700,617,675573644.845,14.9375691565,10.2556189796,21.4547133138,26.2595133911,65.1339919321,0.36525537496,0.495513947397,0.63844445589,0.163963610652,0.197591933458,8.98188399498,6.63994580038
repeated:v2:3,repeated,v2,3,0.5,True,False,False,3027700,617,667573591.516,14.8488614035,10.3604539085,21.3471386886,26.6869777665,64.0784331689,0.358415343051,0.488404210049,0.635869738868,0.164170429924,0.199959831208,8.96027914959,6.63994580038
repeated:v2:3,repeated,v2,3,0.625,True,True,True,3027700,617,664580941.691,14.8155412146,10.4953119427,21.3951583823,27.5207841021,63.0238809605,0.351106319611,0.48174368367,0.635614660535,0.163525076547,0.200860262918,8.94330348882,6.63994580038
repeated:v2:3,repeated,v2,3,0.75,True,False,False,3027700,617,666595695.371,14.8379817297,10.688470748,21.3896847892,26.9673009776,61.9703866927,0.343016734902,0.474664510251,0.637716210986,0.162030616656,0.200253172358,8.93098340962,6.63994580038
repeated:v2:3,repeated,v2,3,0.875,True,False,False,3027700,617,673617852.556,14.9159312805,10.8473037142,21.4466755427,26.9453777679,60.920941262,0.334742812841,0.466370433025,0.642106378347,0.159727996778,0.198165624875,8.92333819531,6.63994580038
repeated:v2:3,repeated,v2,3,1,True,False,False,3027700,617,685647413.246,15.0485273014,10.8636482841,21.6427296266,27.517745539,59.9756835289,0.327864957917,0.45740463534,0.648618658524,0.156692496889,0.194688844586,8.92037986568,6.63994580038
repeated:v2:4,repeated,v2,4,0,False,False,False,3025247,621,719021988.867,15.4166732049,10.0085810466,22.2971377616,27.9367744622,66.41450222,0.376959411663,0.516037981104,0.651361798941,0.16118726949,0.187450931569,9.10286605969,6.6747417629
repeated:v2:4,repeated,v2,4,0.125,True,False,False,3025247,621,703427059.859,15.2485699391,9.84980702124,22.4675016275,28.3259953071,65.9102467788,0.3787473356,0.518369033982,0.646193851132,0.162199443179,0.191606705689,9.07009433841,6.6747417629
repeated:v2:4,repeated,v2,4,0.25,True,False,False,3025247,621,692547621.132,15.1301906848,9.78354730531,22.4704560127,28.9088424521,65.4061170875,0.379154101666,0.518829785391,0.642854766919,0.162528520064,0.194616713016,9.04204846213,6.6747417629
repeated:v2:4,repeated,v2,4,0.375,True,False,True,3025247,621,686383672.687,15.0627078449,9.77088746994,22.3145697645,28.0519331498,64.9021160762,0.378073489878,0.517949468915,0.641500329854,0.162135235799,0.196364434347,9.01877251918,6.6747417629
repeated:v2:4,repeated,v2,4,0.5,True,True,False,3025247,621,684935214.523,15.0468062249,9.83720027134,21.8717732512,27.8906176598,64.3982467663,0.375970145825,0.514743085131,0.642212095522,0.161008210903,0.196779693574,9.0003035166,6.6747417629
repeated:v2:4,repeated,v2,4,0.625,True,False,False,3025247,621,688202246.64,15.0826489718,9.84888063862,21.6161614895,28.2375558827,63.8945122736,0.372726343305,0.509954464485,0.644988479291,0.159165979242,0.195845541467,8.98667109147,6.6747417629
repeated:v2:4,repeated,v2,4,0.75,True,False,False,3025247,621,696184769.038,15.1698693117,10.1761759505,21.8807383212,28.027339526,63.390915812,0.368935257553,0.50402582952,0.649743998748,0.156656043847,0.193599957405,8.97789727602,6.6747417629
repeated:v2:4,repeated,v2,4,0.875,True,False,False,3025247,621,708882781.718,15.3075890444,10.3495522485,22.1299548465,28.3515033587,62.8874606975,0.363582427115,0.497281167762,0.656316893297,0.15355104946,0.190132057243,8.97399632095,6.6747417629
repeated:v2:4,repeated,v2,4,1,False,False,False,3025247,621,726296284.679,15.494461664,10.336838293,22.762420361,28.6134454357,62.3841503523,0.356682747882,0.4907622241,0.664483818249,0.149942684439,0.185573497311,8.9749745802,6.6747417629
repeated:v3:0,repeated,v3,0,0,False,False,False,3029282,625,707475809.511,15.2822023292,10.1827288013,22.3322174276,27.1535873111,68.1185447762,0.381935718088,0.512797036803,0.652414291786,0.158460412265,0.189125295949,9.0098363096,6.64600640601
repeated:v3:0,repeated,v3,0,0.125,True,False,False,3029282,625,687142608.995,15.0609923393,10.0489498309,21.8397765098,27.3790003135,66.7934232581,0.379251005542,0.509474681124,0.644572972216,0.160705335229,0.194721692556,8.97901738719,6.64600640601
repeated:v3:0,repeated,v3,0,0.25,True,False,False,3029282,625,671574463.971,14.8894012901,9.96257248051,21.8573074037,27.077610994,65.4690416545,0.375388743388,0.506168358308,0.638467026798,0.162297327673,0.19923564553,8.95264144576,6.64600640601
repeated:v3:0,repeated,v3,0,0.375,True,False,False,3029282,625,660771374.441,14.7691587313,10.0151091358,21.9788754061,26.8962531517,64.1454457956,0.369698205802,0.502638622983,0.634351211082,0.16315579811,0.202492990808,8.9307478509,6.64600640601
repeated:v3:0,repeated,v3,0,0.5,True,False,True,3029282,625,654733340.404,14.7015246421,10.0362337669,21.3763075693,26.6198815785,62.8226853454,0.364428033825,0.497232477192,0.632413899346,0.163225693762,0.204360406892,8.91336963217,6.64600640601
repeated:v3:0,repeated,v3,0,0.625,True,True,False,3029282,625,653460361.861,14.6872258202,10.2085480264,21.5055468432,27.1363939551,61.5008142078,0.359632198963,0.491632721203,0.632757861154,0.162483626073,0.204758512773,8.9005332383,6.64600640601
repeated:v3:0,repeated,v3,0,0.75,True,False,False,3029282,625,656952438.81,14.7264176262,10.2391921395,21.4354967734,27.564130252,60.1798909851,0.354483646925,0.486639988488,0.635388873249,0.160941022271,0.20367010448,8.89225833834,6.64600640601
repeated:v3:0,repeated,v3,0,0.875,True,False,False,3029282,625,665209571.253,14.8186756571,10.4478119386,21.5544127831,27.6756197941,59.6875182467,0.349758711932,0.481128529636,0.640214377699,0.158643639935,0.201141982366,8.888557672,6.64600640601
repeated:v3:0,repeated,v3,0,1,True,False,False,3029282,625,678231759.189,14.9630183678,10.5402989936,21.6719554243,28.1734968643,59.3100075874,0.346141018744,0.475113253884,0.647052516267,0.155667468402,0.197280015331,8.88943695206,6.64600640601
repeated:v3:1,repeated,v3,1,0,False,False,False,3024615,620,763118291.543,15.8840366672,10.3935749112,22.8535408517,28.4178853047,73.4068873996,0.380503402818,0.510927138493,0.669118119214,0.153974972705,0.17690690808,9.13686848499,6.6808739364
repeated:v3:1,repeated,v3,1,0.125,True,False,False,3024615,620,741856979.724,15.6612002527,10.4402685786,22.5830071399,28.0432069609,71.8495150702,0.378273121611,0.507965950541,0.661873272005,0.156149741667,0.181976986328,9.10677892202,6.6808739364
repeated:v3:1,repeated,v3,1,0.25,True,False,False,3024615,620,725554584.565,15.4881659931,10.4783635778,22.3112896791,27.7499176775,70.2928267642,0.37478310886,0.503278864283,0.656212429823,0.157721765718,0.18606580446,9.08123845965,6.6808739364
repeated:v3:1,repeated,v3,1,0.375,True,False,False,3024615,620,714211106.069,15.3666163569,10.4471054061,22.4220702867,28.0737278676,68.7368689549,0.370683550507,0.497876595402,0.652361974141,0.158617025892,0.189020999967,9.06028556897,6.6808739364
repeated:v3:1,repeated,v3,1,0.5,True,False,True,3024615,620,707826544.233,15.2977786181,10.4151255029,22.3622994649,27.0859698879,67.1816923981,0.365089301158,0.492305286262,0.650489870555,0.158784169029,0.190725960416,9.04395213528,6.6808739364
repeated:v3:1,repeated,v3,1,0.625,True,True,False,3024615,620,706400899.059,15.2823650983,10.4420268399,22.5067871354,26.9489407495,65.6273526342,0.357497192736,0.486751236714,0.650689187394,0.158199932599,0.191110880006,9.03226321932,6.6808739364
repeated:v3:1,repeated,v3,1,0.75,True,False,False,3024615,620,709934170.547,15.3205370437,10.6361726493,23.0422175365,26.7200433289,64.0739105612,0.349897723972,0.481017669128,0.65296822704,0.156872032723,0.190159740237,9.02523686696,6.6808739364
repeated:v3:1,repeated,v3,1,0.875,False,False,False,3024615,620,718426358.696,15.4118963004,10.7615719333,23.2757071188,27.4006326584,62.5214330929,0.342707038804,0.475459287058,0.657249111811,0.154838938937,0.187911949252,9.02288397077,6.6808739364
repeated:v3:1,repeated,v3,1,1,False,False,False,3024615,620,731877463.506,15.5555057714,10.9355567549,23.5600705276,28.1130361749,60.9699939143,0.335531649839,0.470132260094,0.663375140902,0.152166525309,0.18445833379,9.02520818592,6.6808739364
repeated:v3:2,repeated,v3,2,0,False,False,False,3029614,618,705975336.188,15.2651513629,10.0706995948,21.9562313391,29.9672173972,66.9389403764,0.356841491515,0.503468900422,0.640627043876,0.166696087889,0.192676868235,9.15111074158,6.70063411727
repeated:v3:2,repeated,v3,2,0.125,True,False,False,3029614,618,690838540.817,15.1006148089,10.0724730619,21.2742219069,29.2538449572,66.2915178255,0.35644260395,0.502105884002,0.634973639905,0.168127795827,0.196898564268,9.12340057384,6.70063411727
repeated:v3:2,repeated,v3,2,0.25,True,False,False,3029614,618,680496935.503,14.9871632302,10.0143595135,21.515608293,28.6659812311,65.6442436085,0.355491383206,0.499580536089,0.63133672143,0.168772419801,0.19989085877,9.099853024,6.70063411727
repeated:v3:2,repeated,v3,2,0.375,True,False,True,3029614,618,674950520.244,14.9259615563,10.0776500891,21.4252248624,28.0931195608,64.997122157,0.352895260153,0.496467395139,0.629886493871,0.168580041456,0.201533464673,9.08050047562,6.70063411727
repeated:v3:2,repeated,v3,2,0.5,True,True,False,3029614,618,674199295.042,14.9176528879,10.2796134237,21.5129382122,28.4379493257,64.3501580797,0.34896072767,0.493192405901,0.630707868677,0.167534108394,0.201758022929,9.06536979492,6.70063411727
repeated:v3:2,repeated,v3,2,0.625,True,False,False,3029614,618,678243259.895,14.9623253405,10.4086864098,21.2538179873,28.7862531565,63.7033561714,0.344874936288,0.489232813365,0.63379097256,0.165653968701,0.200555058739,9.05448214704,6.70063411727
repeated:v3:2,repeated,v3,2,0.75,True,False,False,3029614,618,687082414.804,15.0595074327,10.4976041175,21.7121387204,28.9433672815,63.0567214224,0.339725093202,0.484333884172,0.639031318395,0.162993716889,0.197974964716,9.04785284945,6.70063411727
repeated:v3:2,repeated,v3,2,0.875,True,False,False,3029614,618,700716759.77,15.2081925699,10.5991768969,21.8778847204,29.472067,62.4102590286,0.334320941768,0.479496086951,0.64623968572,0.159637489428,0.194122824852,9.04549126476,6.70063411727
repeated:v3:2,repeated,v3,2,1,False,False,False,3029614,618,719146294.791,15.4068897245,10.8951870331,22.629047909,29.4754565309,61.7639744019,0.3278706615,0.474591570225,0.655159945111,0.155692008361,0.189148046528,9.04740073492,6.70063411727
repeated:v3:3,repeated,v3,3,0,False,False,False,3025297,615,716784382.079,15.392538858,10.0234298105,21.9854562144,28.1411859894,66.286856003,0.378482115906,0.514068854471,0.656801826208,0.156646393396,0.186551780396,9.01742923299,6.64829003823
repeated:v3:3,repeated,v3,3,0.125,True,False,False,3025297,615,695490166.633,15.1621744319,10.0066278034,21.7819536091,28.714170949,64.1550432861,0.377462415176,0.512073984421,0.648736880623,0.158999577702,0.192263541675,8.98623487211,6.64829003823
repeated:v3:3,repeated,v3,3,0.25,True,False,False,3025297,615,679006587.335,14.9814202041,9.85938893546,21.5370165491,28.3999330826,62.0278496316,0.374658391637,0.509977072996,0.642367793183,0.160701271049,0.196930935769,8.95924260133,6.64829003823
repeated:v3:3,repeated,v3,3,0.375,True,False,False,3025297,615,667333644.187,14.8520875967,9.92348011132,21.4909091721,27.9843004297,59.9057670964,0.369956394519,0.507948982748,0.637957969643,0.161666395468,0.200375634889,8.9364904974,6.64829003823
repeated:v3:3,repeated,v3,3,0.5,True,False,False,3025297,615,660471337.187,14.775526977,9.88358877816,21.6332783477,27.5558190879,57.7893587394,0.36374085567,0.504027432452,0.635707650788,0.161834808501,0.202457540711,8.91801101361,6.64829003823
repeated:v3:3,repeated,v3,3,0.625,True,True,True,3025297,615,658419666.335,14.7525599722,10.0514668817,21.2889305755,27.9401613113,55.6792716028,0.357018521655,0.498967413869,0.635733682987,0.16117790779,0.203088409223,8.90383075286,6.64829003823
repeated:v3:3,repeated,v3,3,0.75,True,False,False,3025297,615,661178631.633,14.7834363677,10.2444165521,21.7149412514,28.3306006268,53.6122830546,0.348690601014,0.492562529647,0.638056688921,0.159702348895,0.202240962184,8.89397027881,6.64829003823
repeated:v3:3,repeated,v3,3,0.875,True,False,False,3025297,615,668748233.079,14.8678207133,10.3280710962,21.7061271589,28.2619983088,53.4927338434,0.341105106262,0.484983869989,0.64259810805,0.157450107373,0.199951784577,8.88844396804,6.64829003823
repeated:v3:3,repeated,v3,3,1,False,False,False,3025297,615,681128470.675,15.0048102789,10.5614115062,22.3628343058,28.3304568898,53.3733103656,0.333824510255,0.478057864472,0.649187753895,0.154494798818,0.196317447286,8.88725990582,6.64829003823
repeated:v3:4,repeated,v3,4,0,False,False,False,3027148,614,752724882.419,15.7688967296,9.88817083776,22.6039266144,29.3683523727,69.5911867301,0.38771923429,0.528805949391,0.661295288982,0.152263108445,0.186441602574,9.17723658196,6.80883363108
repeated:v3:4,repeated,v3,4,0.125,True,False,False,3027148,614,735609688.736,15.5885920961,9.88730355609,22.6669131983,29.0896978579,68.4468533517,0.384924200169,0.525790919544,0.655842231956,0.153378288758,0.190779479286,9.14504151524,6.80883363108
repeated:v3:4,repeated,v3,4,0.25,True,False,False,3027148,614,723316936.68,15.4577930954,9.82150632364,22.2919512823,29.0554664145,67.3036097488,0.380658345888,0.521460852639,0.652135149583,0.153843078966,0.194021771451,9.11701698759,6.80883363108
repeated:v3:4,repeated,v3,4,0.375,True,False,False,3027148,614,715846626.251,15.3777630231,9.89969339753,22.1917712822,28.4940779148,66.1615124138,0.376280115045,0.516782160172,0.650338909674,0.153614579483,0.196046510843,9.09320155891,6.80883363108
repeated:v3:4,repeated,v3,4,0.5,True,True,True,3027148,614,713198757.45,15.3492960158,9.94605171941,22.3970552208,28.1703110432,65.0206217501,0.370237210714,0.511396841567,0.650549993811,0.152675640124,0.196774366064,9.07362837195,6.80883363108
repeated:v3:4,repeated,v3,4,0.625,True,False,False,3027148,614,715373330.275,15.3726785284,10.0237935128,22.8168351987,28.6150410067,63.8810024096,0.362484570456,0.505239952092,0.652786422753,0.151037360668,0.196176216579,9.05832492661,6.80883363108
repeated:v3:4,repeated,v3,4,0.75,False,False,False,3027148,614,722370344.728,15.4476751152,10.1330161384,23.3850856914,28.2224344864,62.742723667,0.35415245375,0.497688999359,0.656985115389,0.148738867608,0.194276017003,9.04731288959,6.80883363108
repeated:v3:4,repeated,v3,4,0.875,False,False,False,3027148,614,734189800.808,15.5735401295,10.4690649446,23.4748841918,28.3368762434,61.6058598322,0.34774424273,0.490636410798,0.663007233216,0.145844329118,0.191148437667,9.04060794254,6.80883363108
repeated:v3:4,repeated,v3,4,1,False,False,False,3027148,614,750831698.514,15.7490540109,10.6672767954,23.88175931,29.2779021311,60.4704907074,0.341707373752,0.484657385318,0.67065062758,0.142437666837,0.186911705583,9.03821967102,6.80883363108
repeated:v4:0,repeated,v4,0,0,False,False,False,3029199,619,707646895.488,15.2842594236,10.3427001434,22.9627165007,27.3509702694,64.0205374876,0.357540733473,0.494882584105,0.645035855678,0.159429214167,0.195534930155,9.10618865832,6.75859738199
repeated:v4:0,repeated,v4,0,0.125,True,False,False,3029199,619,692905077.996,15.1242194283,10.2460858179,22.5447073419,27.3919170845,63.7135428795,0.355366841206,0.494348818611,0.639581851853,0.16072313843,0.199695009717,9.07980026449,6.75859738199
repeated:v4:0,repeated,v4,0,0.25,True,False,False,3029199,619,682882306.374,15.0144361604,10.0828169178,22.442660108,27.3711958897,63.4066276851,0.351382775822,0.493184925402,0.636053927217,0.161320107823,0.20262596496,9.05790051503,6.75859738199
repeated:v4:0,repeated,v4,0,0.375,True,False,True,3029199,619,677578580.621,14.9560163755,9.88015566249,22.5092063997,27.514842724,63.0997930632,0.347501654875,0.49096647415,0.634611265183,0.161176721273,0.204212013545,9.04052202986,6.75859738199
repeated:v4:0,repeated,v4,0,0.5,True,True,False,3029199,619,676993900.739,14.9495622391,9.91715705316,22.8898803946,28.1326477751,62.793040195,0.342784419391,0.487409465214,0.635333043639,0.16027857689,0.20438837947,9.02769091959,6.75859738199
repeated:v4:0,repeated,v4,0,0.625,True,False,False,3029199,619,681128266.726,14.9951408519,9.8953547858,22.8837747449,28.3462355983,62.4863702845,0.336417009247,0.482725682473,0.638209834402,0.158642398807,0.203147766791,9.01942659164,6.75859738199
repeated:v4:0,repeated,v4,0,0.75,True,False,False,3029199,619,689981678.583,15.0922808053,10.0387717855,23.0700998466,28.0587311238,62.1797845591,0.329763403621,0.478544725308,0.643143872627,0.156315025227,0.200541102146,9.01574160451,6.75859738199
repeated:v4:0,repeated,v4,0,0.875,False,False,False,3029199,619,703554136.31,15.2399961729,10.3069255,23.4724597584,28.6425847422,61.8732842703,0.322836137685,0.47416289085,0.649958209834,0.153369381971,0.196672408195,9.01664157276,6.75859738199
repeated:v4:0,repeated,v4,0,1,False,False,False,3029199,619,721845639.907,15.4368351519,10.5783965047,24.4585799031,28.8978171105,61.5668706941,0.315942006335,0.469496992305,0.658413137787,0.149898115155,0.191688747059,9.02212512433,6.75859738199
repeated:v4:1,repeated,v4,1,0,False,False,False,3026302,617,727264891.048,15.5020873166,10.3195232481,23.2788304451,28.7869033802,62.9109433947,0.365785734579,0.508214036119,0.655694139344,0.156598143954,0.187707716702,9.09624996678,6.71631786948
repeated:v4:1,repeated,v4,1,0.125,True,False,False,3026302,617,709130430.26,15.3075937776,10.0396722884,23.2145376395,28.4334517649,61.8507484893,0.365080367899,0.507999476173,0.649420152443,0.158071916279,0.192507931278,9.06359315216,6.71631786948
repeated:v4:1,repeated,v4,1,0.25,True,False,False,3026302,617,695344247.515,15.1580662422,10.0589363085,22.7421528517,28.2781709977,60.7910219776,0.362710625024,0.506961496973,0.644733669205,0.158941657623,0.196324673173,9.03484748919,6.71631786948
repeated:v4:1,repeated,v4,1,0.375,True,False,False,3026302,617,685906342.811,15.0548446025,9.94564973436,22.0979276891,28.7904151184,59.7317887895,0.359772509708,0.504668095107,0.641819541753,0.159154405249,0.199026052998,9.01005041234,6.71631786948
repeated:v4:1,repeated,v4,1,0.5,True,False,True,3026302,617,680816716.149,14.9988849139,9.86699896792,21.9132396327,29.8235456893,58.6730756433,0.355685246282,0.501041832815,0.640807314915,0.158678759827,0.200513925258,8.98923459857,6.71631786948
repeated:v4:1,repeated,v4,1,0.625,True,True,False,3026302,617,680075367.528,14.9907164664,9.98885158089,21.9814523285,29.5261072411,57.6149112072,0.350946236404,0.496024113612,0.641759105665,0.1575083893,0.200732505034,8.97242775721,6.71631786948
repeated:v4:1,repeated,v4,1,0.75,True,False,False,3026302,617,683682296.948,15.030417178,10.1432965167,22.5603063555,29.1069553085,56.5573262797,0.345231475037,0.48978623553,0.644663142618,0.155663364671,0.199673492711,8.95965244882,6.71631786948
repeated:v4:1,repeated,v4,1,0.875,True,False,False,3026302,617,691637504.411,15.1176099226,10.3551903623,22.5419032551,29.3970951151,55.5003539892,0.338707437789,0.483968458078,0.649434110095,0.153189039654,0.197376850251,8.95092593557,6.71631786948
repeated:v4:1,repeated,v4,1,1,True,False,False,3026302,617,703940989.915,15.2514801857,10.4989402546,22.9391629348,29.0213532783,54.4440300168,0.331188884424,0.478041348569,0.655920302286,0.150152601421,0.193927096293,8.9462600655,6.71631786948
repeated:v4:2,repeated,v4,2,0,False,False,False,3027461,620,787262076.625,16.1257672483,10.4315333708,23.1341562366,31.7494711513,66.8279186179,0.37801061846,0.530193580423,0.67181972049,0.156436276666,0.171744002844,9.23797169818,6.68284175578
repeated:v4:2,repeated,v4,2,0.125,True,False,False,3027461,620,763934604.731,15.8850582958,10.3605041202,23.2722090777,31.0990512181,65.7604494855,0.374124600448,0.525663630286,0.664870493662,0.158141136535,0.176988369803,9.19591919314,6.68284175578
repeated:v4:2,repeated,v4,2,0.25,True,False,False,3027461,620,745545231.334,15.6927017125,10.1657989818,23.2889116084,30.4130529553,64.6934003922,0.369320949789,0.520087712101,0.659369604647,0.159276488649,0.181353906704,9.15881779008,6.68284175578
repeated:v4:2,repeated,v4,2,0.375,True,False,False,3027461,620,732093956.434,15.5504919306,9.94510652369,23.1708209542,29.8271888933,63.6267924706,0.36303114665,0.512991283211,0.655537508576,0.159776442402,0.184686049023,9.12672786992,6.68284175578
repeated:v4:2,repeated,v4,2,0.5,True,False,False,3027461,620,723580780.031,15.4598128641,9.94662604015,22.866985304,29.4953096675,62.5606482857,0.357210591595,0.505523303322,0.653545730157,0.159595326021,0.186858943823,9.09970245151,6.68284175578
repeated:v4:2,repeated,v4,2,0.625,True,True,True,3027461,620,720005702.125,15.4215735439,10.0654239146,22.8271864351,29.0656364384,61.4949919569,0.35028507015,0.497415003989,0.653500529159,0.158712707586,0.187786763255,9.07778676743,6.68284175578
repeated:v4:2,repeated,v4,2,0.75,True,False,False,3027461,620,721368722.716,15.4361636947,10.2883136451,22.8982187639,28.8303693044,60.4298492937,0.343220937327,0.48939620364,0.655431775355,0.157136283019,0.187431941626,9.06101789417,6.68284175578
repeated:v4:2,repeated,v4,2,0.875,True,False,False,3027461,620,727669841.804,15.5034341653,10.608454476,22.6565035648,29.1111776002,59.3652479449,0.33651952692,0.483184729996,0.65928904496,0.15490204479,0.18580891025,9.0494244434,6.68284175578
repeated:v4:2,repeated,v4,2,1,True,False,False,3027461,620,738909059.388,15.6227044551,10.7495955153,22.9183354371,29.324617183,58.3012175644,0.329591549861,0.476336533878,0.664945731001,0.152071615574,0.182982653426,9.0430263203,6.68284175578
repeated:v4:3,repeated,v4,3,0,False,False,False,3028506,621,789740310.874,16.1483418278,10.3737418644,23.454083146,30.4630582619,69.3027875578,0.401800378377,0.534614543828,0.666581363335,0.156313900475,0.17710473619,9.32444238129,6.79583806429
repeated:v4:3,repeated,v4,3,0.125,True,False,False,3028506,621,768772275.224,15.9325260463,10.183395389,22.9080955714,30.5333458107,68.0741760579,0.398032742833,0.530361007625,0.659896465963,0.158168318729,0.181935215308,9.2915936712,6.79583806429
repeated:v4:3,repeated,v4,3,0.25,True,False,False,3028506,621,752889397.3,15.7670836375,10.1957973718,22.990504341,30.4117258889,66.8463819823,0.39221065686,0.526299528413,0.654818156663,0.159408541286,0.185773302051,9.26350506237,6.79583806429
repeated:v4:3,repeated,v4,3,0.375,True,False,False,3028506,621,742091677.104,15.6536118655,10.1346146504,22.5443121334,30.0787714596,65.6194512152,0.384352797812,0.522346077997,0.651553988953,0.159969635781,0.188476375266,9.24021996448,6.79583806429
repeated:v4:3,repeated,v4,3,0.5,True,False,True,3028506,621,736379114.634,15.5932453398,10.1363104301,22.3775280912,29.4314152277,64.3934331041,0.375440593352,0.516822137998,0.650251389886,0.159810103391,0.189938506723,9.22177476437,6.79583806429
repeated:v4:3,repeated,v4,3,0.625,True,True,False,3028506,621,735751709.892,15.5866010987,10.2513838721,22.4328576894,29.6237904106,63.1683807894,0.366466768963,0.508814850108,0.6509830586,0.158916466558,0.190100474841,9.20819854689,6.79583806429
repeated:v4:3,repeated,v4,3,0.75,True,False,False,3028506,621,740209462.877,15.633747637,10.4259844006,22.7289084024,29.6749239492,61.9443515721,0.357018478618,0.499908448852,0.653739088407,0.157305276153,0.188955635439,9.19951286834,6.79583806429
repeated:v4:3,repeated,v4,3,0.875,True,False,False,3028506,621,749752373.588,15.7342014204,10.7074835933,23.5365224428,30.2665437599,60.7214073231,0.348234051047,0.491331498755,0.658427293079,0.155022114562,0.18655059236,9.19573158654,6.79583806429
repeated:v4:3,repeated,v4,3,1,True,False,False,3028506,621,764380442.027,15.8869512898,10.9361112037,23.3762163959,31.0514340066,59.4996149433,0.339102560532,0.482744609786,0.664881738885,0.152137716709,0.182980544407,9.19686075083,6.79583806429
repeated:v4:4,repeated,v4,4,0,False,False,False,3024488,615,721095836.706,15.4408271447,10.2299423666,23.0415794526,27.9065081595,68.5891622332,0.387218487976,0.524070500486,0.661515907719,0.159690917475,0.178793174807,8.98337838293,6.52899038871
repeated:v4:4,repeated,v4,4,0.125,True,False,False,3024488,615,703096665.086,15.246901202,9.94272221514,22.4694546063,27.6366097763,67.3083227972,0.385948122454,0.522726492166,0.65629361417,0.160336131943,0.183370253888,8.93872109517,6.52899038871
repeated:v4:4,repeated,v4,4,0.25,True,False,False,3024488,615,690022074.95,15.104472385,9.80088013455,22.1818644854,27.9501445373,66.028010984,0.38309480711,0.52101072699,0.652916902272,0.160238330488,0.18684476724,8.89861243059,6.52899038871
repeated:v4:4,repeated,v4,4,0.375,True,False,False,3024488,615,681872066.297,15.0150062338,9.88027825151,21.7131921373,28.01390673,64.7482580926,0.378157292563,0.516966297024,0.651565097966,0.159356891132,0.189078010901,8.86311414169,6.52899038871
repeated:v4:4,repeated,v4,4,0.5,True,True,True,3024488,615,678646639.127,14.9794517518,9.77998454674,21.627990382,27.9391255567,63.4690979323,0.373414557326,0.511307849904,0.652340581859,0.157682769689,0.189976648452,8.83228181805,6.52899038871
repeated:v4:4,repeated,v4,4,0.625,True,False,False,3024488,615,680345793.44,14.9981923503,9.95806994068,21.9182950026,27.3775152698,62.1905670777,0.367281247319,0.505640336828,0.655256769832,0.155241045797,0.189502184371,8.80616446954,6.52899038871
repeated:v4:4,repeated,v4,4,0.75,True,False,False,3024488,615,686969529.236,15.0710254854,10.116958275,21.9202232714,27.1827158136,60.9127051555,0.36168078451,0.498751113062,0.660235062801,0.152089926157,0.187675011041,8.78480414931,6.52899038871
repeated:v4:4,repeated,v4,4,0.875,True,False,False,3024488,615,698517846.516,15.1971734541,10.4855565964,22.1879367289,28.0198425285,60.1420839741,0.357124993564,0.491989010659,0.667111507126,0.148316238024,0.18457225485,8.76823562326,6.52899038871
repeated:v4:4,repeated,v4,4,1,True,False,False,3024488,615,714990745.278,15.3753240361,10.8308819593,22.7891917898,29.086896163,59.5553284427,0.352023986936,0.485974742188,0.675652040764,0.144028123159,0.180319836076,8.75648609172,6.52899038871
repeated:v5:0,repeated,v5,0,0,False,False,False,3026135,620,704763752.121,15.2608115777,10.1932117098,21.925160561,26.9788278418,67.2733230512,0.364932842692,0.4913051454,0.642144321537,0.163251039052,0.194604639411,9.12917614459,6.73215683771
repeated:v5:0,repeated,v5,0,0.125,True,False,False,3026135,620,689003171.655,15.0892085578,10.0845788821,21.7534465189,26.8701002978,65.6542225406,0.361085703104,0.488729684144,0.636593443383,0.16435043976,0.199056116857,9.09625948028,6.73215683771
repeated:v5:0,repeated,v5,0,0.25,True,False,False,3026135,620,678105369.481,14.9694016872,10.0236828517,21.5636700176,27.2773275127,64.0371292038,0.355959019907,0.487143905717,0.633047204661,0.164697656205,0.202255139134,9.06795888946,6.73215683771
repeated:v5:0,repeated,v5,0,0.375,True,False,True,3026135,620,672070345.601,14.9026402336,9.94135168558,21.7732834343,27.2671642793,62.4221990329,0.350424552316,0.485858583837,0.631680099324,0.164248560898,0.204071339778,9.0443177047,6.73215683771
repeated:v5:0,repeated,v5,0,0.5,True,True,False,3026135,620,670898100.014,14.8896377415,9.93703435654,22.0594913684,27.4971002179,60.8096043707,0.344673058517,0.483229302342,0.632580661167,0.162991429663,0.20442790917,9.02537254083,6.73215683771
repeated:v5:0,repeated,v5,0,0.625,False,False,False,3026135,620,674588632.721,14.9305346623,10.2662272153,22.2919881898,27.7444453449,59.1995360753,0.339165457641,0.479635159405,0.635741236773,0.160949236207,0.203309527021,9.01115301682,6.73215683771
repeated:v5:0,repeated,v5,0,0.75,False,False,False,3026135,620,683141943.72,15.0248908686,10.3612935644,22.3865530379,28.3832300931,57.5922060311,0.333870689659,0.476249636552,0.641057705028,0.158178314496,0.200763980477,9.00168152728,6.73215683771
repeated:v5:0,repeated,v5,0,0.875,False,False,False,3026135,620,696558033.014,15.171708968,10.515308127,22.9435734634,28.303632127,56.6748356735,0.3302965012,0.47224355031,0.648339301525,0.154763542241,0.196897156233,8.99697306761,6.73215683771
repeated:v5:0,repeated,v5,0,1,False,False,False,3026135,620,714836900.6,15.3694855962,10.9427623179,23.2511098414,28.3151929823,56.7776811587,0.326147971317,0.468022600335,0.65732677919,0.150810859289,0.191862361522,8.99703511578,6.73215683771
repeated:v5:1,repeated,v5,1,0,False,False,False,3030540,616,767903868.16,15.91818022,10.2277643568,22.5057773964,29.1533182524,70.4193206681,0.393804459648,0.531843130421,0.660053526326,0.156219579131,0.183726894543,9.28108366312,6.82306933478
repeated:v5:1,repeated,v5,1,0.125,True,False,False,3030540,616,750336602.871,15.7350474189,10.1782885775,22.3547014844,29.2869937088,69.241668289,0.392311535674,0.529484171204,0.654509255125,0.157462342069,0.188028402806,9.24881867194,6.82306933478
repeated:v5:1,repeated,v5,1,0.25,True,False,False,3030540,616,737428694.786,15.5991166635,10.1743294171,22.5175936775,29.3178743406,68.0652022802,0.389458550175,0.526861454195,0.650586855707,0.15809350349,0.191319640803,9.22082172083,6.82306933478
repeated:v5:1,repeated,v5,1,0.375,True,False,False,3030540,616,729180143.903,15.5116289195,10.0976262077,22.3650466527,29.6249322553,66.8899852394,0.386143343453,0.523940231634,0.648447649656,0.158068484685,0.193483865659,9.19713178686,6.82306933478
repeated:v5:1,repeated,v5,1,0.5,True,True,True,3030540,616,725590950.224,15.4734059094,10.0923148438,22.0527963805,29.6273432153,65.7160841735,0.381759214987,0.520701788327,0.648193661754,0.157365389167,0.194440949079,9.17778222224,6.82306933478
repeated:v5:1,repeated,v5,1,0.625,True,False,False,3030540,616,726661113.748,15.4848124556,10.0645900322,22.385998237,29.3641213498,64.5435708864,0.376321772866,0.516371909638,0.649857712666,0.155987694037,0.194154593297,9.16280052436,6.82306933478
repeated:v5:1,repeated,v5,1,0.75,False,False,False,3030540,616,732390634.474,15.5457393128,10.2342781926,22.7870767518,30.0986288918,63.3725224078,0.369282679024,0.511315103333,0.653399635209,0.15396465051,0.192635714281,9.15220814318,6.82306933478
repeated:v5:1,repeated,v5,1,0.875,False,False,False,3030540,616,742779512.404,15.6556083377,10.5054340418,23.8384668067,30.5409393624,62.9155739968,0.361808000653,0.50606987301,0.658709319776,0.151349263359,0.189941416865,9.14602032905,6.82306933478
repeated:v5:1,repeated,v5,1,1,False,False,False,3030540,616,757827747.537,15.8133994357,10.783799112,23.8605159442,30.7418887774,63.1785394393,0.354439259616,0.500283784974,0.665616128193,0.148214134076,0.186169737731,9.14424602354,6.82306933478
repeated:v5:2,repeated,v5,2,0,False,False,False,3026363,614,756075588.812,15.8060044123,10.051752998,22.0595404266,29.5175301605,69.9597877843,0.409834050222,0.551758588022,0.667922247188,0.153798058959,0.178279693853,9.10839779693,6.67379771105
repeated:v5:2,repeated,v5,2,0.125,True,False,False,3026363,614,739759460.621,15.6345272814,9.97043163167,22.0935444404,29.4003579796,68.7847794104,0.405473779577,0.547513071127,0.663037407222,0.154750763557,0.182211829221,9.07560530397,6.67379771105
repeated:v5:2,repeated,v5,2,0.25,True,False,False,3026363,614,728099729.263,15.5108259812,9.88565196527,22.3006314526,29.7319010143,67.6106852,0.399857208158,0.542090465473,0.659784590037,0.15508565495,0.185129755013,9.04715260466,6.67379771105
repeated:v5:2,repeated,v5,2,0.375,True,False,False,3026363,614,721096394.739,15.4360491512,9.78700969447,21.7618992613,29.6421109075,66.4375536189,0.39325456787,0.535771875794,0.658305976437,0.154766276473,0.18692774709,9.02308075343,6.67379771105
repeated:v5:2,repeated,v5,2,0.5,True,True,True,3026363,614,718749457.048,15.410908982,9.91481344249,22.2956293856,29.5028309791,65.2654365761,0.385068917588,0.527933884034,0.658682166216,0.153779710198,0.187538123586,9.00342488867,6.67379771105
repeated:v5:2,repeated,v5,2,0.625,False,False,False,3026363,614,721058916.192,15.4356480063,9.88752559806,22.7152702718,29.2583190864,64.0943897313,0.375701974037,0.519449656463,0.660923982703,0.152138554246,0.186937463051,8.98821398172,6.67379771105
repeated:v5:2,repeated,v5,2,0.75,False,False,False,3026363,614,728024772.169,15.5100275491,10.1051767346,22.9074860609,29.0566027133,62.924472835,0.364889869966,0.510975515498,0.664970655811,0.149880528302,0.185148815886,8.97747062644,6.67379771105
repeated:v5:2,repeated,v5,2,0.875,False,False,False,3026363,614,739647024.98,15.6333390946,10.333138897,23.2760699701,29.4290306733,61.7557501051,0.354654716006,0.501769163063,0.670694765491,0.147065706801,0.182239527708,8.97121087302,6.67379771105
repeated:v5:2,repeated,v5,2,1,False,False,False,3026363,614,755925674.625,15.8044373323,10.6555054728,23.3492493551,30.1306013349,60.5882906468,0.345341824972,0.49271892762,0.677913161521,0.143771788431,0.178315050048,8.96944410876,6.67379771105
repeated:v5:3,repeated,v5,3,0,False,False,False,3024958,622,766759228.274,15.920981264,10.1240143403,23.0383303984,30.4574864509,67.7732461879,0.403790593138,0.544813833026,0.684510492011,0.147379211103,0.168110296886,8.94256883231,6.52780223777
repeated:v5:3,repeated,v5,3,0.125,True,False,False,3024958,622,746055780.278,15.7045673083,10.0499614798,22.3437027852,30.42378313,66.8953597556,0.399550034848,0.541073026484,0.67878015699,0.148444395232,0.172775447778,8.9007613753,6.52780223777
repeated:v5:3,repeated,v5,3,0.25,True,False,False,3024958,622,730203992.413,15.5368304725,9.94669495986,22.2433063922,29.6569747952,66.0182968938,0.393603530444,0.537193125848,0.674543987316,0.148929832542,0.176526180142,8.86356791499,6.52780223777
repeated:v5:3,repeated,v5,3,0.375,True,False,False,3024958,622,719203864.681,15.4193594154,9.85006066098,22.3990579051,29.5776684225,65.1420908677,0.387156890178,0.532488856696,0.671986510562,0.148787364781,0.179226124657,8.83104674948,6.52780223777
repeated:v5:3,repeated,v5,3,0.5,True,False,True,3024958,622,713055397.08,15.3533079591,9.87669804066,22.5107698343,28.8628897092,64.2667767234,0.379800180647,0.527075913606,0.671237620609,0.147990840415,0.180771538976,8.80324966039,6.52780223777
repeated:v5:3,repeated,v5,3,0.625,True,True,False,3024958,622,711758589.612,15.339340359,9.81537488762,22.336283031,28.7318444066,63.4476341582,0.373058669774,0.521817785093,0.672359501731,0.146539597786,0.181100900483,8.78022151538,6.52780223777
repeated:v5:3,repeated,v5,3,0.75,True,False,False,3024958,622,715313442.276,15.3775985405,10.054914142,22.6547042652,28.7192682245,62.8034668574,0.365766290805,0.516427776708,0.675339500918,0.144459605478,0.180200893604,8.76199991549,6.52780223777
repeated:v5:3,repeated,v5,3,0.875,True,False,False,3024958,622,723719955.072,15.4676949786,10.5119142453,23.0574434579,29.4448414673,62.1595430071,0.359138988858,0.509996531538,0.680090305616,0.141801960029,0.178107734355,8.74861489398,6.52780223777
repeated:v5:3,repeated,v5,3,1,True,False,False,3024958,622,736978128,15.6087320398,10.5800748564,22.8011816589,30.1237771542,61.5158702524,0.353444680056,0.50353444237,0.686457492291,0.138638916126,0.174903591583,8.74008867183,6.52780223777
repeated:v5:4,repeated,v5,4,0,False,False,False,3027960,620,713702740.901,15.3526594096,10.4285106394,22.5402093268,28.6966420138,70.448542777,0.362246531335,0.503954283659,0.651456774916,0.156647804997,0.191895420087,9.06383389834,6.72536594262
repeated:v5:4,repeated,v5,4,0.125,True,False,False,3027960,620,694447215.108,15.1441378253,10.2843135662,22.0697099581,28.8405074687,69.0892762576,0.362374243521,0.504272357656,0.644128613207,0.158655119951,0.197216266842,9.03422887373,6.72536594262
repeated:v5:4,repeated,v5,4,0.25,True,False,False,3027960,620,679855402.328,14.984187872,10.2082448555,21.8270995853,27.7517005548,67.731006177,0.362040207299,0.50396697079,0.638459425603,0.160091432693,0.201449141705,9.00972906684,6.72536594262
repeated:v5:4,repeated,v5,4,0.375,True,False,False,3027960,620,669927302.56,14.8743765612,10.1738807727,21.5935580666,27.5251210435,66.3737937083,0.359893559947,0.502109813915,0.63467601389,0.160889435138,0.204434550971,8.99037621467,6.72536594262
repeated:v5:4,repeated,v5,4,0.5,True,False,True,3027960,620,664662915.805,14.8158187819,10.1896404362,21.321752497,27.400088114,65.0177050832,0.35678175151,0.497582992057,0.632942522557,0.161003725946,0.206053751497,8.97620360806,6.72536594262
repeated:v5:4,repeated,v5,4,0.625,True,True,False,3027960,620,664062242.061,14.8091225418,10.2972252825,21.5393647756,27.2464940485,63.6628121188,0.353268928009,0.49157469192,0.633344227102,0.160415636646,0.206240136252,8.96723580899,6.72536594262
repeated:v5:4,repeated,v5,4,0.75,True,False,False,3027960,620,668125281.33,14.8543579776,10.4558851408,21.5909491109,27.0880503749,62.3091928131,0.348983521557,0.485822689958,0.635878474377,0.159135587941,0.204985937682,8.96348843941,6.72536594262
repeated:v5:4,repeated,v5,4,0.875,True,False,False,3027960,620,676852033.611,14.9510537283,10.6150453724,21.9045549005,27.1421407497,60.9569320152,0.342653649316,0.480705500109,0.640454475231,0.157202500768,0.202343024001,8.96496804575,6.72536594262
repeated:v5:4,repeated,v5,4,1,True,False,False,3027960,620,690242498.905,15.0982211017,10.951746068,22.36034545,28.0085538282,59.6061221851,0.335189843605,0.476256320052,0.646902032818,0.15468032773,0.198417639452,8.97167204192,6.72536594262
spatial:0,spatial,spatial,0,0,False,False,False,2947409,618,724510317.096,15.6784124238,10.0342133049,22.7379628343,27.7428530404,68.803474759,0.391779007883,0.523931703953,0.651252248923,0.165835402699,0.182912348378,9.25886586261,6.70538312681
spatial:0,spatial,spatial,0,0.125,True,False,False,2947409,618,706271464.494,15.4798100503,9.90211167652,22.6421589821,27.3530361507,67.5748725907,0.389338724567,0.521408182441,0.645201668876,0.167162428803,0.187635902321,9.22054117211,6.70538312681
spatial:0,spatial,spatial,0,0.25,True,False,False,2947409,618,692880809.449,15.3323619766,9.89003348313,22.0171502449,27.6405861911,66.3472237057,0.385733125082,0.517211421273,0.640993559351,0.167744275906,0.191262164743,9.18671373856,6.70538312681
spatial:0,spatial,spatial,0,0.375,True,False,False,2947409,618,684338351.963,15.2375532779,9.88851206172,22.0737543393,28.0088350658,65.120582018,0.381740757298,0.513975450491,0.638825513982,0.167524834286,0.193649651731,9.15743340051,6.70538312681
spatial:0,spatial,spatial,0,0.5,True,True,True,2947409,618,680644092.035,15.1963692221,10.0288951624,21.5347028477,27.8030430454,63.8950055352,0.376731781507,0.510226431235,0.63882067322,0.166478623322,0.194700703458,9.13274389317,6.70538312681
spatial:0,spatial,spatial,0,0.625,True,False,False,2947409,618,681798029.666,15.2092454348,10.1975241557,21.3686454999,28.2189710618,62.6705567504,0.370248835663,0.504811614376,0.641014303706,0.164614522195,0.194371174098,9.11268253121,6.70538312681
spatial:0,spatial,spatial,0,0.75,True,False,False,2947409,618,687800164.854,15.2760452142,10.4397253983,21.6126270416,28.8505361356,61.7451275261,0.363318126053,0.498280130126,0.645348952478,0.161976066771,0.192674980751,9.09727993269,6.70538312681
spatial:0,spatial,spatial,0,0.875,True,False,False,2947409,618,698650497.601,15.3960666924,10.5787549474,22.0676651231,28.7495248675,61.3233585445,0.356477602698,0.491602491688,0.65167919955,0.158638142269,0.189682658181,9.08655978882,6.70538312681
spatial:0,spatial,spatial,0,1,True,False,False,2947409,618,714349027.906,15.5680789866,10.7674059886,22.3124130427,28.4415901342,60.9017489181,0.348527464465,0.485275961384,0.659785222994,0.154700583878,0.185514193129,9.0805386834,6.70538312681
spatial:1,spatial,spatial,1,0,False,False,False,3103832,618,765915328.044,15.7087373135,9.9454221256,22.5411815065,29.4945584799,73.9430251803,0.400212146611,0.536329088364,0.675075451608,0.149082615267,0.175841933126,8.95431852921,6.58722506399
spatial:1,spatial,spatial,1,0.125,True,False,False,3103832,618,744095734.764,15.483363309,9.87636964568,22.0322970277,29.0494797852,72.4032639381,0.399116038972,0.534619289096,0.667966920913,0.15103482093,0.180998258156,8.92187184768,6.58722506399
spatial:1,spatial,spatial,1,0.25,True,False,False,3103832,618,726601252.475,15.3002655307,9.80956876238,21.7454697699,29.2373276671,70.8642820363,0.397513913499,0.532997307431,0.662112375743,0.152531445149,0.185356179108,8.89375395453,6.58722506399
spatial:1,spatial,spatial,1,0.375,True,False,False,3103832,618,713431881.178,15.1609757549,9.7297006097,21.5000157529,28.8741917408,69.326131377,0.394215633477,0.531221476918,0.657710543067,0.153511753768,0.188777703165,8.87000601661,6.58722506399
spatial:1,spatial,spatial,1,0.5,True,False,False,3103832,618,704587620.873,15.0667090286,9.75095642764,21.4713784366,27.9559844603,67.7888685438,0.389970923777,0.528581816933,0.65492394231,0.153928742716,0.191147314974,8.85066321013,6.58722506399
spatial:1,spatial,spatial,1,0.625,True,False,True,3103832,618,700068471.56,15.0183131757,9.76901945919,21.3172625283,27.8299111084,66.2525553375,0.385308127807,0.524220209133,0.653865439099,0.153753333399,0.192381227502,8.83575446565,6.58722506399
spatial:1,spatial,spatial,1,0.75,True,True,False,3103832,618,699874433.238,15.0162317148,10.0155673254,21.482102739,27.7729387719,64.7172593873,0.379483442035,0.518649793595,0.654588132995,0.15297730232,0.192434564684,8.82530225481,6.58722506399
spatial:1,spatial,spatial,1,0.875,True,False,False,3103832,618,704005505.909,15.0604838489,10.2124434398,21.6840761834,27.7572051984,63.1830548487,0.373279486124,0.511923316407,0.657080177027,0.151614455666,0.191305367307,8.81932242261,6.58722506399
spatial:1,spatial,spatial,1,1,True,False,False,3103832,618,712461689.57,15.1506635892,10.3419432175,21.9175981133,27.6884046384,61.6500232035,0.366969850863,0.504459672455,0.661265408443,0.149699821175,0.189034770382,8.81782406791,6.58722506399
spatial:2,spatial,spatial,2,0,False,False,False,2988198,619,756382316.448,15.9098468121,10.3929497939,22.5178792058,28.8306448332,71.7926745337,0.385920474253,0.525504658411,0.663365014267,0.159396253626,0.177238732106,9.23093350824,6.69800265523
spatial:2,spatial,spatial,2,0.125,True,False,False,2988198,619,736565737.925,15.7000512941,10.3840555513,22.6245430729,28.3258173117,70.359564578,0.385609868355,0.52496852875,0.657029841296,0.160962992401,0.182007166302,9.19452374077,6.69800265523
spatial:2,spatial,spatial,2,0.25,True,False,False,2988198,619,721134771.499,15.5347236893,10.2078310756,22.4016313172,28.3158997244,68.9275562728,0.384737728418,0.523738851772,0.652130338326,0.161967874583,0.185901787091,9.16245406619,6.69800265523
spatial:2,spatial,spatial,2,0.375,True,False,False,2988198,619,710089417.172,15.4152948068,10.1733993684,22.0889135638,28.0700056557,67.4967197358,0.382415115272,0.521947419881,0.648850881129,0.162355652143,0.188793466728,9.13477019526,6.69800265523
spatial:2,spatial,spatial,2,0.5,True,False,False,2988198,619,703429674.944,15.3428365132,10.1251115397,22.2891821795,28.085910879,66.0671310993,0.378144066702,0.518756804687,0.647329122726,0.162090002553,0.19058087472,9.11151210476,6.69800265523
spatial:2,spatial,spatial,2,0.625,True,True,True,2988198,619,701155544.814,15.3180153732,10.1744890874,21.9775731532,27.9131469374,65.0631499417,0.371850638726,0.513570468813,0.647643703286,0.161157291377,0.191199005337,9.09271375661,6.69800265523
spatial:2,spatial,spatial,2,0.75,True,False,False,2988198,619,703267026.782,15.3410626127,10.3573099359,21.8770541351,28.2954893032,64.3302478027,0.3643509269,0.506658257586,0.649806551898,0.159568496768,0.190624951334,9.07840285478,6.69800265523
spatial:2,spatial,spatial,2,0.875,True,False,False,2988198,619,709764120.849,15.4117634817,10.3963720729,21.8921920029,28.6110916516,63.5983541267,0.356371821373,0.498539823949,0.653761080749,0.157358925437,0.188879993814,9.06860064384,6.69800265523
spatial:2,spatial,spatial,2,1,True,False,False,2988198,619,720646827.014,15.5294671369,10.5416542219,22.0258786553,28.4456766036,62.8675041346,0.349156130801,0.49027123622,0.659386632633,0.15458570759,0.186027659777,9.06332175259,6.69800265523
spatial:3,spatial,spatial,3,0,False,False,False,3029776,618,748724643.118,15.7201180564,10.1573117826,23.3084616427,29.895165909,70.7085768662,0.350412548962,0.500476953194,0.65912250586,0.159934497704,0.180942996435,9.17814611918,6.68692869542
spatial:3,spatial,spatial,3,0.125,True,False,False,3029776,618,730168058.27,15.5240901019,10.1186025952,22.7878179769,29.9559196203,69.3432940193,0.346165808998,0.494524041681,0.652976857084,0.161481637921,0.185541504995,9.14503504552,6.68692869542
spatial:3,spatial,spatial,3,0.25,True,False,False,3029776,618,716486669.148,15.3779624698,10.0305215371,22.9555612692,29.5745454116,67.9789659922,0.340949693887,0.489370216321,0.648543805473,0.162371754767,0.189084439759,9.11663143946,6.68692869542
spatial:3,spatial,spatial,3,0.375,True,False,False,3029776,618,707680475.752,15.2831665696,10.1080670725,22.5633642909,29.3323766885,66.6156514509,0.334704640076,0.483756032305,0.646014296113,0.162548346107,0.19143735778,9.09297941503,6.68692869542
spatial:3,spatial,spatial,3,0.5,True,True,True,3029776,618,703749478.083,15.2406602714,10.3541187563,22.4873729312,28.6024784849,65.2534139184,0.328688662909,0.478096483516,0.645512356722,0.161980956382,0.192506686896,9.07411612786,6.68692869542
spatial:3,spatial,spatial,3,0.625,True,False,False,3029776,618,704693676.14,15.2508807965,10.4065760522,22.9029199421,27.6606029819,63.892322283,0.322870664824,0.471418603827,0.647082336041,0.160668911036,0.192248752923,9.06007148878,6.68692869542
spatial:3,spatial,spatial,3,0.75,True,False,False,3029776,618,710513069.924,15.3137225739,10.4559217966,23.0723271788,28.0204951092,62.5324513701,0.316828501527,0.465576498955,0.650683656668,0.158642186633,0.190674156698,9.05086792976,6.68692869542
spatial:3,spatial,spatial,3,0.875,True,False,False,3029776,618,721207659.434,15.4285426245,10.5657026836,23.3644557032,28.8698900758,61.1738825882,0.310085156203,0.461060993668,0.656194113921,0.155959183873,0.187846702207,9.04652022616,6.68692869542
spatial:3,spatial,spatial,3,1,False,False,False,3029776,618,736777444.671,15.5941928424,10.8325689619,23.5894594451,29.0439539509,59.8167046603,0.303108740094,0.456901182833,0.663421185658,0.152701740728,0.183877073614,9.04703537868,6.68692869542
spatial:4,spatial,spatial,4,0,False,False,False,3066741,619,729094088.397,15.418894566,10.0397310827,22.4071944596,28.1411549731,64.9282884822,0.377100438115,0.5129290679,0.65309491259,0.151943167124,0.194961920286,9.08152061637,6.80813463586
spatial:4,spatial,spatial,4,0.125,True,False,False,3066741,619,712504800.295,15.2424699537,9.97170090239,22.1013723409,28.2104131656,63.7518550613,0.373648556855,0.507928219841,0.647169676174,0.153329094523,0.199501229303,9.05395432481,6.80813463586
spatial:4,spatial,spatial,4,0.25,True,False,False,3066741,619,700412716.224,15.11257473,9.97800196538,21.8057366991,27.1674409342,62.5768412152,0.369087258729,0.503472832346,0.642899419122,0.154155117081,0.202945463797,9.0309562784,6.80813463586
spatial:4,spatial,spatial,4,0.375,True,False,False,3066741,619,692817836.186,15.0304152864,10.0450440099,21.8389604917,27.1650824134,61.4033284389,0.36378086702,0.498717555507,0.640453953894,0.154375832351,0.205170213755,9.01256144862,6.80813463586
spatial:4,spatial,spatial,4,0.5,True,True,True,3066741,619,689720160.179,14.996776201,10.3029334656,21.6525372371,27.3932149634,60.2314044702,0.35952599128,0.494168664698,0.639941397517,0.15396692683,0.206091675653,8.99879806443,6.80813463586
spatial:4,spatial,spatial,4,0.625,True,False,False,3066741,619,691119688.205,15.011983653,10.203596027,21.2648748307,27.2202998615,59.0611638873,0.3537722809,0.488115265918,0.641397746343,0.152927916825,0.205674336832,8.98968739834,6.80813463586
spatial:4,spatial,spatial,4,0.75,True,False,False,3066741,619,697016420.264,15.0758898245,10.4054921967,21.6281184752,27.2747974117,57.8927087738,0.347068868879,0.481150550551,0.644782950947,0.151282709186,0.203934339867,8.98524360335,6.80813463586
spatial:4,spatial,spatial,4,0.875,True,False,False,3066741,619,707410356.354,15.187879998,10.6822627491,21.969201361,27.4834409728,56.7261494621,0.340947068037,0.475662896634,0.649984214415,0.14907784021,0.200937945376,8.98547360353,6.80813463586
spatial:4,spatial,spatial,4,1,False,False,False,3066741,619,722301496.477,15.3469015667,10.7992426339,22.6904907829,27.6017683386,55.5616053639,0.333499568824,0.47044302839,0.656825984808,0.146378654478,0.196795360714,8.99037704015,6.80813463586
typewell:0,typewell,typewell,0,0,False,False,False,3048150,618,709290641.323,15.2543584517,10.1215147119,22.1997848503,28.4202723115,71.3214719243,0.353299109116,0.494394177227,0.652355325999,0.157419550844,0.190225123157,8.9941833689,6.65315872137
typewell:0,typewell,typewell,0,0.125,True,False,False,3048150,618,689689448.988,15.0421052667,9.99700503748,21.9971056335,27.9435755096,69.9280827911,0.351590474813,0.490323443746,0.645249898164,0.159118720498,0.195631381338,8.95921354043,6.65315872137
typewell:0,typewell,typewell,0,0.25,True,False,False,3048150,618,674224899.152,14.8725085082,9.96760144766,21.5202175289,27.0999720852,68.5360808444,0.349158582814,0.485520115809,0.639587069921,0.160294394306,0.200118535773,8.9286213933,6.65315872137
typewell:0,typewell,typewell,0,0.375,True,False,False,3048150,618,662896991.815,14.7470399465,10.0457268952,21.555781029,26.6456469771,67.1455523581,0.345910027417,0.481401401689,0.63557381573,0.160887925285,0.203538258984,8.90245205765,6.65315872137
typewell:0,typewell,typewell,0,0.5,True,False,False,3048150,618,655705726.977,14.6668321198,9.99181764529,21.5193237082,26.1876182312,65.7565908083,0.341617219351,0.477622009799,0.633371584327,0.160857909105,0.205770506569,8.88074463235,6.65315872137
typewell:0,typewell,typewell,0,0.625,True,True,True,3048150,618,652651104.638,14.6326293284,10.1389939599,21.6078993649,26.2718187752,64.3692976291,0.336133171016,0.474249379884,0.633082114855,0.160184304766,0.206733580379,8.86353190005,6.65315872137
typewell:0,typewell,typewell,0,0.75,True,False,False,3048150,618,653733124.799,14.64475391,10.3891050884,21.5568084419,26.3228940818,62.9837830643,0.330216063555,0.47151098883,0.634737714982,0.158870877758,0.206391407261,8.85084008407,6.65315872137
typewell:0,typewell,typewell,0,0.875,True,False,False,3048150,618,658951787.458,14.7030912564,10.5759586815,21.8998801529,26.8028492748,61.600167128,0.324264915357,0.468944522683,0.638297623467,0.156945515457,0.204756861075,8.84268865088,6.65315872137
typewell:0,typewell,typewell,0,1,True,False,False,3048150,618,668307092.617,14.8070951673,10.7295989537,22.1129483528,27.1130649738,60.2185806923,0.318997549239,0.465639235211,0.64365112469,0.154458305704,0.201890569606,8.83909016195,6.65315872137
typewell:1,typewell,typewell,1,0,False,False,False,3004284,618,741251749.439,15.7076918667,10.0357715779,22.4066702721,28.8998754057,72.4231638512,0.380379011276,0.52244354724,0.660857835302,0.152129977834,0.187012186864,9.14751788311,6.79277653473
typewell:1,typewell,typewell,1,0.125,True,False,False,3004284,618,722911536.14,15.512153198,9.97466978895,22.4428323827,28.5566389594,70.9528351848,0.376795335391,0.518213586103,0.654559833484,0.15368349402,0.191756672496,9.11713745163,6.79277653473
typewell:1,typewell,typewell,1,0.25,True,False,False,3004284,618,709388641.328,15.3663819083,9.97801460397,22.3058156498,28.4161937558,69.483160192,0.37152348182,0.512846435597,0.649959691198,0.154628227746,0.195412081056,9.09139760858,6.79277653473
typewell:1,typewell,typewell,1,0.375,True,False,False,3004284,618,700683065.004,15.271803172,9.94444183403,22.4421430725,28.2870667552,68.0141812473,0.364889823633,0.506985338172,0.647250592761,0.154909445631,0.197839961607,9.0703378613,6.79277653473
typewell:1,typewell,typewell,1,0.5,True,True,True,3004284,618,696794807.167,15.2293707798,10.0705182075,22.166328228,28.15743562,66.5459444456,0.356929428283,0.501290319061,0.646559605207,0.154496445651,0.198943949142,9.05399086781,6.79277653473
typewell:1,typewell,typewell,1,0.625,True,False,False,3004284,618,697723867.817,15.2395203215,10.2544720796,22.4074367758,28.1631987184,65.0785000176,0.347849701272,0.494235402867,0.647934780393,0.153386176116,0.198679043492,9.04238218756,6.79277653473
typewell:1,typewell,typewell,1,0.75,True,False,False,3004284,618,703470246.955,15.3021471685,10.4551338954,22.513974004,28.8482416651,63.6119028004,0.338670859342,0.487096588925,0.651339680755,0.1516042088,0.197056110446,9.03553008367,6.79277653473
typewell:1,typewell,typewell,1,0.875,False,False,False,3004284,618,714033944.58,15.4166117989,10.5949106026,22.9318017862,29.2634227317,62.1462127743,0.329512486488,0.480978397327,0.656656387278,0.149202827496,0.194140785227,9.03344538011,6.79277653473
typewell:1,typewell,typewell,1,1,False,False,False,3004284,618,729414960.692,15.5817718442,10.7415494403,23.1229913107,29.2049856689,60.6814956758,0.321741356929,0.475623270765,0.663696496872,0.146256522809,0.190046980319,9.03613137649,6.79277653473
typewell:2,typewell,typewell,2,0,False,False,False,3020616,619,758940466.243,15.8509791836,10.3426148676,22.1106645058,28.5189545988,69.0418233034,0.394235936447,0.523764505079,0.663133669549,0.156808428437,0.180057902014,9.19993795612,6.72608247648
typewell:2,typewell,typewell,2,0.125,True,False,False,3020616,619,740234265.68,15.6544146524,10.2298725299,22.0751709847,28.4151863568,67.8750117515,0.39189243351,0.520099814185,0.657187491099,0.158204426783,0.184608082118,9.16568997685,6.72608247648
typewell:2,typewell,typewell,2,0.25,True,False,False,3020616,619,726042015.606,15.5036200907,10.12431572,21.7036375311,28.5290029347,66.7093384481,0.388124648972,0.516375527879,0.652752463586,0.159030842108,0.188216694306,9.13592875788,6.72608247648
typewell:2,typewell,typewell,2,0.375,True,False,False,3020616,619,716363716.023,15.3999400812,10.1753928074,22.0049105658,28.5655795682,65.5448641223,0.383012922299,0.511829852921,0.650002239551,0.159238199281,0.190759561167,9.11069826898,6.72608247648
typewell:2,typewell,typewell,2,0.5,True,False,True,3020616,619,711199366.93,15.3443296976,10.2662376433,21.8782797564,28.0339119284,64.3816538321,0.376582744667,0.507056212118,0.649057968179,0.158797276835,0.192144754986,9.09003623698,6.72608247648
typewell:2,typewell,typewell,2,0.625,True,True,False,3020616,619,710548968.327,15.3373118248,10.345210299,21.9361355619,27.1728341958,63.2197773502,0.368457968811,0.501143746287,0.649977023268,0.157702342692,0.19232063404,9.07397386997,6.72608247648
typewell:2,typewell,typewell,2,0.75,True,False,False,3020616,619,714412520.213,15.3789529856,10.3523955727,22.3089594723,27.350888442,62.0593095915,0.359366571314,0.493905046074,0.652747073017,0.155972365348,0.191280561634,9.0625356252,6.72608247648
typewell:2,typewell,typewell,2,0.875,False,False,False,3020616,619,722790022.59,15.4688602242,10.601246385,22.4096677091,27.8776465833,60.9003310866,0.350629880331,0.487114836449,0.657286536549,0.153649940389,0.189063523062,9.05573902479,6.72608247648
typewell:2,typewell,typewell,2,1,False,False,False,3020616,619,735681475.456,15.6061993808,10.8680235166,22.9022416232,28.2286668891,59.7429285075,0.342827163331,0.480310163395,0.663451407866,0.150798056523,0.185750535611,9.0535945223,6.72608247648
typewell:3,typewell,typewell,3,0,False,False,False,3045028,618,729806448.025,15.4813276717,10.1341325704,22.7902787452,28.3209749202,66.1961114208,0.366946926365,0.509486353169,0.654190030718,0.157810024146,0.187999945137,9.10388907516,6.7125427424
typewell:3,typewell,typewell,3,0.125,True,False,False,3045028,618,710693073.664,15.2772574097,10.0493400638,22.3279197183,28.1609792938,64.1037408243,0.363843546826,0.505076287055,0.647335504668,0.159608481036,0.193056014296,9.07248514426,6.7125427424
typewell:3,typewell,typewell,3,0.25,True,False,False,3045028,618,696217274.193,15.1208690406,10.1489103354,21.9845147226,28.0891392173,62.0155595547,0.359301950949,0.499281408352,0.642160017045,0.160769934172,0.197070048784,9.04526269538,6.7125427424
typewell:3,typewell,typewell,3,0.375,True,False,False,3045028,618,686379049.612,15.0136526608,10.1839510632,21.8065335405,28.2259016314,59.9320055137,0.353080771867,0.49420856712,0.638874706875,0.16123053779,0.199894755335,9.02225957836,6.7125427424
typewell:3,typewell,typewell,3,0.5,True,False,True,3045028,618,681178399.922,14.9566657712,10.3257919477,21.7632251353,28.1593200772,57.8535786419,0.346401636023,0.488315083772,0.637628574166,0.160950517296,0.201420908539,9.00350813326,6.7125427424
typewell:3,typewell,typewell,3,0.625,True,True,False,3045028,618,680615325.121,14.9504827634,10.4023028369,21.7804022743,27.8078304061,55.7808520663,0.33892286816,0.481026368475,0.638493836281,0.159918619148,0.201587544572,8.98903496752,6.7125427424
typewell:3,typewell,typewell,3,0.75,True,False,False,3045028,618,684689825.211,14.995166482,10.689267448,21.8074775655,28.0831776162,53.7144856775,0.330981225089,0.473262316427,0.641458120414,0.15815395627,0.200387923315,8.97886076985,6.7125427424
typewell:3,typewell,typewell,3,0.875,True,False,False,3045028,618,693401900.19,15.09026507,10.9119726607,21.8793950092,28.3850409285,51.6552427613,0.322302467139,0.467043995345,0.646424947649,0.155704853046,0.197870199305,8.97300016365,6.7125427424
typewell:3,typewell,typewell,3,1,True,False,False,3045028,618,706751550.06,15.2348344604,11.0456449715,22.066083223,29.199346065,50.6564739235,0.314099934139,0.461403189806,0.653222488128,0.152644832322,0.19413267955,8.97146160248,6.7125427424
typewell:4,typewell,typewell,4,0,False,False,False,3017878,619,778789333.883,16.0642020494,10.0792796368,22.9309052189,30.075561436,71.7954079138,0.402854676526,0.538976228842,0.67409166439,0.157082947468,0.168825388142,9.17079302662,6.60051825204
typewell:4,typewell,typewell,4,0.125,True,False,False,3017878,619,757006085.793,15.8379455631,9.90762263676,22.5206307953,29.9469286425,70.2702146894,0.401939512243,0.537555127778,0.667299115785,0.159017456774,0.17368342744,9.13536330356,6.60051825204
typewell:4,typewell,typewell,4,0.25,True,False,False,3017878,619,740270549.915,15.6618981919,9.87094706724,22.0660097823,30.0691969203,68.7458658036,0.399393943675,0.535246549658,0.662054036555,0.160336018555,0.177609944889,9.10475006145,6.60051825204
typewell:4,typewell,typewell,4,0.375,True,False,False,3017878,619,728582726.249,15.5377666807,10.077295595,22.1610681572,29.6900365321,67.2224186957,0.39546212375,0.531599984636,0.658572078449,0.160968782408,0.180459139143,9.0790020221,6.60051825204
typewell:4,typewell,typewell,4,0.5,True,False,True,3017878,619,721942614.794,15.4668010595,10.0356317484,22.20759175,29.4227407085,65.6999360968,0.390274491993,0.527513035337,0.657011909082,0.16086916778,0.182118923138,9.05816067399,6.60051825204
typewell:4,typewell,typewell,4,0.625,True,True,False,3017878,619,720350215.551,15.4497339699,10.279730689,22.3997000476,28.1159616047,64.1784866491,0.382950578967,0.521501082803,0.657459470725,0.160019015801,0.182521513474,9.04225994522,6.60051825204
typewell:4,typewell,typewell,4,0.75,True,False,False,3017878,619,723805528.52,15.4867436087,10.4798232043,23.0006919631,28.2208102252,62.6581456128,0.374597155432,0.514247199678,0.659918650941,0.158431159342,0.181650189717,9.03132593147,6.60051825204
typewell:4,typewell,typewell,4,0.875,False,False,False,3017878,619,732308553.701,15.5774445467,10.5191297851,23.1961069066,28.7524470962,61.9026815887,0.36529722202,0.50663313353,0.66431012249,0.156148875416,0.179541002094,9.02537668392,6.60051825204
typewell:4,typewell,typewell,4,1,False,False,False,3017878,619,745859291.093,15.7209075038,10.6873567983,23.2484314198,29.1798219473,61.6051515532,0.356290833084,0.499466248846,0.670478639442,0.153242251155,0.176279109403,9.02442206101,6.60051825204
