slice,candidate,rows_scored,wells_scored,sse,rmse,median_well_rmse,p90_well_rmse,p95_well_rmse,max_well_rmse,worst_5pct_sse_share,worst_10pct_sse_share,mean_error_sse_share,linear_trend_sse_share,shape_sse_share,datum_removed_rmse,datum_trend_removed_rmse
long_suffix,last_known_tvt,1041107,155,335878178.898,17.9615251879,11.6618716606,27.6004601117,35.6732536238,70.2633851373,0.360530909909,0.514636380745,0.732910164582,0.102108390024,0.164981445394,9.28264820656,7.29559578427
long_suffix,e004_geometry_prefix,1041107,155,313509535.566,17.3531249571,10.9282508196,26.9361053219,34.7599753646,65.5418961759,0.340148572273,0.489670305167,0.703706555798,0.11954071057,0.176752733632,9.44579933516,7.29559578427
long_suffix,pf_gr_path,1041107,155,278491360.295,16.3552873966,10.9478550176,23.2011619694,33.382703721,53.5501494909,0.330279807191,0.475987712075,0.680159303812,0.120862647561,0.198978048627,9.24964449172,7.29559578427
long_suffix,fixed_50_50_reference,1041107,155,287526663.583,16.6184830774,11.0628723666,23.7808005736,33.4570798934,59.5200231213,0.343828005131,0.493161831856,0.685361565978,0.121913116862,0.19272531716,9.32174600171,7.29559578427
long_suffix,nested_rmse_grid,1041107,155,285654865.361,16.5643016011,11.078461161,23.5703706257,33.1333893725,58.652699329,0.341829969656,0.491664178445,0.684263539401,0.12174828063,0.19398817997,9.307552565,7.29559578427
long_suffix,nested_conservative_grid,1041107,155,287433275.715,16.6157840395,10.9522003878,23.9290044828,33.3262505512,59.4056725042,0.342930711563,0.494012215858,0.685220189594,0.121991876256,0.192787934149,9.3223257333,7.29559578427
long_suffix,nested_reliability_shrink,1041107,155,300918872.643,17.0011003102,10.936329786,25.7846347779,34.0204741682,63.9144176768,0.345460790233,0.496640487735,0.695132274693,0.120719529668,0.184148195639,9.38712832826,7.29559578427
long_suffix,nested_disagreement_cap,1041107,155,290490477.141,16.7039148206,10.936660703,23.9585988588,33.3262505512,61.440265046,0.346062374582,0.496199258081,0.687840946024,0.121400072903,0.190758981073,9.33267698506,7.29559578427
long_suffix,nested_reliability_gate,1041107,155,309464345.21,17.2408084338,11.2331542466,26.9747911532,33.3262505512,65.5418961759,0.339177508529,0.490721467708,0.70143988482,0.119496942674,0.179063172506,9.42049061289,7.29559578427
long_suffix,duplicate_conservative,1041107,155,287433275.715,16.6157840395,10.9522003878,23.9290044828,33.3262505512,59.4056725042,0.342930711563,0.494012215858,0.685220189594,0.121991876256,0.192787934149,9.3223257333,7.29559578427
long_suffix,shuffled_pf_conservative,1041107,155,313509535.566,17.3531249571,10.9282508196,26.9361053219,34.7599753646,65.5418961759,0.340148572273,0.489670305167,0.703706555798,0.11954071057,0.176752733632,9.44579933516,7.29559578427
long_suffix,oracle_rowwise_best,1041107,155,236957080.055,15.0864536046,9.02815386798,22.4922371946,31.9206278635,53.488202509,0.378990349733,0.536568482622,0.681758687281,0.123798016229,0.19444329649,8.51070309829,6.6524810965
high_gr_missingness,last_known_tvt,768123,155,209122585.753,16.5000433564,9.67985328304,20.5302978679,27.0732677599,70.2633851373,0.506716250304,0.611349051459,0.729179516198,0.11456941929,0.156251064513,8.58669110865,6.52223702973
high_gr_missingness,e004_geometry_prefix,768123,155,185038487.96,15.5208553258,9.18292539954,20.4309590987,26.2439267405,65.5418961759,0.472191193304,0.581333132291,0.68351603152,0.139895697587,0.176588270893,8.73155328364,6.52223702973
high_gr_missingness,pf_gr_path,768123,155,164697300.297,14.6429255894,9.81515450665,20.7584315822,24.3125595693,53.5501494909,0.378367445063,0.520245678483,0.657055006617,0.144546922628,0.198398070755,8.57511768364,6.52223702973
high_gr_missingness,fixed_50_50_reference,768123,155,168110790.999,14.7938908825,9.25862235112,20.9425634614,23.7759345595,59.5200231213,0.419752130941,0.550721704441,0.659774067517,0.145856335843,0.194369596641,8.62911223332,6.52223702973
high_gr_missingness,nested_rmse_grid,768123,155,167402502.527,14.7626929965,9.34004023204,20.898035259,23.5181790499,58.652699329,0.412488084165,0.546402385354,0.658989716978,0.145818298767,0.195191984255,8.62083486037,6.52223702973
high_gr_missingness,nested_conservative_grid,768123,155,168736922.117,14.8214153098,9.36261569128,20.7830944783,23.6342681242,59.4056725042,0.421685388718,0.551465416438,0.660743868612,0.145607780881,0.193648350506,8.63283677317,6.52223702973
high_gr_missingness,nested_reliability_shrink,768123,155,178672423.258,15.251528797,9.00785456458,20.8070540737,24.7317298257,63.9144176768,0.461934365297,0.574574915684,0.674856764609,0.142263157751,0.18288007764,8.6966249384,6.52223702973
high_gr_missingness,nested_disagreement_cap,768123,155,171599948.968,14.9466268563,9.36261569128,20.1738780155,23.5633890083,61.440265046,0.440658921568,0.56390221943,0.664669908889,0.144912629835,0.190417461276,8.65524679705,6.52223702973
high_gr_missingness,nested_reliability_gate,768123,155,185320438.784,15.5326757105,9.16121180574,20.6674110152,26.2439267405,65.5418961759,0.471652260716,0.582889945545,0.683904887402,0.139775507206,0.176319605392,8.73283321156,6.52223702973
high_gr_missingness,duplicate_conservative,768123,155,168736922.117,14.8214153098,9.36261569128,20.7830944783,23.6342681242,59.4056725042,0.421685388718,0.551465416438,0.660743868612,0.145607780881,0.193648350506,8.63283677317,6.52223702973
high_gr_missingness,shuffled_pf_conservative,768123,155,185038487.96,15.5208553258,9.18292539954,20.4309590987,26.2439267405,65.5418961759,0.472191193304,0.581333132291,0.68351603152,0.139895697587,0.176588270893,8.73155328364,6.52223702973
high_gr_missingness,oracle_rowwise_best,768123,155,130472504.119,13.0329915642,7.75027762261,18.1106970575,20.719278365,53.488202509,0.447603869152,0.573637189381,0.656356505543,0.137931920384,0.205711574073,7.64008477351,5.91117038626
ambiguous_alignment,last_known_tvt,3373488,684,871386260.949,16.0718462556,10.6203750297,23.2050063337,29.7737426226,70.6393746197,0.404973860127,0.538348825915,0.68302131357,0.142745612176,0.174233074254,9.04858769911,6.70858719757
ambiguous_alignment,e004_geometry_prefix,3373488,684,827763704.157,15.6643942419,10.1176163677,22.7190177584,29.3913710039,68.8470020296,0.395530795318,0.534782232072,0.663011177897,0.153573789111,0.183415032992,9.09329651284,6.70858719757
ambiguous_alignment,pf_gr_path,3373488,684,764127060.864,15.0502323666,10.3251928497,21.6580434554,28.1698075518,60.3653789078,0.350524241212,0.489982780708,0.647961010968,0.153349118089,0.198689870944,8.92973534743,6.70858719757
ambiguous_alignment,fixed_50_50_reference,3373488,684,761416534.575,15.0235154151,9.72838949031,21.8018866513,28.3865785044,64.6019154916,0.379748744991,0.521215259449,0.642584894368,0.158017929168,0.199397176465,8.98168911431,6.70858719757
ambiguous_alignment,nested_rmse_grid,3373488,684,759035365.703,15.0000055897,9.74184958166,21.8368213906,28.2403486332,64.070005997,0.376046868495,0.518013361833,0.64226646163,0.157710833279,0.200022705091,8.97162784125,6.70858719757
ambiguous_alignment,nested_conservative_grid,3373488,684,762632735.669,15.0355090642,9.74463614174,21.8492157298,28.4787291161,64.8699823667,0.380557688714,0.52187189836,0.643074677274,0.157846132958,0.199079189768,8.98269837991,6.70858719757
ambiguous_alignment,nested_reliability_shrink,3373488,684,794005865.561,15.3416570607,9.87091221199,22.5081929917,29.4499351248,67.2976808622,0.392663148265,0.532708298262,0.652647377104,0.156139542876,0.19121308002,9.04185549272,6.70858719757
ambiguous_alignment,nested_disagreement_cap,3373488,684,771555256.028,15.1232082399,9.77108869806,21.8811741345,28.4909371454,65.3155368348,0.38457239869,0.524903541499,0.645811781085,0.15741124679,0.196776972124,9.00038294411,6.70858719757
ambiguous_alignment,nested_reliability_gate,3373488,684,817464736.765,15.5666416855,10.0341464312,22.7232588212,29.4667815031,68.5722936221,0.393638730527,0.534751708848,0.660195064698,0.154079117075,0.185725818227,9.07422973049,6.70858719757
ambiguous_alignment,duplicate_conservative,3373488,684,762632735.669,15.0355090642,9.74463614174,21.8492157298,28.4787291161,64.8699823667,0.380557688714,0.52187189836,0.643074677274,0.157846132958,0.199079189768,8.98269837991,6.70858719757
ambiguous_alignment,shuffled_pf_conservative,3373488,684,827763704.157,15.6643942419,10.1176163677,22.7190177584,29.3913710039,68.8470020296,0.395530795318,0.534782232072,0.663011177897,0.153573789111,0.183415032992,9.09329651284,6.70858719757
ambiguous_alignment,oracle_rowwise_best,3373488,684,603311644.333,13.3730746523,8.12648813284,19.5901382793,25.9692644403,60.3635248735,0.419789911297,0.563093704487,0.636583270745,0.155273842475,0.20814288678,8.06183168449,6.10115496308
