family,candidate_count,rmse,rows,oracle_wins
last_known_tvt,1,15.9098528707,3783989,8
e004_geometry_prefix,1,15.4913063983,3783989,6
align_visible_path,1,19.6484954349,3783989,0
pf_gr_path,1,15.3502040715,3783989,2
trellis_gr_path,1,15.9165018153,3783989,7
e006_nested_fusion,1,14.9331407872,3783989,0
wide64_anchor,1,14.635273315,3783989,6
e006_affine,601,7.04749432715,3783989,0
e006_quadratic,12981,5.84013194561,3783989,8
wide64_quadratic,12981,5.84323443144,3783989,35
pf_quadratic,12981,5.8432695371,3783989,44
trellis_quadratic,12981,6.60495943318,3783989,16
e006_hinge_025,14155,5.96331506369,3783989,200
e006_hinge_050,14499,5.64581480242,3783989,134
e006_hinge_075,14759,5.97042562129,3783989,130
e006_jump_025,11179,6.12213210155,3783989,39
e006_jump_050,11949,6.48023655,3783989,85
e006_jump_075,11179,6.12038834644,3783989,35
dtw_derivative,1,30.433953248,3783989,18
