candidate,eligible,selected,reported,map_wins,outer_cell_wins,mean_map_rmse,rows_scored,wells_scored,sse,rmse,median_well_rmse,p90_well_rmse,p95_well_rmse,max_well_rmse,worst_5pct_sse_share,worst_10pct_sse_share,mean_error_sse_share,linear_trend_sse_share,shape_sse_share,datum_removed_rmse,datum_trend_removed_rmse
last_known_tvt,False,False,False,,,,3783989,773,957816230.749,15.9098528707,10.6651407867,22.9725365671,29.0107644333,70.6393746197,0.389907238479,0.524763097962,0.67747498758,0.145329168282,0.177195844138,9.0354099881,6.69719477012
e006_nested_fusion,False,False,False,,,,3783989,773,843824604.246,14.9331407872,9.75988940513,21.7855500884,28.0004750949,64.8699823667,0.36850611119,0.50920588896,0.638636705687,0.160230197835,0.201133096479,8.97683366276,6.69719477012
bank_oracle,False,False,False,,,,3783989,773,85414965.8938,4.75107682781,4.01212587309,6.55420172768,7.3585835185,13.1061442713,0.196389282508,0.318809439089,0.072474899144,0.0414839618829,0.886041138973,4.57567204019,4.47217713267
ridge_all_f64,True,False,False,1,10,14.9818724781,3783989,773,835171311.069,14.856374929,9.96510450616,21.2663964554,27.5781551399,59.2279142011,0.356718001854,0.494655832096,0.636759460562,0.164650977687,0.198589561751,8.95385396964,6.62050411481
ridge_path_f48,True,False,False,3,13,14.9023467038,3783989,773,829284543.552,14.8039242043,10.051230934,20.8017890754,27.7763681446,67.6786882537,0.360798622178,0.497631383175,0.63410151669,0.163947890101,0.201950593209,8.95482612266,6.65272266895
extra_trees_all,True,False,False,3,14,14.9210806029,3783989,773,836774119.499,14.8706238076,9.88201781285,21.6394633884,26.6696606328,63.5222079727,0.370651754872,0.50715704042,0.64101196762,0.159265001727,0.199723030653,8.9098249678,6.64573869061
random_forest_all,True,False,False,2,12,14.9458262491,3783989,773,839486147.093,14.8947025384,9.89918299237,21.8051950506,27.1014041743,63.4060946205,0.369030350616,0.507390405976,0.641696497603,0.15910437442,0.199199127977,8.91573930027,6.64776334944
hybrid_ridge_trees,True,False,False,5,17,14.8384763285,3783989,773,826636104.75,14.7802660756,9.80512335921,21.0838683091,27.0522004301,65.2699619899,0.371016611298,0.507153369981,0.638604044348,0.161141439068,0.200254516584,8.88533683966,6.6141404427
hybrid_confidence_fallback,True,False,True,5,17,14.838473726,3783989,773,826634625.684,14.7802528528,9.80512335921,21.0838683091,27.0522004301,65.2699619899,0.371017275144,0.507154277412,0.63860534649,0.16114023226,0.200254421251,8.88531288324,6.61413295112
shuffled_target_selector,False,False,False,,,,3783989,773,855369516.446,15.0349487417,10.0644615235,22.2696657242,28.0302362966,63.4850571801,0.358362684277,0.503336175199,0.640298922052,0.160541474814,0.199159603134,9.01722323581,6.70969189215
sign_flipped_target_selector,False,False,False,,,,3783989,773,980097565.114,16.0938415979,11.0548921627,23.397492137,29.8869435666,65.3076503257,0.353339474664,0.491636693907,0.648467077359,0.159734166069,0.191798756572,9.54207278526,7.04827136019
