branch,variant,variant_index,well_id,rows,rmse,core_oracle_rmse,unique_oracle_win,fallback_reason,sampled_observations,minimum_normalizer,wall_seconds
hmm,hmm_gauss_lam005,0,052d64df,2445,8.56213115806,3.21107061311,False,,256,0.909649909214,0.167125663
hmm,hmm_gauss_lam005,0,09ec2ca9,5885,17.9292718274,3.00029441018,False,,256,0.938048569005,0.155961695
hmm,hmm_gauss_lam005,0,109d9d70,4215,10.0642902275,3.51079871707,False,,256,0.924975016347,0.215192453
hmm,hmm_gauss_lam005,0,203721ab,5730,8.33062827606,4.08055549083,False,,256,0.704114306269,0.141547864
hmm,hmm_gauss_lam005,0,27300fd5,5467,13.2156635755,5.6544688184,False,,256,0.90233873856,0.165084638
hmm,hmm_gauss_lam005,0,2fe023be,4221,18.3127681723,3.28229702521,False,,256,0.853839851327,0.161805078
hmm,hmm_gauss_lam005,0,4c3168cf,4334,4.92103884112,3.13681620589,False,,256,0.872224554559,0.150677055
hmm,hmm_gauss_lam005,0,4caa7289,5396,37.9095296729,3.40991237509,False,,256,0.915860949553,0.144973098
hmm,hmm_gauss_lam005,0,5aef5c6c,3121,9.78016839191,4.41212842247,False,,256,0.806383522079,0.128837496
hmm,hmm_gauss_lam005,0,5cb483ac,3852,17.8383484442,3.12215612833,False,,256,0.901097374863,0.171981499
hmm,hmm_gauss_lam005,0,61f27424,6220,3.72281857231,2.81500099947,False,,256,0.967249740776,0.193053629
hmm,hmm_gauss_lam005,0,653612bc,4605,4.18973371917,1.63857554831,False,,256,0.950823009971,0.147659389
hmm,hmm_gauss_lam005,0,6dbe4b60,4648,7.85843033161,5.75640157251,False,,256,0.931582773981,0.158418038
hmm,hmm_gauss_lam005,0,6e6d122c,5632,18.1018065314,5.87120184407,False,,256,0.917393473685,0.141564165
hmm,hmm_gauss_lam005,0,7256229b,5415,7.56168778662,5.77897306096,False,,256,0.919120223253,0.150215757
hmm,hmm_gauss_lam005,0,74b6186b,3405,5.20428544047,1.83415310852,False,,256,0.930120787359,0.156228526
hmm,hmm_gauss_lam005,0,78a4a386,5119,6.77961343315,5.48833710449,False,,256,0.897600037245,0.118548107
hmm,hmm_gauss_lam005,0,7cd4bb31,6439,6.1627202193,4.2871638215,False,,256,0.64031050546,0.139643544
hmm,hmm_gauss_lam005,0,81fc01c6,5909,10.4831715852,6.84076181462,False,,256,0.936763095202,0.164066001
hmm,hmm_gauss_lam005,0,82aab6d2,6140,6.03990221555,4.56804769327,False,,256,0.970458738488,0.168904472
hmm,hmm_gauss_lam005,0,8648abae,4244,8.03244917774,3.22021544937,False,,256,0.906901062146,0.223255286
hmm,hmm_gauss_lam005,0,91abc4c7,5848,8.39664246785,5.6359216275,False,,256,0.896384190423,0.130646316
hmm,hmm_gauss_lam005,0,91b301ce,6570,35.0793999956,8.12649402118,False,,256,0.846258814423,0.145287383
hmm,hmm_gauss_lam005,0,93209a3d,4697,15.6551079751,5.67432002583,False,,256,0.833556836595,0.144470693
hmm,hmm_gauss_lam005,0,940e709a,3348,12.7802587346,2.85416324204,False,,256,0.939391739086,0.150088047
hmm,hmm_gauss_lam005,0,94d813a4,4847,13.732784091,5.52425202164,False,,256,0.915614774778,0.163006182
hmm,hmm_gauss_lam005,0,98bc6f66,6063,14.6092934827,3.39233129186,False,,256,0.907041840906,0.16136608
hmm,hmm_gauss_lam005,0,9b9e3b49,5118,9.71781440735,4.63359408683,False,,256,0.913760987881,0.165608954
hmm,hmm_gauss_lam005,0,9d072e4c,5107,9.32739959012,5.13607125377,False,,256,0.85912893824,0.179793928
hmm,hmm_gauss_lam005,0,a6f967fb,4670,18.9218482365,2.89144196818,False,,256,0.90875958192,0.186785713
hmm,hmm_gauss_lam005,0,af7a59ce,3024,3.11971789251,2.78922861027,False,,256,0.903683848409,0.130416761
hmm,hmm_gauss_lam005,0,b7fea9ef,3866,8.2686606911,2.99493344769,False,,256,0.910221239387,0.161507804
hmm,hmm_gauss_lam005,0,ba48188d,4166,47.85477572,2.92414040596,False,,256,0.803117789377,0.137683845
hmm,hmm_gauss_lam005,0,bd2c2f34,9823,22.945716048,4.50797701091,False,,256,0.914640263675,0.150482711
hmm,hmm_gauss_lam005,0,c03b9305,4255,22.1399593381,4.15950966548,False,,256,0.843515340445,0.15662921
hmm,hmm_gauss_lam005,0,cd7f1687,4232,7.1181388402,3.4047081454,False,,256,0.881780301911,0.159280182
hmm,hmm_gauss_lam005,0,cda7eb37,5973,19.1665814248,4.9954538038,False,,256,0.887306192181,0.155846821
hmm,hmm_gauss_lam005,0,d543916f,4799,8.84966427704,4.3752458239,False,,256,0.782726084165,0.143437127
hmm,hmm_gauss_lam005,0,d63196fe,4510,5.75601666461,3.62926785215,False,,256,0.886018465504,0.149724584
hmm,hmm_gauss_lam005,0,d90aa14c,10018,10.4281625601,6.94069110417,False,,256,0.890567697982,0.127790859
hmm,hmm_gauss_lam005,0,d924e971,3184,31.4615238966,3.66516814018,False,,256,0.797176535983,0.234536752
hmm,hmm_gauss_lam005,0,e03b45fd,5342,55.2071194809,12.6762959819,False,,256,0.734147174393,0.163927755
hmm,hmm_gauss_lam005,0,e45a2a62,5007,27.825295561,6.14486163442,False,,256,0.87920614011,0.149528213
hmm,hmm_gauss_lam005,0,eabc711b,5348,12.5328142283,5.84372718327,False,,256,0.863689349609,0.170431686
hmm,hmm_gauss_lam005,0,ee4aecac,5265,4.94942993299,3.5644617771,False,,256,0.895644719305,0.135739466
hmm,hmm_gauss_lam005,0,f0188a48,4170,5.83147351593,4.11800335997,False,,256,0.577631493612,0.163804858
hmm,hmm_gauss_lam005,0,f07d7037,5563,8.36566348234,2.74682544639,False,,256,0.960655881187,0.162608382
hmm,hmm_gauss_lam005,0,fef8af96,3826,25.7062326288,4.56565191036,False,,256,0.842725777629,0.140430054
hmm,hmm_gauss_lam015,1,052d64df,2445,8.89882269768,3.21107061311,False,,256,0.722384395025,0.166605572
hmm,hmm_gauss_lam015,1,09ec2ca9,5885,8.99180060387,3.00029441018,False,,256,0.856070428668,0.154474984
hmm,hmm_gauss_lam015,1,109d9d70,4215,9.56675414871,3.51079871707,False,,256,0.793246074276,0.193030285
hmm,hmm_gauss_lam015,1,203721ab,5730,8.29098339431,4.08055549083,False,,256,0.321812266758,0.14904255
hmm,hmm_gauss_lam015,1,27300fd5,5467,13.0523620295,5.6544688184,False,,256,0.739770243746,0.175988041
hmm,hmm_gauss_lam015,1,2fe023be,4221,13.4853576909,3.28229702521,False,,256,0.632605601652,0.165621653
hmm,hmm_gauss_lam015,1,4c3168cf,4334,4.96133358,3.13681620589,False,,256,0.666333805029,0.157717882
hmm,hmm_gauss_lam015,1,4caa7289,5396,24.5841221673,3.40991237509,False,,256,0.767957300931,0.152164817
hmm,hmm_gauss_lam015,1,5aef5c6c,3121,9.63830495765,4.41212842247,False,,256,0.510714628433,0.127666176
hmm,hmm_gauss_lam015,1,5cb483ac,3852,11.0085454354,3.12215612833,False,,256,0.755602255951,0.192680431
hmm,hmm_gauss_lam015,1,61f27424,6220,3.71749024461,2.81500099947,False,,256,0.911067949346,0.201739113
hmm,hmm_gauss_lam015,1,653612bc,4605,2.61666514164,1.63857554831,False,,256,0.866412653601,0.154777997
hmm,hmm_gauss_lam015,1,6dbe4b60,4648,6.68732266621,5.75640157251,False,,256,0.812519899097,0.16713561
hmm,hmm_gauss_lam015,1,6e6d122c,5632,9.31164707374,5.87120184407,False,,256,0.787978374602,0.137333711
hmm,hmm_gauss_lam015,1,7256229b,5415,6.21569019381,5.77897306096,False,,256,0.814608531383,0.152898191
hmm,hmm_gauss_lam015,1,74b6186b,3405,6.14267409204,1.83415310852,False,,256,0.821516779329,0.168970315
hmm,hmm_gauss_lam015,1,78a4a386,5119,8.22172188702,5.48833710449,False,,256,0.742216006264,0.130896023
hmm,hmm_gauss_lam015,1,7cd4bb31,6439,6.55873234773,4.2871638215,False,,256,0.287551426138,0.146254793
hmm,hmm_gauss_lam015,1,81fc01c6,5909,13.8051054488,6.84076181462,False,,256,0.814880022581,0.167021861
hmm,hmm_gauss_lam015,1,82aab6d2,6140,6.74068855596,4.56804769327,False,,256,0.936609336601,0.173921262
hmm,hmm_gauss_lam015,1,8648abae,4244,9.22316770055,3.22021544937,False,,256,0.746117665167,0.235174087
hmm,hmm_gauss_lam015,1,91abc4c7,5848,8.86237040885,5.6359216275,False,,256,0.725001100012,0.128943572
hmm,hmm_gauss_lam015,1,91b301ce,6570,35.9439672268,8.12649402118,False,,256,0.627780316326,0.152341459
hmm,hmm_gauss_lam015,1,93209a3d,4697,15.779900683,5.67432002583,False,,256,0.610615542312,0.152100785
hmm,hmm_gauss_lam015,1,940e709a,3348,9.96353468573,2.85416324204,False,,256,0.82443839243,0.148955087
hmm,hmm_gauss_lam015,1,94d813a4,4847,17.304679761,5.52425202164,False,,256,0.732879683075,0.163532039
hmm,hmm_gauss_lam015,1,98bc6f66,6063,14.2510024335,3.39233129186,False,,256,0.730018305573,0.16333639
hmm,hmm_gauss_lam015,1,9b9e3b49,5118,7.94219113235,4.63359408683,False,,256,0.780248278786,0.167363479
hmm,hmm_gauss_lam015,1,9d072e4c,5107,9.8759697167,5.13607125377,False,,256,0.598714520285,0.189026011
hmm,hmm_gauss_lam015,1,a6f967fb,4670,26.2334080359,2.89144196818,False,,256,0.763242254766,0.191131268
hmm,hmm_gauss_lam015,1,af7a59ce,3024,9.62248856057,2.78922861027,False,,256,0.659640976321,0.139200413
hmm,hmm_gauss_lam015,1,b7fea9ef,3866,7.42427396728,2.99493344769,False,,256,0.746186871894,0.157835337
hmm,hmm_gauss_lam015,1,ba48188d,4166,48.5227501245,2.92414040596,False,,256,0.522350316681,0.140043455
hmm,hmm_gauss_lam015,1,bd2c2f34,9823,6.47963148903,4.50797701091,False,,256,0.789789292282,0.156459824
hmm,hmm_gauss_lam015,1,c03b9305,4255,22.6314877255,4.15950966548,False,,256,0.669965021338,0.159503322
hmm,hmm_gauss_lam015,1,cd7f1687,4232,9.20387292645,3.4047081454,False,,256,0.706299392456,0.169631587
hmm,hmm_gauss_lam015,1,cda7eb37,5973,12.7668852715,4.9954538038,False,,256,0.685615775241,0.158031562
hmm,hmm_gauss_lam015,1,d543916f,4799,9.41686205579,4.3752458239,False,,256,0.482139748794,0.142869928
hmm,hmm_gauss_lam015,1,d63196fe,4510,17.0000217708,3.62926785215,False,,256,0.701103142638,0.143951457
hmm,hmm_gauss_lam015,1,d90aa14c,10018,10.2219155714,6.94069110417,False,,256,0.727684602612,0.133622476
hmm,hmm_gauss_lam015,1,d924e971,3184,27.8681530489,3.66516814018,False,,256,0.505409894799,0.239652642
hmm,hmm_gauss_lam015,1,e03b45fd,5342,61.1936204919,12.6762959819,False,,256,0.268483949226,0.166036602
hmm,hmm_gauss_lam015,1,e45a2a62,5007,26.5499511005,6.14486163442,False,,256,0.69574475384,0.148873362
hmm,hmm_gauss_lam015,1,eabc711b,5348,12.5871758627,5.84372718327,False,,256,0.644433923519,0.173835228
hmm,hmm_gauss_lam015,1,ee4aecac,5265,5.20537040052,3.5644617771,False,,256,0.767832187269,0.136796279
hmm,hmm_gauss_lam015,1,f0188a48,4170,5.8186057165,4.11800335997,False,,256,0.3081937271,0.165743771
hmm,hmm_gauss_lam015,1,f07d7037,5563,5.71931816725,2.74682544639,False,,256,0.896652873542,0.174347221
hmm,hmm_gauss_lam015,1,fef8af96,3826,37.4006190291,4.56565191036,False,,256,0.593750456458,0.145091552
hmm,hmm_student_lam010,2,052d64df,2445,6.5717775916,3.21107061311,False,,256,0.866014886557,0.359935079
hmm,hmm_student_lam010,2,09ec2ca9,5885,8.12977577447,3.00029441018,False,,256,0.902858921665,0.347211111
hmm,hmm_student_lam010,2,109d9d70,4215,12.3825534135,3.51079871707,False,,256,0.861236056282,0.386945214
hmm,hmm_student_lam010,2,203721ab,5730,7.98799520389,4.08055549083,False,,256,0.695278066438,0.33573979
hmm,hmm_student_lam010,2,27300fd5,5467,13.7743020776,5.6544688184,False,,256,0.843408494015,0.351411025
hmm,hmm_student_lam010,2,2fe023be,4221,17.4305711925,3.28229702521,False,,256,0.779736630339,0.373521045
hmm,hmm_student_lam010,2,4c3168cf,4334,4.9301578995,3.13681620589,False,,256,0.814794064429,0.361630934
hmm,hmm_student_lam010,2,4caa7289,5396,18.3230580563,3.40991237509,False,,256,0.848466621429,0.349663154
hmm,hmm_student_lam010,2,5aef5c6c,3121,9.47918947355,4.41212842247,False,,256,0.769957592474,0.329943565
hmm,hmm_student_lam010,2,5cb483ac,3852,11.4514518357,3.12215612833,False,,256,0.849525802012,0.385960411
hmm,hmm_student_lam010,2,61f27424,6220,3.48426885102,2.81500099947,False,,256,0.940981446879,0.377037653
hmm,hmm_student_lam010,2,653612bc,4605,4.55035361448,1.63857554831,False,,256,0.913175263003,0.32887553
hmm,hmm_student_lam010,2,6dbe4b60,4648,7.15072571233,5.75640157251,False,,256,0.88572395985,0.357600328
hmm,hmm_student_lam010,2,6e6d122c,5632,18.7838722121,5.87120184407,False,,256,0.860791300564,0.347476582
hmm,hmm_student_lam010,2,7256229b,5415,6.21142593642,5.77897306096,False,,256,0.872219386585,0.37229229
hmm,hmm_student_lam010,2,74b6186b,3405,6.57256378885,1.83415310852,False,,256,0.872276195646,0.354576177
hmm,hmm_student_lam010,2,78a4a386,5119,8.25615709523,5.48833710449,False,,256,0.842118608574,0.339243
hmm,hmm_student_lam010,2,7cd4bb31,6439,6.15022326836,4.2871638215,False,,256,0.660537580669,0.329119304
hmm,hmm_student_lam010,2,81fc01c6,5909,16.1310530303,6.84076181462,False,,256,0.883269438502,0.376420859
hmm,hmm_student_lam010,2,82aab6d2,6140,6.83488101705,4.56804769327,False,,256,0.94616943143,0.372952802
hmm,hmm_student_lam010,2,8648abae,4244,8.75327647204,3.22021544937,False,,256,0.855093522138,0.440851363
hmm,hmm_student_lam010,2,91abc4c7,5848,8.46677906648,5.6359216275,False,,256,0.845033982012,0.346763263
hmm,hmm_student_lam010,2,91b301ce,6570,36.1985741819,8.12649402118,False,,256,0.794098870382,0.358723103
hmm,hmm_student_lam010,2,93209a3d,4697,15.18411143,5.67432002583,False,,256,0.788325473533,0.351596776
hmm,hmm_student_lam010,2,940e709a,3348,11.8708222619,2.85416324204,False,,256,0.897041024083,0.366929228
hmm,hmm_student_lam010,2,94d813a4,4847,22.9364556188,5.52425202164,False,,256,0.875495838935,0.352726734
hmm,hmm_student_lam010,2,98bc6f66,6063,16.1573403406,3.39233129186,False,,256,0.857556606676,0.342624485
hmm,hmm_student_lam010,2,9b9e3b49,5118,15.240567369,4.63359408683,False,,256,0.850289138058,0.34862089
hmm,hmm_student_lam010,2,9d072e4c,5107,9.6338411105,5.13607125377,False,,256,0.807408270906,0.380687758
hmm,hmm_student_lam010,2,a6f967fb,4670,6.85420650052,2.89144196818,False,,256,0.859236991268,0.369869224
hmm,hmm_student_lam010,2,af7a59ce,3024,7.36107337242,2.78922861027,False,,256,0.807225213741,0.332602094
hmm,hmm_student_lam010,2,b7fea9ef,3866,9.26576813898,2.99493344769,False,,256,0.849053794609,0.368607677
hmm,hmm_student_lam010,2,ba48188d,4166,31.0832863593,2.92414040596,False,,256,0.77346616315,0.334292407
hmm,hmm_student_lam010,2,bd2c2f34,9823,7.38869869294,4.50797701091,False,,256,0.872982577632,0.36272979
hmm,hmm_student_lam010,2,c03b9305,4255,24.3684288795,4.15950966548,False,,256,0.801553823831,0.350147516
hmm,hmm_student_lam010,2,cd7f1687,4232,7.52778478094,3.4047081454,False,,256,0.830950434554,0.346033456
hmm,hmm_student_lam010,2,cda7eb37,5973,19.7777438191,4.9954538038,False,,256,0.827110166277,0.358349509
hmm,hmm_student_lam010,2,d543916f,4799,10.7391770931,4.3752458239,False,,256,0.741242086526,0.33516959
hmm,hmm_student_lam010,2,d63196fe,4510,8.80994210253,3.62926785215,False,,256,0.833833920045,0.342591121
hmm,hmm_student_lam010,2,d90aa14c,10018,11.8548952576,6.94069110417,False,,256,0.832261681301,0.349476766
hmm,hmm_student_lam010,2,d924e971,3184,32.8389492817,3.66516814018,False,,256,0.752272630688,0.451330118
hmm,hmm_student_lam010,2,e03b45fd,5342,51.1357717582,12.6762959819,False,,256,0.689433725557,0.365640464
hmm,hmm_student_lam010,2,e45a2a62,5007,31.8027655439,6.14486163442,False,,256,0.828062134071,0.363080089
hmm,hmm_student_lam010,2,eabc711b,5348,11.2174543471,5.84372718327,False,,256,0.810697398526,0.37878222
hmm,hmm_student_lam010,2,ee4aecac,5265,4.09728961806,3.5644617771,False,,256,0.857407465959,0.309346303
hmm,hmm_student_lam010,2,f0188a48,4170,6.79884612982,4.11800335997,False,,256,0.615863778435,0.339493002
hmm,hmm_student_lam010,2,f07d7037,5563,4.46729746471,2.74682544639,False,,256,0.927177989321,0.352455698
hmm,hmm_student_lam010,2,fef8af96,3826,38.5112186206,4.56565191036,False,,256,0.794533265215,0.317257631
hmm,hmm_tail_centered,3,052d64df,2445,9.56287537019,3.21107061311,False,,256,0.928834375211,0.221378557
hmm,hmm_tail_centered,3,09ec2ca9,5885,18.849813229,3.00029441018,False,,256,0.946258591202,0.193319139
hmm,hmm_tail_centered,3,109d9d70,4215,13.9803035154,3.51079871707,False,,256,0.93185335703,0.224411229
hmm,hmm_tail_centered,3,203721ab,5730,8.29993094445,4.08055549083,False,,256,0.825711355969,0.177748456
hmm,hmm_tail_centered,3,27300fd5,5467,13.4972644907,5.6544688184,False,,256,0.91877650112,0.20187922
hmm,hmm_tail_centered,3,2fe023be,4221,18.5357201325,3.28229702521,False,,256,0.887962386339,0.197314525
hmm,hmm_tail_centered,3,4c3168cf,4334,14.3412459803,3.13681620589,False,,256,0.897318293804,0.181706195
hmm,hmm_tail_centered,3,4caa7289,5396,39.9449444475,3.40991237509,False,,256,0.921278506018,0.164838749
hmm,hmm_tail_centered,3,5aef5c6c,3121,9.66076956125,4.41212842247,False,,256,0.868807003619,0.14679315
hmm,hmm_tail_centered,3,5cb483ac,3852,12.3569216112,3.12215612833,False,,256,0.920037219814,0.212021967
hmm,hmm_tail_centered,3,61f27424,6220,4.19429407747,2.81500099947,False,,256,0.966553579744,0.213981529
hmm,hmm_tail_centered,3,653612bc,4605,21.8124907987,1.63857554831,False,,256,0.934929542666,0.164096332
hmm,hmm_tail_centered,3,6dbe4b60,4648,59.8728923171,5.75640157251,False,,256,0.936957608264,0.175198759
hmm,hmm_tail_centered,3,6e6d122c,5632,47.1011050828,5.87120184407,False,,256,0.925789581996,0.169975425
hmm,hmm_tail_centered,3,7256229b,5415,7.09409382831,5.77897306096,False,,256,0.924810469045,0.175871679
hmm,hmm_tail_centered,3,74b6186b,3405,10.4231860064,1.83415310852,False,,256,0.922690749455,0.186951227
hmm,hmm_tail_centered,3,78a4a386,5119,9.06495008889,5.48833710449,False,,256,0.926714480431,0.150647695
hmm,hmm_tail_centered,3,7cd4bb31,6439,10.8432694795,4.2871638215,False,,256,0.81731997456,0.196124602
hmm,hmm_tail_centered,3,81fc01c6,5909,17.809063506,6.84076181462,False,,256,0.934770187361,0.185860855
hmm,hmm_tail_centered,3,82aab6d2,6140,6.17125038596,4.56804769327,False,,256,0.891075948888,0.195402524
hmm,hmm_tail_centered,3,8648abae,4244,10.2730594447,3.22021544937,False,,256,0.91742270545,0.252163388
hmm,hmm_tail_centered,3,91abc4c7,5848,13.2103888216,5.6359216275,False,,256,0.862808899979,0.15736959
hmm,hmm_tail_centered,3,91b301ce,6570,36.3210799311,8.12649402118,False,,256,0.883599870024,0.170020857
hmm,hmm_tail_centered,3,93209a3d,4697,7.28627240921,5.67432002583,False,,256,0.894280302126,0.170120592
hmm,hmm_tail_centered,3,940e709a,3348,96.1025572934,2.85416324204,False,,256,0.911647379724,0.172299758
hmm,hmm_tail_centered,3,94d813a4,4847,17.7007983236,5.52425202164,False,,256,0.924757606545,0.186488682
hmm,hmm_tail_centered,3,98bc6f66,6063,19.2424806898,3.39233129186,False,,256,0.927211112793,0.189593469
hmm,hmm_tail_centered,3,9b9e3b49,5118,82.3549898269,4.63359408683,False,,256,0.921663784733,0.183867381
hmm,hmm_tail_centered,3,9d072e4c,5107,14.7004024634,5.13607125377,False,,256,0.870915652763,0.211736564
hmm,hmm_tail_centered,3,a6f967fb,4670,19.7350656856,2.89144196818,False,,256,0.91713230998,0.206448892
hmm,hmm_tail_centered,3,af7a59ce,3024,4.53493253023,2.78922861027,False,,256,0.90667740623,0.155554666
hmm,hmm_tail_centered,3,b7fea9ef,3866,5.47183257865,2.99493344769,False,,256,0.915582732732,0.175064992
hmm,hmm_tail_centered,3,ba48188d,4166,32.3011513735,2.92414040596,False,,256,0.882690656983,0.158699906
hmm,hmm_tail_centered,3,bd2c2f34,9823,33.7165395631,4.50797701091,False,,256,0.904311345476,0.183173391
hmm,hmm_tail_centered,3,c03b9305,4255,41.8675438788,4.15950966548,False,,256,0.882097050321,0.179450299
hmm,hmm_tail_centered,3,cd7f1687,4232,10.8411613391,3.4047081454,False,,256,0.906228621666,0.182868011
hmm,hmm_tail_centered,3,cda7eb37,5973,21.5063153491,4.9954538038,False,,256,0.924389973057,0.174427728
hmm,hmm_tail_centered,3,d543916f,4799,6.43348652337,4.3752458239,False,,256,0.868626459103,0.16991788
hmm,hmm_tail_centered,3,d63196fe,4510,5.484150454,3.62926785215,False,,256,0.9119985818,0.170134016
hmm,hmm_tail_centered,3,d90aa14c,10018,28.6412228339,6.94069110417,False,,256,0.880971125653,0.149794724
hmm,hmm_tail_centered,3,d924e971,3184,12.1458771977,3.66516814018,False,,256,0.877220221163,0.26510033
hmm,hmm_tail_centered,3,e03b45fd,5342,15.8824983647,12.6762959819,False,,256,0.833186527007,0.182311315
hmm,hmm_tail_centered,3,e45a2a62,5007,73.4221153948,6.14486163442,False,,256,0.906760792496,0.168906706
hmm,hmm_tail_centered,3,eabc711b,5348,11.1248498772,5.84372718327,False,,256,0.88756462965,0.184295403
hmm,hmm_tail_centered,3,ee4aecac,5265,7.51580695558,3.5644617771,False,,256,0.926811267725,0.155600454
hmm,hmm_tail_centered,3,f0188a48,4170,9.40564369252,4.11800335997,False,,256,0.751496215324,0.18652288
hmm,hmm_tail_centered,3,f07d7037,5563,14.6528106864,2.74682544639,False,,256,0.957795357767,0.189321139
hmm,hmm_tail_centered,3,fef8af96,3826,47.2169308817,4.56565191036,False,,256,0.90089782991,0.164823332
dtw,dtw_raw_tight,0,052d64df,2445,36.1590500639,3.21107061311,False,,384,23.5394085364,0.301771777
dtw,dtw_raw_tight,0,09ec2ca9,5885,5.25628430881,3.00029441018,False,,384,21.0897316198,0.279429937
dtw,dtw_raw_tight,0,109d9d70,4215,35.6755097095,3.51079871707,False,,384,38.6886900621,0.327417503
dtw,dtw_raw_tight,0,203721ab,5730,34.1670212144,4.08055549083,False,,384,50.3082117192,0.293907309
dtw,dtw_raw_tight,0,27300fd5,5467,12.7066078491,5.6544688184,False,,384,17.7434862888,0.315286767
dtw,dtw_raw_tight,0,2fe023be,4221,18.6906634934,3.28229702521,False,,384,30.9786230468,0.309657169
dtw,dtw_raw_tight,0,4c3168cf,4334,21.8623218455,3.13681620589,False,,384,37.5559029169,0.296282293
dtw,dtw_raw_tight,0,4caa7289,5396,46.0459863493,3.40991237509,False,,384,34.4276892718,0.269644903
dtw,dtw_raw_tight,0,5aef5c6c,3121,16.9783935213,4.41212842247,False,,384,38.0360248636,0.256640163
dtw,dtw_raw_tight,0,5cb483ac,3852,32.1320662381,3.12215612833,False,,384,32.4210959627,0.332687018
dtw,dtw_raw_tight,0,61f27424,6220,8.00321795858,2.81500099947,False,,384,13.1408347801,0.33896735
dtw,dtw_raw_tight,0,653612bc,4605,27.4232495961,1.63857554831,False,,384,17.8298167931,0.277947586
dtw,dtw_raw_tight,0,6dbe4b60,4648,23.9987810896,5.75640157251,False,,384,27.9436920287,0.300702435
dtw,dtw_raw_tight,0,6e6d122c,5632,15.5751710086,5.87120184407,False,,384,29.0939060881,0.271404527
dtw,dtw_raw_tight,0,7256229b,5415,20.6563275798,5.77897306096,False,,384,22.7388899465,0.289820888
dtw,dtw_raw_tight,0,74b6186b,3405,6.93601565592,1.83415310852,False,,384,27.3966395423,0.302277628
dtw,dtw_raw_tight,0,78a4a386,5119,20.8611715082,5.48833710449,False,,384,36.9709906492,0.238689903
dtw,dtw_raw_tight,0,7cd4bb31,6439,14.819285585,4.2871638215,False,,384,50.7960589155,0.269958036
dtw,dtw_raw_tight,0,81fc01c6,5909,10.8412380398,6.84076181462,False,,384,25.2413618898,0.294358539
dtw,dtw_raw_tight,0,82aab6d2,6140,9.39178944558,4.56804769327,False,,384,14.1897749458,0.307664034
dtw,dtw_raw_tight,0,8648abae,4244,27.6519575067,3.22021544937,False,,384,32.1195720434,0.408312173
dtw,dtw_raw_tight,0,91abc4c7,5848,6.97699784414,5.6359216275,False,,384,32.2684460065,0.258295441
dtw,dtw_raw_tight,0,91b301ce,6570,34.4690398609,8.12649402118,False,,384,45.9028791586,0.289881713
dtw,dtw_raw_tight,0,93209a3d,4697,35.9384165458,5.67432002583,False,,384,35.925013647,0.290046419
dtw,dtw_raw_tight,0,940e709a,3348,19.1625805619,2.85416324204,False,,384,23.9272234638,0.303663135
dtw,dtw_raw_tight,0,94d813a4,4847,34.0851302596,5.52425202164,False,,384,35.0981531062,0.300122106
dtw,dtw_raw_tight,0,98bc6f66,6063,4.56461988491,3.39233129186,False,,384,31.5637358453,0.298344901
dtw,dtw_raw_tight,0,9b9e3b49,5118,20.1688696067,4.63359408683,False,,384,24.6037533721,0.289334925
dtw,dtw_raw_tight,0,9d072e4c,5107,28.558844368,5.13607125377,False,,384,54.975932478,0.324824236
dtw,dtw_raw_tight,0,a6f967fb,4670,14.3850532788,2.89144196818,False,,384,26.2227640553,0.33539202
dtw,dtw_raw_tight,0,af7a59ce,3024,37.9282592926,2.78922861027,False,,384,38.3401634018,0.285360697
dtw,dtw_raw_tight,0,b7fea9ef,3866,7.04934552683,2.99493344769,False,,384,28.8031934834,0.294826585
dtw,dtw_raw_tight,0,ba48188d,4166,24.2981561847,2.92414040596,False,,384,44.2371596762,0.271166726
dtw,dtw_raw_tight,0,bd2c2f34,9823,3.09428182066,4.50797701091,True,,384,29.0166304773,0.30524251
dtw,dtw_raw_tight,0,c03b9305,4255,38.3960157406,4.15950966548,False,,384,55.4558745347,0.311387694
dtw,dtw_raw_tight,0,cd7f1687,4232,35.0175727006,3.4047081454,False,,384,26.0505492131,0.299416275
dtw,dtw_raw_tight,0,cda7eb37,5973,8.6148046764,4.9954538038,False,,384,25.3679929268,0.280060214
dtw,dtw_raw_tight,0,d543916f,4799,26.6165693949,4.3752458239,False,,384,31.7965741819,0.28026777
dtw,dtw_raw_tight,0,d63196fe,4510,44.4284792416,3.62926785215,False,,384,32.6842526541,0.284848273
dtw,dtw_raw_tight,0,d90aa14c,10018,20.9565680706,6.94069110417,False,,384,33.8975326743,0.254386621
dtw,dtw_raw_tight,0,d924e971,3184,16.5574995577,3.66516814018,False,,384,49.8281717437,0.410198601
dtw,dtw_raw_tight,0,e03b45fd,5342,22.8474674618,12.6762959819,False,,384,47.6019841058,0.29810293
dtw,dtw_raw_tight,0,e45a2a62,5007,14.826179747,6.14486163442,False,,384,28.3460795993,0.282053594
dtw,dtw_raw_tight,0,eabc711b,5348,42.168478102,5.84372718327,False,,384,29.1962278415,0.317856261
dtw,dtw_raw_tight,0,ee4aecac,5265,8.47120399655,3.5644617771,False,,384,34.8985482024,0.267548006
dtw,dtw_raw_tight,0,f0188a48,4170,19.3369216913,4.11800335997,False,,384,82.5207399435,0.30246268
dtw,dtw_raw_tight,0,f07d7037,5563,3.78953898858,2.74682544639,False,,384,18.4994654613,0.317533015
dtw,dtw_raw_tight,0,fef8af96,3826,13.5545094941,4.56565191036,False,,384,31.1366673158,0.268941232
dtw,dtw_smooth5,1,052d64df,2445,43.3111656937,3.21107061311,False,,384,16.9102330845,0.379487297
dtw,dtw_smooth5,1,09ec2ca9,5885,5.2692757899,3.00029441018,False,,384,14.9768208329,0.359991675
dtw,dtw_smooth5,1,109d9d70,4215,35.2278673849,3.51079871707,False,,384,30.3883077558,0.397685176
dtw,dtw_smooth5,1,203721ab,5730,32.577558397,4.08055549083,False,,384,38.8373187388,0.344445326
dtw,dtw_smooth5,1,27300fd5,5467,12.0091775172,5.6544688184,False,,384,13.0072911408,0.365782393
dtw,dtw_smooth5,1,2fe023be,4221,19.2523108626,3.28229702521,False,,384,22.312549126,0.360100035
dtw,dtw_smooth5,1,4c3168cf,4334,18.6211820926,3.13681620589,False,,384,27.3099339166,0.370656815
dtw,dtw_smooth5,1,4caa7289,5396,44.4963487059,3.40991237509,False,,384,26.5776933805,0.329058861
dtw,dtw_smooth5,1,5aef5c6c,3121,25.840778217,4.41212842247,False,,384,29.9044044749,0.305736178
dtw,dtw_smooth5,1,5cb483ac,3852,34.3071851676,3.12215612833,False,,384,21.0244964786,0.377737752
dtw,dtw_smooth5,1,61f27424,6220,12.1382723747,2.81500099947,False,,384,9.50538768596,0.405315383
dtw,dtw_smooth5,1,653612bc,4605,28.6295808759,1.63857554831,False,,384,12.0822242081,0.324291765
dtw,dtw_smooth5,1,6dbe4b60,4648,23.4139421742,5.75640157251,False,,384,20.5281229241,0.344838666
dtw,dtw_smooth5,1,6e6d122c,5632,15.00954941,5.87120184407,False,,384,20.1398459945,0.337858099
dtw,dtw_smooth5,1,7256229b,5415,21.7054060347,5.77897306096,False,,384,17.6766767469,0.340909583
dtw,dtw_smooth5,1,74b6186b,3405,7.05004673247,1.83415310852,False,,384,21.8919196113,0.347376857
dtw,dtw_smooth5,1,78a4a386,5119,24.3844709105,5.48833710449,False,,384,22.676902678,0.29754226
dtw,dtw_smooth5,1,7cd4bb31,6439,48.2380934733,4.2871638215,False,,384,36.5971237756,0.32731797
dtw,dtw_smooth5,1,81fc01c6,5909,10.8902242387,6.84076181462,False,,384,19.6909234104,0.357703506
dtw,dtw_smooth5,1,82aab6d2,6140,8.43705541856,4.56804769327,False,,384,10.6886929845,0.356191819
dtw,dtw_smooth5,1,8648abae,4244,28.4596723144,3.22021544937,False,,384,23.3395572733,0.451853957
dtw,dtw_smooth5,1,91abc4c7,5848,5.81678199546,5.6359216275,False,,384,23.6281767892,0.308842919
dtw,dtw_smooth5,1,91b301ce,6570,32.3831184161,8.12649402118,False,,384,36.4793816749,0.329798528
dtw,dtw_smooth5,1,93209a3d,4697,36.8259899628,5.67432002583,False,,384,27.4664226814,0.333445175
dtw,dtw_smooth5,1,940e709a,3348,14.5123071457,2.85416324204,False,,384,18.2177403562,0.338766461
dtw,dtw_smooth5,1,94d813a4,4847,34.3497199075,5.52425202164,False,,384,27.8559226701,0.352139229
dtw,dtw_smooth5,1,98bc6f66,6063,6.55774812984,3.39233129186,False,,384,22.7099377666,0.352617012
dtw,dtw_smooth5,1,9b9e3b49,5118,18.7923580196,4.63359408683,False,,384,18.2568040564,0.352663956
dtw,dtw_smooth5,1,9d072e4c,5107,44.4780552153,5.13607125377,False,,384,40.0064046136,0.390238792
dtw,dtw_smooth5,1,a6f967fb,4670,14.4042539419,2.89144196818,False,,384,22.0423507199,0.412162369
dtw,dtw_smooth5,1,af7a59ce,3024,42.3724859443,2.78922861027,False,,384,29.3231384843,0.324192303
dtw,dtw_smooth5,1,b7fea9ef,3866,9.31042142568,2.99493344769,False,,384,21.3908278777,0.355073945
dtw,dtw_smooth5,1,ba48188d,4166,22.9918140141,2.92414040596,False,,384,32.2073202388,0.337898022
dtw,dtw_smooth5,1,bd2c2f34,9823,35.9321837976,4.50797701091,False,,384,21.5132363832,0.376888329
dtw,dtw_smooth5,1,c03b9305,4255,35.2530460551,4.15950966548,False,,384,36.7126946147,0.377747949
dtw,dtw_smooth5,1,cd7f1687,4232,36.2620330107,3.4047081454,False,,384,19.7735227052,0.361453286
dtw,dtw_smooth5,1,cda7eb37,5973,3.53670506426,4.9954538038,True,,384,18.075156984,0.365682537
dtw,dtw_smooth5,1,d543916f,4799,27.7633845117,4.3752458239,False,,384,24.3731784484,0.338098156
dtw,dtw_smooth5,1,d63196fe,4510,44.854802222,3.62926785215,False,,384,22.723221087,0.337024935
dtw,dtw_smooth5,1,d90aa14c,10018,26.115736474,6.94069110417,False,,384,25.3870544516,0.306745743
dtw,dtw_smooth5,1,d924e971,3184,13.1973207488,3.66516814018,False,,384,23.8277022448,0.458187977
dtw,dtw_smooth5,1,e03b45fd,5342,8.35652270243,12.6762959819,True,,384,37.7752033308,0.352124158
dtw,dtw_smooth5,1,e45a2a62,5007,14.9033007787,6.14486163442,False,,384,22.0211543458,0.349390221
dtw,dtw_smooth5,1,eabc711b,5348,51.5368707774,5.84372718327,False,,384,22.448737028,0.365328699
dtw,dtw_smooth5,1,ee4aecac,5265,9.42201726981,3.5644617771,False,,384,24.681991436,0.315397452
dtw,dtw_smooth5,1,f0188a48,4170,19.2405397985,4.11800335997,False,,384,62.2308930567,0.351643498
dtw,dtw_smooth5,1,f07d7037,5563,3.99121993646,2.74682544639,False,,384,12.9319593688,0.362698071
dtw,dtw_smooth5,1,fef8af96,3826,37.3330420253,4.56565191036,False,,384,23.4498995109,0.321296905
dtw,dtw_derivative,2,052d64df,2445,31.5147178409,3.21107061311,False,,384,19.3580001893,0.364216965
dtw,dtw_derivative,2,09ec2ca9,5885,78.6419090306,3.00029441018,False,,384,nan,0.343588153
dtw,dtw_derivative,2,109d9d70,4215,35.0319092209,3.51079871707,False,,384,44.1872469984,0.404200153
dtw,dtw_derivative,2,203721ab,5730,34.2550598648,4.08055549083,False,,384,65.5171103185,0.355129877
dtw,dtw_derivative,2,27300fd5,5467,11.9877973274,5.6544688184,False,,384,23.3138821667,0.36054757
dtw,dtw_derivative,2,2fe023be,4221,19.2827930935,3.28229702521,False,,384,28.9504602415,0.355548362
dtw,dtw_derivative,2,4c3168cf,4334,18.4187250564,3.13681620589,False,,384,34.3259458362,0.34967013
dtw,dtw_derivative,2,4caa7289,5396,44.9227888592,3.40991237509,False,,384,37.2615819639,0.362242013
dtw,dtw_derivative,2,5aef5c6c,3121,77.0449830745,4.41212842247,False,,384,nan,0.314534461
dtw,dtw_derivative,2,5cb483ac,3852,34.0873192828,3.12215612833,False,,384,32.4199964718,0.378005115
dtw,dtw_derivative,2,61f27424,6220,12.1372201334,2.81500099947,False,,384,13.0764148704,0.386673643
dtw,dtw_derivative,2,653612bc,4605,27.0300781466,1.63857554831,False,,384,14.759395114,0.333560969
dtw,dtw_derivative,2,6dbe4b60,4648,24.2276367063,5.75640157251,False,,384,33.3291164908,0.348271287
dtw,dtw_derivative,2,6e6d122c,5632,15.9297063402,5.87120184407,False,,384,32.7669706389,0.325091422
dtw,dtw_derivative,2,7256229b,5415,23.3875501146,5.77897306096,False,,384,26.9273614401,0.344945628
dtw,dtw_derivative,2,74b6186b,3405,8.61185630194,1.83415310852,False,,384,28.4491839862,0.359724552
dtw,dtw_derivative,2,78a4a386,5119,21.0534473065,5.48833710449,False,,384,35.0154148242,0.299527743
dtw,dtw_derivative,2,7cd4bb31,6439,48.1065183283,4.2871638215,False,,384,55.9090491534,0.330402427
dtw,dtw_derivative,2,81fc01c6,5909,10.9279466639,6.84076181462,False,,384,34.7492851297,0.35532389
dtw,dtw_derivative,2,82aab6d2,6140,7.91112899928,4.56804769327,False,,384,15.7218018967,0.358729298
dtw,dtw_derivative,2,8648abae,4244,29.4923981723,3.22021544937,False,,384,33.3210752166,0.449085535
dtw,dtw_derivative,2,91abc4c7,5848,6.84159356563,5.6359216275,False,,384,33.5003630426,0.329437638
dtw,dtw_derivative,2,91b301ce,6570,33.6538213791,8.12649402118,False,,384,88.6255507787,0.362198585
dtw,dtw_derivative,2,93209a3d,4697,46.967199463,5.67432002583,False,,384,39.6682135447,0.363093191
dtw,dtw_derivative,2,940e709a,3348,14.5894132882,2.85416324204,False,,384,23.2724448489,0.358533026
dtw,dtw_derivative,2,94d813a4,4847,34.3758936667,5.52425202164,False,,384,42.4892116583,0.362525116
dtw,dtw_derivative,2,98bc6f66,6063,6.43134621061,3.39233129186,False,,384,34.8482333944,0.380869331
dtw,dtw_derivative,2,9b9e3b49,5118,18.9507664888,4.63359408683,False,,384,28.2839709535,0.366085317
dtw,dtw_derivative,2,9d072e4c,5107,54.6680106831,5.13607125377,False,,384,55.0508160743,0.395265379
dtw,dtw_derivative,2,a6f967fb,4670,14.4098138933,2.89144196818,False,,384,28.787955357,0.388522331
dtw,dtw_derivative,2,af7a59ce,3024,70.9929303585,2.78922861027,False,,384,nan,0.321189898
dtw,dtw_derivative,2,b7fea9ef,3866,9.16643505352,2.99493344769,False,,384,27.7786230483,0.349485695
dtw,dtw_derivative,2,ba48188d,4166,24.1618062708,2.92414040596,False,,384,47.732559767,0.31949282
dtw,dtw_derivative,2,bd2c2f34,9823,3.46020886897,4.50797701091,True,,384,34.3460893342,0.355971997
dtw,dtw_derivative,2,c03b9305,4255,35.2912893259,4.15950966548,False,,384,58.9123939182,0.362622361
dtw,dtw_derivative,2,cd7f1687,4232,36.0278456594,3.4047081454,False,,384,30.4608019291,0.372843021
dtw,dtw_derivative,2,cda7eb37,5973,2.9857721376,4.9954538038,True,,384,30.388573277,0.351286016
dtw,dtw_derivative,2,d543916f,4799,27.775686872,4.3752458239,False,,384,40.2255712335,0.331371005
dtw,dtw_derivative,2,d63196fe,4510,44.7908403211,3.62926785215,False,,384,35.9340000253,0.344584626
dtw,dtw_derivative,2,d90aa14c,10018,83.1139801119,6.94069110417,False,,384,nan,0.308091197
dtw,dtw_derivative,2,d924e971,3184,15.6719606069,3.66516814018,False,,384,33.0402544915,0.470735398
dtw,dtw_derivative,2,e03b45fd,5342,8.37596673105,12.6762959819,True,,384,74.3390919254,0.361758562
dtw,dtw_derivative,2,e45a2a62,5007,14.5982045048,6.14486163442,False,,384,31.0556664449,0.347562577
dtw,dtw_derivative,2,eabc711b,5348,51.4421594008,5.84372718327,False,,384,37.1073793636,0.372104581
dtw,dtw_derivative,2,ee4aecac,5265,9.89292767657,3.5644617771,False,,384,38.4684097446,0.319727724
dtw,dtw_derivative,2,f0188a48,4170,17.7097037986,4.11800335997,False,,384,117.32466532,0.371299656
dtw,dtw_derivative,2,f07d7037,5563,3.36692353107,2.74682544639,False,,384,16.902097956,0.373009466
dtw,dtw_derivative,2,fef8af96,3826,37.2366476966,4.56565191036,False,,384,37.8058335525,0.343052009
dtw,dtw_multiscale,3,052d64df,2445,18.9543102498,3.21107061311,False,,384,12.6329005067,0.389249724
dtw,dtw_multiscale,3,09ec2ca9,5885,98.960758228,3.00029441018,False,,384,nan,0.371236451
dtw,dtw_multiscale,3,109d9d70,4215,104.316674917,3.51079871707,False,,384,nan,0.401302606
dtw,dtw_multiscale,3,203721ab,5730,36.9118031449,4.08055549083,False,,384,46.9767446156,0.337121674
dtw,dtw_multiscale,3,27300fd5,5467,10.5094735787,5.6544688184,False,,384,17.1391748397,0.366103349
dtw,dtw_multiscale,3,2fe023be,4221,57.6226462569,3.28229702521,False,,384,19.401538587,0.368091764
dtw,dtw_multiscale,3,4c3168cf,4334,5.99355489291,3.13681620589,False,,384,23.4905495583,0.351185151
dtw,dtw_multiscale,3,4caa7289,5396,43.2909624779,3.40991237509,False,,384,30.3731010934,0.330356475
dtw,dtw_multiscale,3,5aef5c6c,3121,97.1701615181,4.41212842247,False,,384,nan,0.305125169
dtw,dtw_multiscale,3,5cb483ac,3852,14.6702359587,3.12215612833,False,,384,21.389385406,0.379832889
dtw,dtw_multiscale,3,61f27424,6220,8.56857385894,2.81500099947,False,,384,8.75102104779,0.392883722
dtw,dtw_multiscale,3,653612bc,4605,27.9563377868,1.63857554831,False,,384,9.86521918623,0.324012065
dtw,dtw_multiscale,3,6dbe4b60,4648,11.7872377995,5.75640157251,False,,384,20.6970820059,0.35396319
dtw,dtw_multiscale,3,6e6d122c,5632,25.1386476764,5.87120184407,False,,384,19.9412878508,0.325860779
dtw,dtw_multiscale,3,7256229b,5415,19.1373343958,5.77897306096,False,,384,19.8242005089,0.3445525
dtw,dtw_multiscale,3,74b6186b,3405,57.5465164285,1.83415310852,False,,384,17.7995787088,0.353701482
dtw,dtw_multiscale,3,78a4a386,5119,15.0367524434,5.48833710449,False,,384,24.2961142591,0.302470803
dtw,dtw_multiscale,3,7cd4bb31,6439,37.1459615112,4.2871638215,False,,384,36.5718220681,0.337530742
dtw,dtw_multiscale,3,81fc01c6,5909,14.7154293684,6.84076181462,False,,384,24.4077147807,0.356518051
dtw,dtw_multiscale,3,82aab6d2,6140,9.10432107411,4.56804769327,False,,384,11.0905637406,0.36259088
dtw,dtw_multiscale,3,8648abae,4244,32.0106115916,3.22021544937,False,,384,26.6447341312,0.452648757
dtw,dtw_multiscale,3,91abc4c7,5848,53.4104368866,5.6359216275,False,,384,22.5671854919,0.314425101
dtw,dtw_multiscale,3,91b301ce,6570,31.1737072938,8.12649402118,False,,384,56.9239275712,0.351083678
dtw,dtw_multiscale,3,93209a3d,4697,35.2223346019,5.67432002583,False,,384,25.0105657484,0.351870447
dtw,dtw_multiscale,3,940e709a,3348,22.3058786735,2.85416324204,False,,384,16.2692285789,0.348649025
dtw,dtw_multiscale,3,94d813a4,4847,26.2346950016,5.52425202164,False,,384,27.3315206396,0.355285324
dtw,dtw_multiscale,3,98bc6f66,6063,52.2785111626,3.39233129186,False,,384,23.4806123476,0.35297098
dtw,dtw_multiscale,3,9b9e3b49,5118,8.18954978264,4.63359408683,False,,384,18.6490616063,0.355282751
dtw,dtw_multiscale,3,9d072e4c,5107,40.8224141898,5.13607125377,False,,384,33.4658854795,0.391328897
dtw,dtw_multiscale,3,a6f967fb,4670,74.3909506987,2.89144196818,False,,384,20.9851571295,0.392559298
dtw,dtw_multiscale,3,af7a59ce,3024,91.2237605008,2.78922861027,False,,384,nan,0.320647617
dtw,dtw_multiscale,3,b7fea9ef,3866,15.4384742812,2.99493344769,False,,384,20.9577148584,0.352818105
dtw,dtw_multiscale,3,ba48188d,4166,65.1280001684,2.92414040596,False,,384,nan,0.321366518
dtw,dtw_multiscale,3,bd2c2f34,9823,33.9838052537,4.50797701091,False,,384,24.5775652436,0.354073893
dtw,dtw_multiscale,3,c03b9305,4255,114.588377926,4.15950966548,False,,384,nan,0.360196422
dtw,dtw_multiscale,3,cd7f1687,4232,14.3799503705,3.4047081454,False,,384,20.4875927108,0.359713467
dtw,dtw_multiscale,3,cda7eb37,5973,18.8585200363,4.9954538038,False,,384,20.4158790753,0.348824844
dtw,dtw_multiscale,3,d543916f,4799,21.5306252674,4.3752458239,False,,384,23.9316129627,0.342977003
dtw,dtw_multiscale,3,d63196fe,4510,44.5835918683,3.62926785215,False,,384,22.6736740829,0.346665568
dtw,dtw_multiscale,3,d90aa14c,10018,103.024416587,6.94069110417,False,,384,nan,0.312611673
dtw,dtw_multiscale,3,d924e971,3184,16.1163407934,3.66516814018,False,,384,24.4084289326,0.468055423
dtw,dtw_multiscale,3,e03b45fd,5342,12.3755906025,12.6762959819,True,,384,51.888947155,0.367845603
dtw,dtw_multiscale,3,e45a2a62,5007,22.5442131122,6.14486163442,False,,384,22.6874858462,0.349938983
dtw,dtw_multiscale,3,eabc711b,5348,49.4725523633,5.84372718327,False,,384,29.116077723,0.373307061
dtw,dtw_multiscale,3,ee4aecac,5265,17.10598518,3.5644617771,False,,384,26.0011847847,0.326242095
dtw,dtw_multiscale,3,f0188a48,4170,29.014898328,4.11800335997,False,,384,74.0857607262,0.379945329
dtw,dtw_multiscale,3,f07d7037,5563,14.5624035856,2.74682544639,False,,384,10.0638445646,0.376700101
dtw,dtw_multiscale,3,fef8af96,3826,26.594701385,4.56565191036,False,,384,25.5613860243,0.328593291
